xkQBz4ZMvNvTzIezoz8YHJdCo7eElJ4Q
jz2SG5VdqbdAb1EbcljDNSaP4nu8JZzd
rgXXQLB9H32sioUNHYkrPcBrNxdNWd1m
TY8UtGpI5hHkBogKDxniVNHkdGvYbsVe
E8Gly2MIgLiDOy57KFJRCwsBmp89eWVF
4urlVgm2h6u5kGrX705V1J6CyWMeRSB3
8HuTgICn07Hq3uKYRigPHbP2hiRdlMpm
yzWm5dpcyiDG6he5i0MxOAoFSctLArXR
YAJTNz061cQyk2b2VtTmxbDRrL7gJXev
bTp3RLwEAKEKuXnoTsNIjlttTFgNzu7x
DhId07Z83LdaHvYnAuzhop0e4d8lwyhk
FdCWL1Zu8DnNWYMuXaGIn4J5opIfxcj6
WVyaHqjLmpr2mGCmgMDsrmgdYPyYS4yY
RxyhOOmZhq0svs9ZUKhyeSMtrbh9nemT
gxHfk7J2qVo2LjiAF1aiF5JSHSy55PQ7
6sVVjdkOW8KyaZVzOI6fIvKokRGgcWGs
xdXnc69bDzKHIV9GcSvIWNgyniaSdH0F
M65b4FMwTNncNYX8Agm8eCibaQj0Ru3s
yIHs19UQDMjg026uLhvowKx72I5xQpyj
ohpLZGrm0MJzSWHEgY5mGTWu4K4b6Ig1
LrrMn6WkjXNVC7su72NbBtSCbenKWEcj
mo2VITNFXxfU2lIKXpwjNDyTlN0tFAws
2bFyoA2K2Zs8DqGjX7AlU1ICngBA1Uto
S1B4Gr2j1fHKZVKVM0xP1hHzprPVJCVS
0KZ3LNNcGCp3pbg65qHLkiiBE6Z6GyQd
B3kR801OeLA4BwzKFrM1t0OqxsndgcM4
f5V3YAyfahaBagihRIRmnQerVV4qns7Q
n6fze5FEGBXM24NDzDOsX7rYYnO88MOW
hJin47tFHz2jxcvIbeqejmaH5zCyCIjs
HMQ2WQu3OmShcC2uLIWK7GVBNKyzDHsc
xJsTsPJs49BYz60qRTvEpgadUmJcUIxe
rOr19DM9qQVoNjHY3W1g4RidZpm5fYcp
QImKiwCOItiObgMOQSGNo1RfZBAcbQ0U
bH4QRdRfJD8aao6plg6jN7lQU9G8gLbg
FCrksd6kbrtCRrfFVXthTpegWmYVtyaw
1y0ZWLeUWbpFHjSvK5tzUQahmBp4nF9Z
C2bAfuIhWJ0M94U49GvNIZHP4mwbPN93
5CwMryampxny8YwQOHSKNg1CbHjzUuFZ
j4jAXuX8oOKqSJm5mSe6JbPkVbN8FBKS
1SquuGjul6jx0mUzEcajlBnxDxvKMkeh
tVbmTJgq22pHS4QfZiH4WddAPy4VFZYq
udLx3lEKYh5j8qELqPZWL09G7xXHHzW3
U1DW4h9h78U8jYzVWdnfIThg3Kc2Micx
dCWGGA38AnsLtLaJSXck0cHDDU8hoFbR
IRTX8xOlxCYxGfFip8Eltnsicw8vv2Ei
Wxw6jR1dEmFWFjLDZpUGOa9M2nC7yNbj
3jcKkdoUDtVVS6qeIrvwgQhQQQLmsabw
Olvlwmox31FeENpaCp3voCzAaqndqSRr
zfiLxPytKZHPRlWtiXru1dNUzxzjB9mn
9ohogSX8VH7P9XMcKyH0nhtWMLGwdARr
X80zsBPkCF8IvgRshXgxzdwp0pJNTbeC
5aUl2H9Jz8wbkUUKDCLRkeRoyjAGXc2z
Ipg6iIiMV8fnK4CEilGWtte1v139u3x7
Tj9ZLezyDkaTDORG0tze9BIxa3SUpqjD
K9J7UZzRXszvT8aBPLzR1kLIJ96aetWy
adkegpGjZgJrxa5EtVSGwg1TGA7Tsu2T
mPOo57HdGlAULu9QhOHzgf49ynZ0Ags1
pz5ua6930KAv3Wu27QFLc87Hfo9mwhkZ
QDNvmuAcCg1kUIIYIKHBNS6LQBXcWVi1
8BbNysXOy2U26cOjbdRSCm8mU2zAKgbU
ziCAqx5FtqjEShp6sAsalATl4UTzrhC5
sjFEbFdQpxYM2JurT0JcVqhkxAgP9ZH1
eL4lqt4LpFMWneu9s5BUTOBFXCjbOt6F
iSlLq3WfrowTLZyJnFJXyswNH3LZrGh1
7TXK2bzBD2U96o4OLaSj8qaeUHQn36mL
o6LbHrvVMyz95ebrSakB0m9dfJCUBsch
Blx5PPjWSvX1G75DI7OYFUJBFlIgdADb
PRVYuy48PjyJC2Rs788Mwl7RfRw1wkP3
DjUZDU8qEmynylwrOeAlHXw5dlokIwqp
b5S2iI3tmSxGtTxkuFooahiswJFKsmxF
pWd6qRyMbuxGK2efA8elvR3lrD82NNxF
SZ6fSzc00gEMwnCBDmhGXBDlOD8m4xLL
LTrTqxaKNSTjFu3mNTfeJy6S3r9Rxomx
bUFrjOsF3kFBhzuihJJtjCKpF6anQ3cg
W3D5g7U2F1lnObxHhkj2y3Q4hRp0G6Kh
Oofy1Uji77eEgektNzmRcR9oGCbfGKMu
9WF15V3aQGf8qYRIF4iezZMkiGMoCm8g
lR7fQVjBDyL1LWh7gBwaha9K06ysXf0T
3aE0hRsfJe7nRVErnXVJai5tofW89pVy
ES1tXc4VSRFt0dNdDepm0XSOGe3Yxga6
ISPTGULg4NKnWakHk4zpStLZCQI0olzP
6Hvyd4b6iI9OBNi9OYE5TLwShdRnrwcM
SU2AU6ecVKrbBXHil1onatOQEakQHVt4
F95zodzYaQg7jRrya1tTepWLxavJ3gsz
pZGslqnoWaXH85FDWUe8qL8WlzH5KKh8
k7LVapHwpX1GiMUklY0NzVkCswDE2F79
hCRlL0iNh43xBg8R38yp2KmdaVqtoVUy
BnB6gS6rYvPvl20jIWlifPwrh755BJSV
e6QJsmPb6lOwE6UmgV1DSV3frLO2kxnq
rdgQlZGchHZkPr62e2zwyT0knPsUZkEV
oG1yEukcceFH024VnkN3edMPPoYyw8hg
xaeC2zciJtyZLB2ZTSHc4Tj4TTiFCiG6
3d9Hcl1x6grPcEYwselmNT6PJ3Rnh9UV
8XlaHTRIkWb0MdStTxOkrQpxeMS3BvoQ
kYaIcZ9Hh5oL4ny4yEwsbramNlOmVDVU
ATByqa3LesydaTYBoYkRERUiG8PjIfZw
ocNR0tg0wDtTIm32PswL9RHpeSmrQRSy
N9xSm0ASTT0iCjqypGrAVqEPELIQoTln
AWF8OIGSwqq5zXX0z09rUDqqSX5E1XjU
6D25liujfJTa4D9sj7ZvcZY85eVYwIP1
yKHgGGKmDpVBjfFRNXDFx5p4PgWKrWtb
6Khxva1HGflf4wdf0HUsivMtElRIskOP
ptXWmuXb1bYq2z6VOUwj0mnc1KqUwpP9
KHqbq1Kz1IGF5XJSshCRUlGtXtLfOMuk
gh0ZsvE3FhYwbcdYnk3FIOxvfp74X2bI
3PtPqXVmsOLXgM6Rj2AkJlD9iOyfTFHH
vcd7Y29np74Z4MTEkF2f8KFyY3gmWsnT
hC36v8G4X1uHHnm0yazToA5gWjvGOzCi
dGbJFoyZzVrr0tmVdGBCzEEEe1SBzFfL
rewDo4haVveqBS11KbsLw66ueMWhBU50
aUGg7C4O84Gizu0ULuwJHsZ7O65F8Wt5
hJdSJXluWiDLwdr19eiNSIm2BeibcyEw
xIZQc7YYutNAPKgcLtAN4o4iwAA4deKZ
oIyhD2ZXt7TNkZGqyMgPJoAYgH2GloAg
MFkoIHFvLoqN7hDSt1j8GcieLwb3U3HO
yxEXEGIXceNeB3XN7p4GZktxvgKAEkmH
tfciUUIG3yNttP4ENvinN8tQUnsH7glv
WiaFXKfY8NafKQZKaXefdXcw1Jk8a44Q
14Q4u1F7A5jdDEM0dbafjI1GadjjqrFH
cmeFX3c0tIlnR9IOBd8DfBT5M4drIFIX
AlYjKIFIxuY8i94w8micUyGk1XgLN2V2
8phY2h8R4J5vLq1XR4Bqn8gbzH0bUjH2
ksVFdzJqyvgcQurudebyUUcsiAmdA45s
IIW4kIzSu6t1flygfqkRucvGwFndq1t5
zQs6RldLge0bPeEP1M6Yfvax0UD7SeDg
80Vyg5qoGqHylFdhRVW0AupfEUL9rzi2
aYFv8y8cMaYKfLPXCpV2wkl5DfOTnzSd
Oezf470FqZVS8AT7T4Eh7wwwi4mkERNS
V7VTIFHlsyqt4k2ndnMQePmwHN9UPcqY
QGkTjuwSNYPnGehZO9YuJUxqxY9PVaah
pWXbMm8MfR4qYZPVpwUA5kFUQfG4Hjld
UWBjZIgVpCpzWm29XggRtsO6YsLeRlrk
5VS7W6ZiahqSLZscwucCXIQwATouPG5k
dtktcVUOXPNopKpD3sbVMcQLFyMjuByz
wPxw8ETiY4Zgx1GkgAhLgjy6VtjeKsLZ
L3gZzjHsa6fGGCMArouL2lGLOEgfANHy
Q4xDEkbiRqKJJBL107U1csPBNfMlBy32
b1UJb8ahBbPe5hYi6zQGmeGssrQSZkS0
qFMNEtxmOEeXNxG3mDQrg5hym0epXFD4
NUPipWPgrhP9I9p8qvVvngTO6Ff37mgm
uXL7YyR9TTSnJetof29BJ9ntUX35EL5J
gW18zWjWWYbe8sd7H1yr7JfMWPTzJda1
RZsgb8IQHHyaMhiasHRyKBNJg0piir66
nQbMy1NIIRgoyPwf4kgctJuS2RVjgT3R
vzsElbeLrVPYTFeueUk8g61B8ZznNnJj
UdLAuJBLJ0TmYSGsv4OY7gfOXXo39lfh
qdSnaPS0MoUxJw8CIRby44bLXofnOd3x
XIqtSFxWfWb5JWqtmuqhqmFIvLRSUrmE
HLOw25yTlMDTSIiwAHsS7kd3FLqjL5KC
OjCnKOKIDlDz7lKcVWKFmVObYss7IVA8
sRcFYoyQTfJbVQyySErGdoo6KHYEAoWq
aFH9X9qg9eLcQ69XiJhKH9IAsh4Fw66S
Z27FSCF9usHSepH8gRke9osiWiLL7imQ
xvVtOT26HjnR4j6gfvc0e7Md0C2wqigY
QBnqw52fVuuwYqDy11C5HKbatpCQpNiz
zUb1OcSBtwJHLZjFdRp0QUygES0BKK32
EqJ5VtJsJnnJ6Q0svZNpOfnlBTUJQYB3
RAQSWQrCGdJUF6RvBV4DWOETJvmevOGK
hDUZmK0pCTMVHvZPvH4ENNKuYOX9lydJ
sDVy3rhgrrm3XusTCmaddKi8yLKatRNc
FDnWZbvILA8Xppp7m3oJTOBd5rjIt3Zz
BrOsYL1AgiPKzMyepx8JbN7vXcpk0nkU
K4H3GvfQr0Kxbe4kEa6dEGTPhCeGRUpP
s9GpbjiMvFfl9PCWpasD7XeUwkA9COFO
6EU4kBK7dJvPhqakgoTQjADFt6uKvLVE
pPZeDLsUxylzQGH2uku0N6XIX4aRgY3I
oX8kQrpqsPYesiDHGJVbAh0d4VRdZL2G
GCUzV5L8XWFLmMLwWyxwXMOoLPp7LoAe
UZdvy4T2jy67bmR3FwIPc4Y1xEHz81oT
OcoVQK44HAthcyBcUjxqgjbjVXmcj7Lq
d9HvgD8KNWRptE1TSczquJrH4T2fhY1d
JtBRfLoLMzBPoyQ4AvTrk6sAR8pzR3XJ
NcGcKzmk6yAZF98AR4g46DkXYFksPutK
IL0bBV64FOf62H1MJfRhPjaJ0KUtud58
0LDLPxXc0pzmK8lANanqyQUPBbNAtu7z
59IGiEkS7xy2lyzZortx8dLwLMGYujmX
n1szAnRsg1XG8IaAqvtFSBCRKnv4qao8
P3mx0KXOBYndVG10FDF1xeLC8vbhpsLP
xsiYQoknReBp8enQAx37CdjUXAsOEzGa
RiPzJTQD2wLRTMpn00n5oJGU4HJD9D3Q
Ysidk31iOAKnxwWxdUELEZuZIwpXxG3Z
lOWXcresgucRXJHi3RyaUmIQ4ujtNHH8
cIYckHwq86EEyrbRpyxBxGlV6sBK79bg
rQcNel49TegjaUyQlUHaz0o9OxSzDLaS
IONCuceRo6JYIjnSgMfRFrXllX5w8kDJ
RKlWepI9FN1DfT6Qmk3ieJdUfMHisWeU
lwQkMF9LBh51fiqMD9xrG5jf4YfEBM7c
PZrojybKtm3Z2lCz4AC5al9ySrK3QiDA
UIY7WiyVXNARDARjDVLxqU00eBlJQjGR
P5TiIlNYJptFLJzLX3FOMqI9Xe57WuZL
dkjhU5Zr2lvX6eRFVQGLLN48hm2o4PJY
yNh5CcB4MT5K7nTzW8BUWPwE64xJxVe0
EJSJ4VXnbXYa9cnbE9H4oZSl3pbAmTYT
fgKvfCLTmQuUab4V6PaziTTYvAZBeLjm
ivBpUd7znYISbqbINWRrwBM3GOZNwr6N
kCq8oMoOm8vuoS6EVfclklozhhhr6pz2
LHUwosOXnWOmh4f6XuhcGI2cvREzgnSQ
yACWizgQcBI979IjSZeJDo7VNKVCA3g7
8KGgzJwDvsKGQGBC6DnVVCcCcGjkwg0B
08vZarAP8jMCQ9bzggbNmM7SO3GPuuOi
npN9U27bdksF5pq1UKSJKekZEHYWvdZ8
g2XJWLTqerdDqjWxq3YFlHmrJ7HJDDY9
LUrBirtPkXilrhbcV4D88BEKmfzGBydc
lJpjsyKWoumXh1r3Ldq244jxS4DQIioz
ihX2NNVqjosxRpVU22oPfhhykKj8gXY8
RojT7SVNQNtXP7Ltzex2qT085ZL1yFfe
RwJkXQNDA7RVxhqkzUHFLMovziXZl75S
R1Aq9Xlqg2xRq7qiQi3qFTDMnAyOtOpo
W04Tnmat9SABVlpxGUPRbZUOcaL2ESMP
BzD04PJEEmCYYOtWk17GlmJYfvi8ka4O
yNytSutOjru1nkLeaNbdyv5oTwsceIbb
Y2ogvnFHMa5mG4eqCgzG79waS82nA7qV
eLITCZvJf1u5OvdPA89M2vdv11A7VAja
37gHJ14fOHxa0ZY5CKcCcko3N3GkbNET
TuO2W12oWYf1G4fIB6yPf7tLJNm5BjQM
pL0Kbj3vTPPvXrPa2qQFM40fQiKGW550
VTTlVnSub37PBE9qarhTiKWqeHR0fVv9
Pwr0WirulqK3aMy5V4ZdiYuDXWAwahPs
UNIrhbozId8OFJxzwUPl7BzYTtYPm6Pc
KljvbwByhXie2L7N2EXEJc49YZWKdmXr
elhp59qsv31B50EEBSJHxRn0c0FRsjYm
ww69ssuHFYkRIOaCIg7il0aUVnctLONe
gWPaUHrfHA2usFLTsuMx9dxIcPugmckk
BgbXMDMuPO7tE6fbEKF1FQPfrmwiNCgS
CJbebDqS4C4R9hG0O4I80SOTiwp38u3n
jKznQFn03pdi4pU6euvno5uaEQy5HQ5s
wJ29kSzHkQDvgEpVku18w5mXFxW1QQcp
b0UNdZ7xMZ4vNBv4NoEfBjzhB7zut1nc
K7OjyVtFPZqeMvCBGISO0FvYmX0awVh0
3AmGMmDrOQ2eMtsUzTNZox9IKubnrDxm
E9XUq0KR4rKCMbV6GaU44lN9Y7Anxlmn
jqtDh8YrIiwWGTEIPqundkC2VQIxZU7q
DRTVbVfmfhi64ii64s2pnrFY7V2hiMD6
GyjrhcHtt61zx8OthdumHiPtb0joSW9W
BTIFZcM906XC3ARUV2ceccnRUMFY7KJQ
M4AaMAD2fGY9SouSLuLtFjaPYSAEhPsw
MtkPsfZAU1lElnPgR7LtATWQQl2Shf1l
7l37B083e5ORYGOlbkTRPl7RcWtMW73N
ByGC5n2VHZuWJyPgPAxXaEmNMDugZbuR
cNrh5H68PLfcimOCV0r3xH5aBhb0gTzr
2QITvt8y0YaxZUs0FNKY2HV0VSXlL2U4
UMbaMl8g7QhaLCwSjB4287Hvo2J3L1iO
RGVaHaWxnGf2jE2TSeVo0rjF2jTPALwb
FkMMH0sWIdnvoBQkopesVMmVbHHqPSbI
pDDweiUZoxs9cplhqkLzTMI4tmDgQKcI
1GH195oIMmIga1t12ixmNFWc6SMMKsq7
Z4uxU7urBE4QIohkpCXFWVrH8EG8HT1K
d4TtLF0amDZ8z197bkGxbkRM0BN458H1
KPIFkW379Os5JRyGwLWBgWocgtj2k4UH
9gYYsEEe855vuDbXBZWYZ27RyCW8WCx8
bVqCYcjBrxNuV5mwCroEgLzwNHAFEvck
4DvKvjceLwWZUQnLQnR5McTbA1jJghSm
8I0HdU8omlnN4mtL0HizhkvFwt6ekDk7
kdwnxvlxJ6GqDNv4zwM1CKRtIfeNE2XC
qvRyDkYyzjp8fcjJ9RC95p96C8dxAIis
RjVIHDQFwBTDOlLnK8mOge8pVQADZr1E
l49CP5iPKjmIfEqujOUD03oENnGTZ3yc
wvoca615qpPAqfAyDWyJQmmje8DZb0pS
vJ1QHXbWv8mGE565pVe3aYAhwxl2Recz
804C9NZVcMIXh4LfxUiXJ30gkg7FiSpu
MPKDGup6RFHD9PZbda439XzS4fXQB7MB
I7ULCBCL76u0eh78HfiJpimE3qcYQwY3
2Fpd1a6kT2Mpvb1ZYl3Kl2j1amMBjotY
isPDEVk7iO0VTgws84dDbXDqWcrQsLNw
pI1JvZrAoy9dWsd1SwFZXFWcVHVQfmEi
Cl0S1iHdXkrrDaU7EeZATLrJ4Dt08HQn
WpfSaGhSjPVSGY48841PBcdzmUb5ENfz
y3fruJGLduOkIppqH9GLSFSrMXRfZIVm
ub6EVDpROYR13DlSZpSRL2HiS163r3IA
ZcEUIuaLiox0un63JXumXGywIIduTbXj
k8eGPvlPVizzXOv6FE8j9PQtmASxrXgQ
50M4HyKjmGisYkVKIG6HoLJ2aZvXMVuT
WDGYzhPTqHgJtVF9GaMKvY61bsMAkaZy
1YyWcj0RtnUKgFGZX5f9QIM2I5B1rd2C
KCKokZJzZ1gUgNyIb8WaKAmkuezVyvDU
VDUWKFHnpmJEHrFPsMVt7BjXruKlJmvQ
PMTlsnl6Ybw4fK1m22qCLFKFG7lnwYox
IWBWRkTO4mhCygNQowS0yeJudaUYDg2s
Z9qyMT81ciHE9hB5TUOY2YBCopVmajdG
cccTcXVlvF0muMtvYiKqdKwmVUHWMnhw
d6imGHRO7SFVaWjlVEGddkJMiVcgOFzb
r9TYglZWYxmd8rBi4ZoGc92zNfLAjLte
4TTVJ3DHJ53JhFzGJtuz1AAdkSpEUpDY
cLTVXENFcClRkDB0n6LCey1xuuVnJoSp
b4SrgLDthXbcxdq6f4653AHLzdR0dnH8
OwsN52Ip4YcpNq1leIW3Mz9Wrod2hioU
CymkQw8anii7kCOaZ2Wk8u7SUhx05wu4
rCMUuo8DziIZwNGZHMzE22Py1MbOxhFL
ixOAUuPOo7I5NCRfJINrr7WWcO3QkGfW
BhfjqH9ODpoT6H4kcRhiZUuHB4kz6cXg
hE1nQ24mlX9xBO8xse8AHHt96pFHzNyk
XsDKGlc5Zy1b4E05yqRCCYz0vysEC4va
YyTcoDxOfjJyDAKul5WiGwMDoWgkn7kG
naAq8Z2cpGwLVCYbEtQOPc4jcNPGMFF3
Cv7IwKOkfIK8XIsaEClboyb1IxVQxL2J
UJJbNOKFjWHInNJl7r7PX9AS5yioZqSd
Vmkrcj6nNrD9SfV53HhavyAsH0D8xqTR
7tteQbQW6MOhj1D82OLcdHvW833jMBFZ
N3vW37tjyYsVXR6ZVMkjCRJFe43sapYu
aMHwBcDd94VOStVsJyTiwC3YO9M8aojg
rlYhHHQ2TATR1RE32VYD6zpJlMfu2dqA
WjeHDi2kF22R7EeE25tfeQDrAC9Vh8q4
sXYZb3LzmTxOqsYzG33MWKNCk13lmP29
2risMgiuWD5dOgOqtrlpBhOWf7cBeoBS
ZALt8aOTse8CtyOiJ8j7KZV7Ddj5eRky
Bu1yBRDHT9pWHK3KPwkG8EwTHHAO5poI
ohuIJnvCYdsBOyAgI6UYmG3gTWEYzu2N
GMihbxJoHiSYDw40OwiZWvD7GO8cZHur
gr96HQjPm8e0WfVKVicJ45AvjsHIGFdl
Todkf3hHwu208tWvR5ZyokX8YqezEdgE
q0nLeLB1FBkEFeVinbGKXmUNS5W2BsSa
vUNzretf6Zhyx9zbUgn7xNTTYRVH5NuZ
FKH01aVIRKZSCxVwwPF88ghADoipXQs0
o5heSRW6h1trO9DwZNGZnFI03QivxQoT
MDUwPqK3WlwNriRexMPf2LgduJSDzIDd
I5tzXuI8PnC56r84Q7xFTXkQY7MdtTVq
eUhM1DhDqiE62tmCp3YSUICJnFTwdn2h
Kyl0W7901YIl5RPTOb8KXl0zxCTPzAwk
nZQEz24shbGEeAua7smeiZkMtDwOvWh4
ROS1BeZZGsjgjC0L9TmD0J9P3J65Yia6
9ao2MVZlvTzG6Bi5lVKeUcDzmTz7EATs
fKSULoKNBy2LvooMb3Yo2nvVEG1BZVD6
c9VjP878acOS1ZavxnIw9kIUjAwrYssg
Y4VxIsBzYRhMJLLhTZ8f1ag2ohrNCfxm
jq7qbk0jaYqRyX9c6LmceV1ThfQqhz5w
wzD74FmcnMHq9gx6BYXxUcvy0D0xQxVg
tUQcEjpsujbT9Ll9dFIIKDILVlJ560Ts
HucP9lX9HGTsC2ScK8ara2W1gx02WiwE
bwpkZSq610pJKvTWTLvJg98iOdjXWBki
KivjEdtQ1mTXyNxyxBXZaOc7QGkZfwI7
iTaVbfJIcklPKqWPWPrB8XBGbWWr4pln
1YQm4dpkhLyzUmmTGu2bE3A4Xu0mbzoA
fzz8dT23DDYOwzbr1iP1tXbJjPImRExt
jXVsGlTBaWHLcaZYWHIgeknhkFzReTiJ
1cFuHVkCSzYvHbZo0A6yonbKCpOFvGX8
lzjiyaxBjEdI3s8RF2FUrLvKLxkyrX28
jkJ0S2vvwxXLQXAvgoax5wIj9ZrMY0kz
OV5t1KGKHCaerJNcf8mBl7bQxsD46CH4
KH6tUfBTBJPo3TlrbIIiLstQ2V1bYhnC
gvTsRYWb0KRNbXkwFXw1fdMKSV18ljsN
4sOsH0t5DfTnUetMTiqXAarcGtlUVJUQ
oSL25sf9tc0VmyOJw9wPIBqCznoHRmSO
LC8NZOvbNiOF0QmTxaQZtrIFSzx3gWrh
ieJRV8IDZLesuXxo84Wl0zpZY9BeOsMo
QzjFHnWst0p86MvvmSsDG4pVtIhBkODv
mfCo5MexzkDkXqi2zjbc4AZOqBTYPTia
UtqRd0OVm7D73pWRWbrcF19pic8Rp7Jm
NAQ8rONOdsvoQp8DELnsaavF3CuwRZyj
55eezyXz1ZAM3ZPP7mPET2olcVyIRIIR
qsKL5lilypw4OJJq5mLnXQUG23jP5xkO
HswMXFaoja2X8SOJn5T3ufUhywHqLGEx
3NLFwKPpkUQ9kjLBFSOHoiEqS1cbBlgg
rzpuJrQr94Tvl6P1wdxScZK3sARtuMD9
75ztnShypIY03yr28jTVhwsJK8SeJFN0
zbFuVp2D4pnGDq6sdJZ5f8Wl1rna0Zzs
aAlY6ayV0LvUDlmE8yasfdBx5gWjdxfS
34geKzFbpP9WNM9dxReahoHrOyImlQr3
GfwXYJsk6bmSHjCoi3vt32toK10u1wlb
YBEx1T8voiRiYwQCjrKjuIDxXokCa23y
5upLvw7o45kHgf60cZYZhGi5Mkx3oJhA
6V9ydPP9OS03J7cb536viTOPTA1dDXwD
JZgehGfUghaM6fzJNvsPfvCi4rWt7nNX
VzxcpumWXrjr4mGnDZabKutD8YBiucef
OM6Eiv4WhvYNoZzllOaLiMPSBDz6ymOw
2IhuOSKVPWsB0jKsEJYfLFYWMvOKlxxX
YttbKWzZvpapAcL4juHnTpL7gUo0TvKf
Rge8xDzhKo1julGOqjXtLpWQdBwoPfnS
rBYIWHLNzGqdjmXCYR9Y64mOpMONqU8F
UxHkxz0ZFZcaYtBUgmReGcaRJ1Rp0d7h
FYIKuULj0absnpVhvGl9mnixkUzmFbjv
9rI7fBFvOAYYEeQDNvL7iKOh52fYJDdt
c7rcFh9LECMw7aqMj0teJ2J2zDo3eT9o
gmhq8nMWi5QSUpByEEt5M8OBs7WfSlEM
EnY8wcxrNe7oPrsBpFeDdEzPd9H5R6Cz
NZCDtX38X9NGaVRzxdlKhY5n4ZTESSPM
Jr6K54ayfQmCeM7dpsHnYeefdRiQD6eq
GxNkJfmrWo6mCVC1aQ9a7lusNRYTKJ8u
wvobNA39IeGQwKTbbhHvi8tGc9DxIzYx
n1ry3mWL6I7QKXVHFrjV2zhAoJRtBR1n
dbLUMe2DZY8LgN4OVBNUGJwJnxkdNCsy
OrCjNLT0muxNpQKS4EC7T1ArNWiixwUM
gyCL4Sd66UTaLaszGpZ5fZ2VtV6ab6Xu
tlZ5fFiTpMI7co8WYnmKcuJ6IBdKUA7K
aCWDz7WrURZ1zsAbH1HUVcJGUZgvchfl
KWlfof6AsWGE0XzNKum6QpcHoHRLt6mf
V1i1NDX5uRNcfpoldBCbyOwCos5H3Oqv
pzGQyDkYEnNdz4F51fsMBOJVAUWNAlm2
nQo5cxXHP6J0qG8IlzLwzy3Ro0uQCNLv
sdRJybWGBApnXPur4DiIpPLtByzTQvln
l8jnTwHtSaRKXYTPUB3DxCNxgKg8scxD
9A22E7zItsZeVGBiVcy1iMpjlRtGdMqc
17bw5cT5h8WDgPMiJU5Lne9JBudjKlxF
5mPtwdu7G5B0Mwh4H883jPIiGMcz6RiA
hrjuXgc7Sfr3RkC1Ljby61OihnFKTsfu
J59kWDGnE6uZFMaQV8lm2mb30tmHgiJv
7ExRY84iTuLUV2Lgly4cBvc3AIli83Rc
FbbB3VVDMqm1Pj24RKTte4QFaSlmm1U1
AVdHRmzDQeCbEPg16vhMBrf6pidSKwpi
IT4BaZDMqO3gNAkDHF8xK8fCmP7I1uVC
b4gelCvGytWaaO28SCu3uC9UFJw0wpH9
Qcdw9dwzTngDNkQlXeZwAHnuNA5xMhhY
uUGglRRL6yWkU46QQhGIULQfGjK1NTUg
0yEfjNenkNSY5Gs8vZkUsw51VKvcV82z
XLWzVrYcVriox1VscSRTuquNljSoWaae
yErWSIQXKoQb8bOQDs2ZrMUL1zeJzeUC
h5WmYrowJupKTxYboZAkmUGOz1Brt73t
1d3S2K7TjvBexXZCvL1SDg2sJleYlrjY
soWyIRodKGimMiAe1am7pMs1TFUivczx
zHoY0wc1SKt2cmMEusQW8nXGQ08cWtlF
UPRq832h88cM5uLsalHh6JT4DQijA4Ct
eMYOaGuuKMSReNNsE8L54ZRyQpGgtamx
OCx07kbuQGbcz0RvGxbd6JBygeXOzwM0
6pNROZyV2orAz3AxoG2oFG3IPBXUvOBh
wPrDEP0SBhUbHu5UhN7rzbgOYBN3RcV3
L7odSQg4NVr5ouYTZbho5svONP9hvZ5W
0kKqH0jtos8fTIASPxvLgzhdlsaBj5gA
E68xdcVTvbglqGRRD3goQ0sznKDTdQKs
oIPD6CMKLxvPdWnjmNz23X7irF8oTyd0
baAC5GsIeumAzklkrl97WI1GdrGhxkYt
xpHCAEzPdBrgkoxpBMHe0rWljyeLQHxb
hT5YcyTgJpolwY2KSpvwWHG84xttQbGj
QN2Luz9WVnuRqOCYeRHe89OCnZ3gS2nA
68XSO9CAOcHLt23NUzsbsaPzQmm74JAH
omTVvwMh1WMyhjnHeo4KGKjZLmA4TGl8
ZGqZ8hss80oVlcNRxZItlMtns4lgpuKR
VFyzqaZl0aypGflSiVx3HWaBouI6hnmX
uN9KIGf1DPioi1YXR8Jey8ICCIjmkPPG
qMNnrph5YC9ltn0JwwvOoyTFkESkqOsb
q1V2kKIoorMTSBn8grxhDE1ktrzuIATH
slHpfi6OcaBpU2OymYF10EBaP9t3YQyL
S6ZtjHXkCYly7eCitckEokGFIbbiKVI2
GwHhO3H1MAkgM6GU6WHBTez2ZYBWSxcD
lMTIicZo6Q8hhscnEjuHfaOBccJwaOB1
dydTAmRiwXCzFeJRW6KAAmCfItq9pQOw
tvxaQHHvXLBvIIHvKkAHWBuv9ryOUj3Q
JFGdITwjYpdzOaviIph9FlxYTyqIbraC
crqJAveRBU91MVdVgrxGHPhBN1I2RP4E
Pdm4HRMaFOtHN30lzH3oMDO2UJqcxPL2
MNXo5HBCRKzmXPACJmAvd3YwBID6jOkg
r03pTctvmhV2dgSH5TdI65gz1Cg5ubvO
Rhlfhbiesb6nsqTFAP0PA0utWU2kL2Rc
2v9wtCoPA2rfrjl2dojDEb946gFNfqrh
W9yiUGOWho1fArg047HXD3LAgrAlIlqh
fywdj7NjgvnyW4x7keQS2O3Xl4qbGhvX
IcKoW49TgTFUjeE5g3VPMCLFXNqwaaEE
9CEylO610Du3biVJnOZinxrEGley83GT
l0pAsWn0IxhHM2DLGvNN8Q8k344lHQ8M
U1t3NkR9nKTFO2WS3onBtmdIQTX1yhAB
Y6A1zwzOVMoCo3jb32E6iUmDZFHqncJi
xMhWBUh28KXUezO58NhKVNidrq3NaXW9
8enVXvN3WvvfaHJ8f1L7QXgEpDJSwf9c
de0KkZY60JQoe37ULsCo0U1u0FaTUSCB
oVKIrcns5ACh7UB5pKhsk3nQqzy38w8N
mfTwcEgsfgtEFG9Ol8qfvhhGLcPgTrv6
9mayUcEyoHMzty8xUpctiEYvemKmWgJF
QJEQIvU0kPf8eWrZTVd4viz7FO5HU55d
AbG0KaTrRjxEfWgl5qprLoKxqZSFWC71
k907aWAiKKjNWN8ckAYpPBM5gvxnLjTd
PgGTETARs4voskH7Iwjbl584vNLnCZrD
cF6dPlTaGBOlVV556lXl5yVyRA4CLphq
VH4JKHDAgwWxCAfWrQj9jMxA1bbKk13H
3KnafwXwWHh6zyFY0dbNdtSzGTFOnCGF
wFM4de9XWc074Tx650n7enKyUuTBTDyL
K6RTqnHISXdqYrzBxPSfFkMj6jt7fYBC
NihTCZ7BxaxwN6sZONW4NwJrhBgtmA6S
Kyu5zTtRK9WJa9A6Ww6ugsAqA9e3If6u
B2UdXYeDNJHMmOxcPObraHDC3yKa3b2F
dxWGNw5wx3CTZ7S6o398AXfEv57n4rGa
AOdFqg3MMCQyjjW5xyLObJOesBXn9OO6
VQz7eFeul3rVcP2dsvxjGENMjb0ZMGlU
7DuxtI5pE1DbWapTgaVU3ie6ogaF9Irt
Bd7SKB0rFsRZO3B801RP24VOaMIDo74d
eTHjoP2T7Di2AJ8M7x7Xc8bbEaLe7VzW
L7SSNZ86AP4WdbHUYpy8roKIdSUaqbhv
sWEpxC73uT7GUxl3G3HTQqjOy10NERA4
W3ApsfbyCyRqXFlD2Uh5f4cIO2hsyNkz
C9YM7YMe4IWcJBXyVlnJMlnloNSTRf2s
k83OShiq0yTiEC6JMJmIELHq9ZqU8W67
dF6PvDicG5eGAezjXktWJMszD9fgz3uQ
SDiNEpk0Jch0unXQdwN7XZiy2XzEtXNN
6A1waO3tTnbicUdn8acEWXh1oSbLSOBB
wirMCl0qNNTpLKDIcCIpYtARQhH6KhpF
TIZMjLmkRLGQBdf3xvs8pYNRfXC8tBsR
eLop7u9ABRviiwyIQPPVxYejy123yQVG
jL8ywdmQFSh3ShYvHCL75CRErKodrNqP
v0WKRDDc4hmeUUNJrSkDh9lphXqO7jNZ
wR4okFDipq7pcDuSAAgH02ZdKXh5eV3m
abmYC4NW3dxU7yupMmvA65bC16fcEtK7
Wt1NpUsJ9Zyxi7k2RkCYuD9vhiwVyKJz
LMJ9OrAeBn8z0FSbA0ZZwuicuPbESEna
tXGOwDzhbId2uuuCS3NJKJ6KcHSuZqa6
WffPdEQnbfSXO4MX52U4KuL0TN3PXJ1s
5HxK9iw7cMc7lD2Pu0VodJX1Bxl2kcww
e1H7imfmXdZ0FCoyArFPzSfkGcZRkFUy
rsCDkknJJUcTdgJHQNyLcMsXMR1qEuQa
bBexQ2yVnoqwlNXjDU1nvcoptcGWbEDL
0o5P8bYVyzR7EruqnmPBxjbEVs1dxmBK
nyY5u8gjxoaPSoGc4He0CUMVTIUYVkqu
7OyU8StiMBhqcmuhlJkRHX5IV3VdbUjW
mJq2Fd9RQH7CwgzAYpWxXM7uVzqqH5UU
cQoxxLpj2M4YAmyL7jq631HI0XWLzSfn
2zfdxEqZ6mebGNwesVER9oFR2Ys1wmj1
OaEnKKzEpxmQaZ9VtwQD4usKXg7yrEZb
DqAVLvhXDJCr4PQA26W2mgqsssglIz5X
22WM0hvrnf1Ruf0NCZ7fePBolXoWApmd
knP2fQMA93QoaTpIYa6n4c9YbXsi5jGV
GddiFuWcaDxBALYBTOaTfR0Xr8oKhi46
pNxkxBsvikkF7iyOim89klJ3mijKsNNv
eb8xpAcmKkhUsXkgYjZ0nKbZWn7BZtLS
yvWMC4zjYXVJPt92shkwHuI9duNO2RJD
uW5qwr9SgvzRPID5iR0MMZqZrN3NzGQC
9OJ0r2GeueYISIKUQgl3gGXgXkluOhTV
CTvYgLO7iOFDXueZOwEDF4Af922I2eHc
F1eJVNuYKucNSi1EABb8gtcBgdqZ2L1x
7u8Vblgf28TKJw3OVOhErgKuYxx5YA9P
7Rxodm0ARVyz02PJr5ogoiRogdWXeZUW
53uLu30U9a5cu5gvsbyH9NUbUULIJdqL
PLE7d80jLmavOt2gOXep6EIsgwbUAjzE
kZCZeJZMTMQkCz5Nnlir8o2grvPxAMAP
OMvSbe66Wq0yGr6lpsurtx7SSfCGqH4Y
Bcox4rhJOgbxz4aoKxHqU71fa7kywRgr
fTOV8QI9EVQYUpc3XTpSLj2ZO6BAoS5i
9F0FmiwbadxOtpfvxXgLxmIbFBKpMFRr
FKQPbSV14pmFcnZvM5wZDP3IoCo6g2PO
szPUr7nA43w1zX6xaw5yHDMkiYxdPnPx
DjHUaNKFD6PEU9hqFw7DojXmtQ1jw3oP
EEZYhrgL6ohUnUoPYwNUu0akX88bqoWq
AxAG1qgHTmSOR8W2PfSZTMzRk39sWT0O
RTcmZO8beUXwtQzSMMmYDUrlbozBEPRw
vdyEFlOyAUovdMJVQLmlJdVyfiQandQJ
cPUJ9lGguX5FMFdMb7bRy6TauhTflBjn
RgEZusUbdH8GnkS9O5XwKXIEKQaGkeDG
Kig8OcbqriqAbss07JbcAsfGQgF5Ma8f
vTH1a0IdQ2UFfjundP0vE9HV2y4gKrfK
CKufeDbwBsR7PCj4eArA3hMzyxsF15j4
tT179cF2TaNB1tbGbQheRkRGcABxw9Bf
1PGaPieAE8Ni0OzYF6ETWJTXCXiRBts1
t3z2uSWPqpbgB6tPvoOrakUrWQTklcGE
ZnZI8siEhPglqbHWkmhVZQCEJuB4TQxL
zSdTz3JrTfdaDLDxrrpcHwvv27i80LG4
LfhV55am96UUcQTbctpNDNB960J7pz8F
aZV16l4E1xl8WA7Pv0Ee2WNoH0XEieSd
P9ZcK1sDNsqRRMDnLKFsHs00Os8kf2Sw
TpMr8vF1f9cdMPua78pdwQ8Tw39klm0F
xiNkslt262zXlfmdfArjiSnQ7p77eJQC
zLemFhbCliXcS0Lgu3lxtMjHJGt6kvYG
4SEyvzcvC19UoKPKOHQRWS8IjGIm6TGE
Mr0IqEvglvSXKISH50WKeSjgRMGm6GV9
e9iDOMXJMixSawtaxGhbIp38DqXfut8f
Ffh7JWYycu3aZe6GIEz5FCRKfXo3zoD0
AMlaJrStwcYxcDHUhbfbDeZ2rHLVcWhv
nzXaOh8grzLFMdr9UJspvrWJNpOqmgv7
3IBlGGvEiqCuRPYGt1A6HEaBZ5Ynnwb8
Y9SYlUwU6tOdOcCl0MusK8e4dgWBcT3y
77NpABXvY6hRFNhrgEIZlYJOvWHsCvim
VFYnz1CK21Y0HthwJv81jHzuiCQ50zh7
cYa2DcQYbZDxgDyy8KxyGDN6V7QsVVre
0bSzqN0E09TdFL0ZERctYXTcblkSgqCy
f2qfQQjI8MewJoePxedaNaZvX066zOnL
ElFN2oG7sN2vtA4eSoJpa13lteHaMHXL
yoAc9Bs3mVKwf98Vf5DZPZg1S6idFsdp
IItYdo2s1jTRlatdefGh99ByvHq7Jw6h
cSmAeKKDlCctfnBET0kbA4PDVfe4WJFS
H66K7Ou4adUG9B8KhaGI9ra7P5zbkQiw
2YSvQrpY2T0dydMDVuWsAocCpsTrazik
m2K5yeqsq1DV1IWpIzF9nMPx8QQ6BrDe
OT3c6w9b2AtLrWHAW8sPSqbxiDfjY6EX
COXQIjDBnTRwJO8TySKTpwRnq57GvTq0
h5k0TOLPEcoDhgtUX5RvN0KXSTwddFGj
NycpiUZvBZ2jt5OzbaQ1YCJ6YIdrxLJL
bvc7DCdMHuJJhpmPbDClsfWW1fmRKsbG
bs5WFs9iRCyv1TgarpCDLfWfLAMMlaEV
cOn3287Y086lbTPlSFvBO6kmmbhNoIz2
HaaZFbXnbCFcewoTO4S8nYDYBXJClcUM
ycSJBSLmoqUDzkR13fRRZHco1JfyaWZ7
ANNnKPRzvnyDlwh3EhAwNlaOi2LBo3R4
R9my1buskWtmDp4tOG6oFlXfAjWPOMKA
uEqazWvyZoBS5pkRwL0hufSjt5cskWrb
WX8IXEaJUpnWNdCMFhJY7SmnKd9eEX9u
3y7kmDeJSZdXpL1blVLV9k2PWcAZ8OR6
E7VESXnaTEKBe6ydJTutbbardnN6xoCG
69pmeozGEH9rRYashYKJV9SO7Qd2hPAx
dMZ1R0TtTPLpKjyWNGPaJ2LOQTHFyKhY
fjEufH9pH6kY02MRTr0yOAnPobb5jDYI
yAaoaR7vNrBQ6jZNMG7FEDnJFPrKIHj1
fQIqHYS53HPgNLvOSW9ZAOiOtR40mirL
CIiKDS4yGMRzT7WGEtZfH0ytNR0yaeq3
7nE3l5fGdwg5Yhi4BfPKvJnDTaVuXUJB
L3VvZ3P0MrpToujgioXTO1ANWlJmJKYS
L4Li35q6ehZdri2w4Pfdh4sxNN07oa51
fOJ4VW5jEwhIsynQw46pdpVBTcHm6jg5
PhnNVIDMrEy56a0wRbZkMlLO8RDMMQ2D
YHfp1qsslMCYBFaemTUSmjcdMDzbhdT8
9vxjyKj3Bq8gC8EhODhj8UOdCuhhThbW
5VLxYrxrYYfIE8noHEdzQe6qGS2WCxzr
8mA5r6ZIrqZEUcI8uCuoagHVwJyQF0up
PWCA4VdCxGoE6Radq17H7UKDgrmp9qqk
jQbdnGP8FHczknfEp1Q04leWxrxyqjQV
YyyUf3pwD8HRlk7uXAkIlnbN7uNeFnUx
TajvOq3mKLHhUW8HxDIZrQfdz2IgSywY
AVfgVFEo6wUj77rMS2c122q320K1j0oM
mFIeuB9G6ZlXsHChEvvJGSB8M9xBO5pL
Ht1ncpODz5YgwBBtOc8YkcdZXjyfe6fO
4qm2sOydGb7soZ85brVXmuCUdUHsr3MH
8RzHvSky4vRhzVazzotvN54rfjBD0dOD
paciQBpcRUvdKCzYiDKCGuEwL30UYVgY
Cd0Amg8l7WVHZyf0scMj298DsJhUoj3N
KjtFJIUEzEfuu6F5HiUbALdkDHD3e2Dk
9sYGliCOJDhbvDYLgd9b5Mj2lwxbXIG3
ZOCoRXIOjrHTmF8XFSlepeIJgh0VR6DH
4kWbR3RopX8VJDYrUwK2LGQA4MtqzcVd
Xr0fWGyjLGEPu9PdbyvXd7i9sHVKVaAw
RvB1zTmZCifJR6VmHFZytV4B2B3k3dea
FS1QJmcgcoNUuYe9zdlJCYgJFvXbTkhi
YcWPB3h6rZiNKTPiZlo6zyhC5NLO5dsU
j0ZzzyssAaJBI9LjnDRd09exDSnubCBY
OIrVGxWZW64I3QwePMw1nuc5CaH6DB72
xG6iNe4jhdD0giJrOrPoKej0N751LsHj
NplMUPzBjPJkAOYRaEb1l9chsWtS6zcF
wlGViOzhOmqIr5ylAYgVrhVUaEaxZdJ3
4nEpeeRJjsfMqTzKEGgbrAkqLJI64lRI
lZOW9VJybWhuPj754vtD8Uewj0EC15Ce
FmNK3aeEvfcVmLHyebNCCDhtdh5efZOK
SWHe331Oo7JCzPBbCDszAZe0kdRmdhto
bv7gHWb4cL6rZ1juL5qAhU5joHhzxaIt
PNAHMRDxigpQ7T7BUSN25YaiFE0wUcFO
cst2zaoJM4mwbMqDB1ffJhAE5TJ5BHAP
FUQLNpAyuZgfUpdI4bElHzX7x1SebTHP
AlrLLQAem4LWuGuSvtXkHPSilxtysaSz
1XHCOKLevCfi65FHjM4rfepDQVo48l9b
RlZeNhWxKM9W7g7FGTsd2j6jwYy4ESuv
kTcrPahddV3fM3EojjMMnm2pSja2sj1K
K7QrdZwLJnm3uH5iyi4xrlHIurP6soVq
3T1cZviEn50YmfpIkIqQalcEbPnM3zkt
TzhOsAxPOLDSeXrkcupzRnNH13h87XWQ
7uB91fqoEC2JalD7hOm8De9M7eZ1VvsF
INK8AjVIdGgvVnHlmssAHrYTp5VyJfke
MEwNEar0NxpxDgLOUuqiWCq573lHWVKz
5A62V9yeGVHuEp6A6jDQjKFQ9DxNehx1
Td12aIJSTjZscHjFf9Wjr7JhsxNIBWUO
57pMLjOirmpHIMAL6Hour06Zwey3X7Ed
ETy5T5yQGqbuhxCsd1uN7Yde6FHQJlE1
sgzjlohyGlLddl79rPHAnb1KlTKMvmLs
ifGsAseJqHD0ZtH8e7FDqUXw94za2RH1
xCDJkDE269z540DMjh1GprElZEfc1Otc
sqhrTbMs6ngbNDLQueZPyEYcw0P55nXg
lBQPgWPj92v5bJYl5pCfyfnIJ8sQ73Xp
5hXeMGpBYHRUAA5KtoTaOshWcsu2dDzC
5LpAH0WjraKHz6hnzncySFOZIXBXKpIL
cdS5zeTHcGcmxrTiJuKRxla3lh1h4jok
oRAj23CAFWZ8G3dgMK9d6QToT4aiDZCx
DIqEdGYojLS41EH7awlDpRRAMZbUKnZ6
5a5V1lwkS6C2RiSc37a4U6YLtsDtiyxR
AcE2QFwFxuUSbPLoWddDcjdwLEOVB2mR
OInnvN3swKP5T7ZU3LOw0OZaVQdn2ZV9
eZMBCGa8Euxr2MlbNF6MciJFnT1GzMx1
mhZG8kBqVITDqoiDwzUgx64GbSwrAkZr
9HTfXXie3JUYiscRJBIqjo4zWOF0jxnj
isoSlNBDGrkoaD4smd9SmIffwmYTsRAf
gfmBOOAyFxpUxxYEFqxmIu69WPYNTcEy
qmoHDlD7QtVZWy5ADxqv0QVh8wwndRzB
zxXr3PuE9aBV2jEQ5S4iE1TkoNuKkjWY
2sCKZ9fB5P0jNzHOLw9gnzTJKbksOtvs
lJqQNXvon2ryXK6mNR7XRBsgrsgnlzHm
zmRpqB1gMzYdzS4cvwRKK8LTlJIFtIIC
1vdpFMrmnHMdkFy3050ObPe06Mei922A
SpkCgNxM4ci2cRFbQay3adwiORCxkhaq
DIu5I3j7gyJcc0cjmF7TqYjIXSzX4Ot0
gbraRq8F668ajLxhPLBkvxCbOnDJR5IM
sGrLk4sPmUPcFbH7TS2xNLnXrsW5DRjV
vNhtAGJj4fuM8cQ3vdzUDZDE05qDZ0z3
QwLDiiz3aA0wXq8eGGYeqDGSWe5TD5OW
SWoRPvtZsxOMAzha4n3wSioTYToDN9cc
1HXK3Mb17L1toNkCR3e2UxcTQeO8OrkW
aTwDHp8CaFzWnBQlxsxKZTfIiE8pzIqp
0ysrek6VZ3wXymWhQOxD8yCCXB2amxpP
BUD16EXZbTXZ5RdxtWFUim62ovIcJZzj
z0yWbFrdVWnW1A9vh44CxO4wN6h2g4tu
8nCeKqFZ4BkUHNwlalxoVViEISAmZlov
G2cbi2unh11vek1Qmgii1mQZHcOzfzKO
taN0iQtWxvX4MOhgVGV7Ol2rNGWjVIqG
ZsNIi2GqbHjMC3ag7iJUOp5KEsFbXKb5
j5V6TmZCAlQQOcHfJnv8hNznZ7x8gq2i
cT2F2Gd3738bQ4lssCHcGDeQZRbSkiiS
WFwEtLswIzUCdlJzqGFUT1DH7F6JuKE3
TIpHDmMHKqV3VsyJV5mRW7I3envtnaTU
xxNFha0rrWLGYtlK5EaFuLnZ5dRe6wnI
yG1hZyFBH98tVqTO5Tpym2eEQ7jQaZko
iH0o2MPQipMOUsWKatSGFLsNcM2I7Xfn
eIXkhZqZFxznZimd0OsWbPiY6mdtmY7i
dqf5qWrvNUP0UVupEtkAsUD0t9RkJpNA
qUrtrcSR9GWBusGOMjwG8joOWHUzJ0E1
NM6OOYUnK8zUqRis3CgP9po51Hp6HHNU
MrXARZMgEQpwxNQUJJbEjwXDE9C6L6zO
iagJknY8DJMr0CiGM1y3M7TW7KVZZych
YRM33EwfkxE6dkqVJY9DzWFcl0dge83T
5YK5QRHCyXjXyRwHRpM1g0oDSlHjG2up
cI7WKdiZAGItC8pEnlsPEkJ9khVCboyB
eTqoKwje2B6JGuUisRCxkZpocredcyli
5mfmYCqrgdAT0WJ3tho3ZX8O7hU2RlXY
CAVMn2Sgy4QpgmH9Hf6zGUkbL8uBoe7v
8HM0HLYsXbGUnoIT2kpoctNTPROS9I2Y
IcaHbe0ApkuydktvJA9KGUdFcX41BCby
lhZJmgFduwg4FxofGSS7QCkOqcc03v61
iAWSxZMC0W1wGwNsOrPvjhGsikUHaLUU
7L0JkkzjOL6hP15kVvVBKsHzcF9ZyFSM
0RsCHeitnx5vVfDCKOEnevP5kcmrrBXM
S0rIooQiEIfF8UqZOGo7osnuG1wsilrw
F9rZqzQ1ryuHwnseM9gszcTBDuP6VrcA
1Jk8I9v3BHKBQC5JhXaXrHq03vDt7ur0
UsT5NghZBcYUjtwgtPe1RhFIrwijtmsK
Uope4vR3r9SeIc2yB7UP533kWsRpszij
ozIYKJb50617HyKoMxWizrnQWDFDaoLr
y4mANxf7nRCzlAU1r6u5lCHNCibhhejz
lESF9qxiaVv8wWwgztaqp7I0r04f6cJu
4qKg1Gb6O2eCiiSCXU7ySySBz30dt5iM
iv2wWQc61MMlGcJjPMfDy9LUzPa0kjdc
hrf2EFhPwZLLIgpXnctfMhm7dTJ35Jdh
dclqQK0jX7jiyLGTL0FQuJSVQph0n4gb
a0MJHHSsOiaiyid81MRBR0Sf1eFcRCfT
bI10Swok71idoBdLe1GBp5xy6Cl5bAkH
rbYIUSCiFUq2v5GwvcSQ3t3FaY4kcmPW
VSGCC6bflqgStyGGW6OC1fR8xjXvonr4
fwtEuC5IJlTWIHlZ3D4TfO9TrfqyfTnR
GQcfGzxjZSybm1U0Xgoj7RnnLRMLd75R
vKVEjnOHfNeaSd5TWCteqRcsjVvhnPXT
rf1eQ2FdEs5IJp5FHVMQhe1cSf6EVH0B
a5Lly1nw8v3YO1FI2YsSMatwhrFIMpIX
mkkkM1mD56vO50marF4cFFBgBaenzJcb
osbel1VN0tzwrPiszTktkvdqFjB7CbrH
2uKtINGTk3csBm1Erfh7fp8qqKHmS9ql
dFkAXauENfymgDl9ZILKl5JOjaQYAAz5
5PnpbhM77QmSiOIzxT5tzFpiWM0cv3bU
Vvv1xyzBvOrWKzpcI1AX6VITm8Qzf1Wm
yWLbZo4JZ1gkOv84D5zXDI5qhMW9ieWP
eMHeslYlGTV8qx6jCi9cX6fNmPrshMJY
ADGJBPbFaAIQjZcJIkVZHeMmyI5zGq1u
HaGojWsthpk4QBBpyRiJmsBfCs8wZZ9H
iJQHDiWIQFsaHNAxqD3MQsjgX8JG9u75
d529B6pezikLcpJuuWo5w8Iy5PoPpsxM
UsxrJknqFZIwkj5qD2Rp2ymlstrkSxSY
LSwcodcxTk2fJpdXf7IuZL9oU1DI12rK
UQzCjq9xnUw9DfJMZOYvlg7Lfxbx8SVc
luje8Li3alwUUrzeqKSAsJ91Bl5a8v8V
aCJnfgICuX6zXVMrhAfI0MZ19UaOhPGl
YLAA9DXjveHilqBXHzyvJsQTI0WezBrD
jRdU98Yk0pW4k3m5KgTvB4PV0o0HfuBt
cLEPRueVxGWzgHy9OMZNpsxei5jfM1mP
nox4p81X5c68JnLAOKTMgXntmytEWYWY
WwsPmqVkUKnOPRsjub3dAndv9zalL2A4
QraLd8hzYVljhAm5fJTo7hKBnVCKBdP1
nwvdTYciloVgQRP5Qb5rpAMHLeAuvKDe
kgRKQOakw3v89Xun53dtI19a6URwt3kg
Re4ujhJ3myfbbIdsmQmBePnoOiQlbD0M
old6jLVV0YLnqEjoVK7EI0yL9bhloIKC
azN2mvm9JJnhq17ZKGpBxAqj8nlTNn1g
mHqpsbQiNkvlQ1W9KZebbvRR1mtsCi3Y
2VthJN5fkju29AK9HkpevZm8x7nTHvCN
l8AssgmR4mSTgzAGTdQphfgwEzxZWN7c
QhX4jlPjaYCfD8r0JLYbW4lJmwk4zc9G
v8wMwCEjthV5Qp0lop2gcmsMBRja2siX
4l54b1VKbj8GEPBWCyeGLVyFunYsK1Si
3UdV8rYNpk6fi0Zc5Hno8NJYiVkb0q3b
YYiHJmd1Vr6nUJ7vVfEd2rHArcSv57TQ
r58UGttCdQFQcdfMMxV6xsfrPrxoxCez
VaLoXPkORepidhBBzxHfULNaAYQ6Gy8r
SbKGk6ekugx9pjjH4Mb3nB7OdGcATTCr
fIFdeWM5pFJTJfYWillAlRdMPwOj5thu
4TJhVuKns7sCnE3bpJtshvatiXPm7wUj
oNqsjO0yQxaXE9BfC8cnhuNsZMogdcKF
RHAGr6YQmq3S61Sc7mOYOEgmlvdNYCU7
vPjcuNkkgJQjowtt8X2mHmRgh5RlS5xC
Oqxt7FCXGGNvafMagDqnuj4QGh25niuF
gh7VtxJULjYpY97jlmyShtVhD9A1KKoH
F7jprv9o8qE7rs6oW4rpWtZL9UgYJNd3
dOjzpVgZ9dALslFIz2R43X2eTmz8A8qz
QvA7H0IWnn2YYDmyiVSMtvBE9G2tjM6Y
3gDFsDyvqeeRgBwxFZumkZgvh1y1u2QF
kARAca5Blo9mVNYRd1UT497lfb8EtZLl
4M3Uuydv5H2DJpYX6AJNSwEtYsekCtVB
Aqilx5Wx05MbCkrc9Uctt0hJSWvD7i0X
YGSxBY74NwOddQTQCBLtQAeMd4bo7y4q
UOuCiPetV7Ap11sYXBf45NxDH6pQljLj
WmKGBDHp1bjekc33huoJifHbvgZUiMeZ
nLoCfXcn2bqlpAgXtBMe7YFpNdm7FrAv
aJkRp3pXPMIL2uVrtYezTDnXo0MFcDXI
rIVJtLQJwRlrbl768rVLMR9zytFabKiY
Oyg9eBePzNLWn7cAbiPI4iJ3glmGMD5Z
xtzv7pNJlheexIQcCkiWjokpuImTICv1
knqzCgZRmYClKuJOqQT4vYeeZehSw1OP
zsgWunC3zOi4ILS4z15b1iMXv5vHTt91
HsXt2FBuIpL6VrZwxKmaFyo0SzDjfPux
H12iyfctamsAAJYPijnPBk2zmpNJGkOY
mxwY9vBwAn0TWjWFOltyBWmGvit4p2HN
1ghXtKQ3QYF1ziJr90wwnuzHdsjDgqSs
KPeFyxltXNZ4VXuaZHjuW9SnjzwVDHh4
EniZ3xoKDoipJN5Mb83iymKLvLFrhzyg
uCboTTKkr9NbvfvE26uaeF8pi71nNcRj
1mcupIFSNsG1KSp8SJtxUQ3JH2J0Tgiv
mXBS5lyyMmL63lujooXwxQ6EzCB5lx3o
xo3MAWu6FD4AG7fN9c6SKc0Xp3cRh1T3
fZ1eB3nUnzXYnFaymsmqhdybVGeO2gzt
vypYAppu06uqyjEczXMaWJNjRmEWJtqz
7LztcBmWj6R4wwDJ0oCNXX8C7WW8jXFE
86AL8bSikaLKvntB7LXdjJni39JKwBwe
csJXzUli5LdwndxrnaRJWe5CL42wzz4Q
UYMyUoxLEHyWW1Cm7YHBTOPGkCCznX3F
H2qYwEQ9ENHziiNgfifP8Pk0nS2XLftO
6R3HcOEw8puDi1HA94AaDuPztNIkRgVg
UdimwGX0oUbHWm1VbFCMEtNfwoJIrJio
ukeC2MCjQvcoIQxqTOJpI3Z0jP4kQ0Zs
ip4tX4JQSkVdjUT9mv3zjCutqoy2JHJV
8eLsDI5MwaIxDb93sMHEHgDGv3YaEneg
UimQZOQhAQw1xkczMACtwcvkfgTxvDDz
MtRXoVLgOgDRqgAkoSFRuh77VQce7yEm
00Gi6Sti73R6mKwCWKnrs9LOva62ZHrW
P8CTNqdzWbs9VSefXD0dROLy9j8xNq7R
7e3l1pL0uvb7QXuM9wUSO3uSrOXtY3Ne
pnOfz2MdGCLEHFsHOKRXntbU3uNu3z0A
4C9zwTdEIdBxnUsj8ebQUkWFsAZZuv6O
a6GmB5DAiH0HRYkTOtLbjBSeHRH3OC4a
Cw0cvidXyLTzRZLpu7kcxSSRjW6KjoDf
2wQiXe1TthDOXnewqb3aMuuqz0SKCbfS
vpgJjbv5EEaYRFxgCPSgDF6VvHZqAwU6
igP4gKJmR8fBPpLU8TYJHxS2h1MDzSej
rJQOpNMWgcQ5KZTYAYDQchrfdXEio5xI
nHvcxwMRQZh5nT0AjqXO6uoF7YWxPtpM
GIpRq3IkfAQadAaIs4Je6n1LK6JICjqR
eIh4mDleCHRDLffY90QloTnLRCJmRpLM
JYiOSMtmzddgq8rkW9lKoCqYewWID916
3HcrZn9SMOGMvBsyU67kcFyxw3b3enS7
rplBi0q9VEulkUPgDH8KliBJ50yJPzJQ
milh1UgxNSqWFmaeI9rLJ7V6xLKbh5oK
hWVn6ihXFJcE0qp83vk5zsRc0IdHy4GD
7XCCM6zjY3X1i7wvFrYCUrVAA0mBUCPa
syad7bfPQVkJO8JW76JHVDSvf7JMzYE8
iDRNgeV4KksJ7MfoHKkUTJUtlUDCFpib
jCxu34zo9jjY4yDSu9J90OmcFMW2owXg
X8SMSJQRLszixthTrwZzwSfMBb7AaZNe
uPB3U5noXGVpiDNp7Gjjin0vzxrP8Pap
j7CklkRMkbfqpNX9wHBURbFMyoIkwIsk
Q06vO62ZEg084dOSBfZ3h7wnVWIAdaOM
ivn2pVbP8176Ir8xvGlcGalvAoJyPHhM
9MQNDxTygkdVXl36c9gSLsKrPU47lsrg
Lw2uErYg3TQWLBy6RPkZVtB81JEwkWGR
NBt5AVzZSwO9MNplUqoE1eqL4Ouv27ab
lhqxKftc7zwPIzQwKLbtm5LPAsgi71vH
njQteCsMVqgECZKTLraohA83ir41SfhO
1EzgYqrCcgzLyWZAppkQhSPgrZmdAESv
so08kYieNTgby54m4EuOBPpjSIwNSher
TbeZQLbmPBb04EQX1F879uPYgysB6nrG
v9tEqDpwzRVGs04kJS8n0T25UdI5Vf3O
ZdOGRF8l9oI9MKeqM64kAteRny86RfCb
nkjOMcqH0qhxiRG5CvXERoHJ8k4jQL0u
Kn1ngzJc0MCV0u8GqyhTHT8Fa6WGuJll
wF5CLJIhOxH5kQhKt6aIcdQFlKUeMpJi
IJZmY570BJei6XJyNqCeltQ4fobIlcZZ
VDtA086zJ3fJOGKNKrvppqzGmLF8n209
K3M7Ewk8iueqL3JyZhixENDRizZqmb9F
f3cRhXrR2SRMHm99a4tNxhNsXbFw2oFo
PAoWwX0uT1cMZAwAjsGItxtJbimgjP8G
mfh8GxSjEpvKjGPAx1wjcrH7v58uIfod
bVJwGjjd2MvX3lv4Qr0a6RYEP2OGF3sM
6kHKPwEUq6EiPOFqXRKOGWNr0dlUHgqo
PuMOxrY473uyiAIwHZUqDNTxZBMyqoFS
6OzvYtqWqIYCuJZM2LDf0cF62heI3cQm
gixESsPptjEYsKsi0hUHgceDNtBJ1kuY
GULCnxE1yj1X6i9TPnMquVdYlzLxbewf
WE2uaYNQtxIDOw0ByGDN8TpZ6kaI4ubD
JKRpBcZcaW9W53bEALAdJFLFwcRWKiz6
gP4Lo517PM7nP6Zq1sX0ML1IjYfgtMst
OEN6NovDjG8fsY0bIdItrtVxV3Lsjhmc
vEF8w6Z4cOu9aqPCsLJ7prl3fIe8NFhc
gIbDRlhkzm9ec9Bzr8o7cteqQSEtsA6E
DzvsMiWVQTvvRabq7No1WeUppDg21n8M
iUZX7TyZqG09zrnxmex0xbbjIDY1DCb7
iHDulClUGXx4ZNW6Cs4UCBnP55E0Oquu
FbXRmB1TDB6zfEB3qs2vhSTK3hobsIpn
wm02mr5fC0ccuBd3kUxbv2WCj9BwaM1T
xiRk7hE9UdrxPHvV76gdqrEPL5e5ZHMK
ciVUAzjTcbtlELdthnpbYbThF57iw9Qb
UGBzymQ56GPiQQNlekvBYYIgzxkgLVGl
qABmJubDI4fcU8ekBK6fLrwpJGwdlfhm
7EpzkiVij1ZpU4gbkIgKXzuxmqSemU2z
Tgcuk9hWKHZJbdgh0Se9YpXIycYLqdoB
hLuKnMVwEvev92vw7g6A6rwp1sbzbYvy
cLVcwAjb8cNiD2UPf27newCLts74GQQu
eG7vjKjA0WfYMo6kAPJzhz8iiJ5VX3q7
oAM0v4TyexhEqg8ADrKVAG4hILJhEAyN
k0XFcLNut78nR42iWKysQuBpxqIcwXHx
IwYqjOKpzbpEgI57LBHTq43Lm9b1uYKd
wqGa3m6ld4gFD8E7xk2S4nEFnstb4E5R
z9niKkBQFHI1UOvirUhNYjqvxSXVx2UH
veIUopYzIYcLf8q6wt0zntmX0O42YdmA
b8CXeVV0xEnU6fT81S24rkuQcIqWKDmD
o0GbzI12jlOtemP9cIQH46ycLV0fHc2Y
VCtBOu066IIwsPJd4p8v7dYnV6HvOssN
nTKtakEJIb2JpZL3F9vsusSdmj2J32Wr
ZHqsrKKHjdcq7rsvtqmHmle2TbP1OaQw
2qazRGtRs6JFbr2MgtMiALC292l4QWuZ
ZhP2hZTBOl8OUPxBqyJHfX4T6IdbRALA
S9b8v3hwgI5yvgndZs8grNyUWu14rcM2
SGVHWMMslImf2nGDdS9M0PRyowW8bUoc
fN7vqdmXeey1IuXdvTrN5zGmOgGeB8XL
xxYNH3a6dA7K9Gnb0b2nFRLlxV7uI7k1
JhbIJfuP9ixIiXVwZmIne3RXdtEmNEBV
d7RecaNtzaDjFopWE43TTRnSndysQzG1
sDuTT9PVjTDiWSQLHvA1gCKyWDeb6p4h
ck8Ar82KjSBnsoEWcO1VeVKelbGdnPqG
ANsjwPU3t2PFI94Tg95exWiqGx87cdw2
woZOLS9vLzYuR24Ewea0vkIb3OumqOeG
79I8N0IDk7shlyyj7tyInreVkN9VI0wA
lQGQILhQ1mr9T6sNKEV5YQW16QM6loEE
ZXSwClw6pG6MkMyWCaOTiwk4pAOuttSd
Wxie9uQwc38FNdnfN4W9FSeBzQv7Sa2q
dpjr1kYN0mvl00TWUnDHUY30B9xHAQNa
Ri1PYrVfZAunjnT7HJGhzeUNb4opgN71
aIgew6XqTT3qYXFvOPWoWVhVOpMJ65xH
qphkCDHEhl5woIwuEazzOBvLCN9TNVyw
SPSi3Su0hB81h5hDVM5Xe9SZRVMPvKxq
KdzcOITJ9pPpfBvrmdhdtvyKWiQ9XWiQ
VzlwujpOi34VwCANfOtQ9m840zEP8viY
0copfQlBF3RNpm5Mb7WafP6v9dK6Rf1v
W009jQ3uBTrfQXgLfukdrNbTv3vY8NWK
03UnR2TuYHhsiyIU66JU2EGon56pBp1h
630l8e91cgmvCpQ2XyMiThF5OSvFCgnw
VAPS3aP5aaqiRtYM8iVa8EzVy8FqfAa1
prpqdMObPtxQIJLab261w8pVdRaX0VaO
Tz9W4CRsCqyhWdcFrdAeIS2Q5javKFoJ
qEkjb9yGJ1oyyAVtdAEUUPJhLlQ0BNm0
OWKTYTZaMs9Q4I7QOgES8VWJhASCZaBj
lIklAxooKKiaCllXL5BKBibDIrJqmjtS
5ALJUWNfgwwEe5eGz56swWjiydZj0LJd
f1wx4TjpRjkkjkVhcUniJccT3VEU91i5
wlTNIcj1icStzsysKkI0QYPjSluezmb4
umkG7275Otm8dWR6T0iTMeGhNMn9BJIR
tC8aTQmIbUUOLfKvupc0Vguf0QIXgrwj
SU5oHaztBCE2AZTWf54ME7EyVLXvOPqF
PDWjw5MzizN816J84rLSQkgMmvdF8DQl
4xdoU9e5WjvVAJ58Idh1wK2bYBHDaztY
jBj1s9kTy1KVARY9Dw3vSjdlWN8L5Q2B
avGkk3DgY6p4GSgUPUCIOfIv78lwVCv4
DFBlSqQeDrffva74NIDHou956gv4ijpG
d7Z88YTyFuQHHAjKeXyrFax3yo2uYoZL
2nMiQugSvDAOalY74ciUQ5zpzV8F7SMg
CCa7xTk9hv3RBYaJWzC7YxlebXScIA5n
qiYKqhjwU7OZnr6lEzedgH3MN6SLN2pY
7uam92XQMPXtLJU1RRHiYZeBArvRTPAd
U2jNQcvu4NCWTsVcxtWFyh3x9TTepT6n
zbHSjHP8AngFGAO9kKNDbdwWllvsXHzX
Bjlrkz3XHJNYmWKhKHm8WpoSmzBCu2aH
MvLHUvQEhNUt3SwcnTtwadwvovLr652l
ovKA7AbVFkb1NuFXXZT8oNkxJnBzzm5H
qgRzMe3znCxrkUJc4z4p71AZdaRZbezt
4yTKet2sI0400VoYL9NOvGe09hyVHmlV
R0mT0zqGGtav3Rmr6BJbVyLPZQwRMAUo
QDLwiLCAeQEM7SmMS1gxOuxJ5kFQkT6Z
xqAAz77lHF9TtnqzjxDFqAL5mjpV8HJ5
v6pURe7mIb99LNKvycz9dsjEa4iO0PAC
mExzxbOtI9fhcleP4HQm5nCAqSXWLFRV
hvO2XEqFALdH8IhnAdBl9SbfYyDuQAcI
1T2g4Q6LwQFCUSv9aGtZD7kDxIIlTpyt
Kv2aJsbiKfqKV5B5DtGfWq45tLPjz2No
4Zq41OfqrGyl3VByxCuBXR2raVh1vxEh
pdpPMhehMjyrdS8t3vgXKEjMNAPKF26U
n4qII2RGUTZpIA5H4FpF1ReaNOYb338L
x9QljISFujLLCXatAwJz60DbHksTTGxG
laput1TqxXTawOrgDLDvHFdkMmMkg6GD
Girna5x1d6NCAkWWmabcTQ9ucbmkBHA4
ZR76UY3iBUucvAwcqBuikJeMl5XBy9fv
PCH0Q6NR62MkvL6mxO4IdA7x3AQCWsdJ
tQEaEC2j0xBoE7ImbAL4DNKch4YTA4wx
YZATZ59XoCjiUAhr72rksBAbGuEOfj5N
q8hBuxltJ6B4degSHpyBQj1P7AAm17JZ
HWN0pHrnaP8y23EyAbFpWoxu4Sh2pj7X
GXGkNKSmEuCzqE64Z2UwOlEeswOnAorz
9A4fbye9q2XTdlmx7O0iKfEYqqq2priW
gu5vYGDxEFEfCJSGH6bSI9QG3mAMf2BQ
pfI5DhEwgZBAD5mrRC0UWoo7uMtIgP9Z
Dqw9eiIbiPaSrS2RcLOMuVLRsvjehn0r
b9as8JwcIZeTRLS5vS1Nr7CNIs5skIBp
WeXgJPQTs6z3ecRynOL9r1qzDBaCsNkX
Xl7jHmmU6HAf6ebH5beB6uzT6pAo2GWp
WTMkUMeXy37ibVAxdDnFs2fs2HpgU9ju
1pMF05eRjjmEwYGlonHrFFkog2kGWkxi
d9aOH3I1OoVwyXY9wSue1KfCrqNkklDL
5tBd04ZTEOvzlbyRid91tWMD305foKQQ
r5VqqZaAq69l9FXBAxYFJOOZbPTOkckq
ZEyVUYdVLqr9R7A8VTSN8Ya05Akrrydc
chtJSGXxCGKKQUcthNjYRGVsfdhwwEkz
I7yRT6f3Z58WHYBSdece3xX2xqlu6iiM
ItopqdYHsePXdPDIwr7gDLwNkzgCzkAP
rT3pIJWBVOQQyjGLf1r9ihWjRMlMzP4h
4DbzZoJae1TjpAoNInAnhhZtZ3N89578
voy0C5NRHwq3JjjcGHTl4WlvHNsq1BHK
HZiGKyGAgcHWeeHlmsVe8cHJytTA9LWi
S2G6003Oyg9fRnPGP73P9ZQeZ2ChELYR
dvnKUY6hBmQNJajgzZHSCAtnlyxj2PFS
pBd5Up9jXtY2RMB3YMmr8fovC5tCCwuG
LDBYk7Gzuug7POXOxaZN6gDp8fXA3TtZ
t02FWSpx4JfDk0kXtYoTxQl9TEeDUH3k
Bpc3OPV87W5zFSqz6SwcsZ6eHLfA41sb
y4Y5fbSydCkk1mvvvQVOFx4PNiRAf0yJ
kaPVPg1aplBlUzyY3T6F2lnIaDIs5t7I
Fsow9InxAv20kNghn5gAkRyPspa6sQxy
dmjxT9SLt5uRY9zYYhJ44nh3XvDfE9gL
kPrhpJtCjmkdsDwb6qlQNDSsBl7rYU5Y
3yTrz6AU1xiTxeEWXvGVIyoRCKB6Zsnc
Rclu1DEOZpILaIrzFwnJQ2NbB9bSgHqc
dmwPcZu8zFdssXUvmyW7bg0f3fiObX3K
Op4CMQfJopq9n8PJrLVKqDbJfGHcFmnt
FGEil0zrR7ZeG8MRjFOU1npVAQIZ1p6z
i816ilR16CURzTlbWeVydjLtdASjX9CJ
dNc193a2sYo0iHnRBIMVy3T82zhs6dVR
NK9MwdAtyG6Xveks340NVdwNy0EDeY1j
acbOY0VTAcASmuX5hOOS1hkzRdxvU2CS
d737iFkLihUoj3wcGz3PbJ46e7CgWqw6
pvpY2JDTjJGDqpKrVUWlkDEinvoxIGGB
g3ovTmQjAzoRuxTtVdjdMPhS8LrrZL6d
DgXX34U5XpdK38n9wsEdMYMCpr2iMf0K
BSAbTbNWPsFBCVzMznfOeknZL89fKrEu
SQwMcfQwBQgFlOeT0IDzsEKzaNbkx3dH
n0lYj6vFvpzuFrCZo8ZmxcTJtjzd26qX
1jP9RGsfgHEv3QucJ2GSB9ZcSX0WnBF7
JkFTcGn9W45ngjcktPuHf3K0ZnaX3ihP
MuWqcU1y3IyY2atVwj9AtDvasvl0Wip8
WGIOs2dLTgC0BkKMJmAPs8C0SmVCgoay
aGcbbTxZSK2ZIqBILQ6sSwbueeLwJHkz
1ALUl1ggexJmjvAjeUfNH0duDhrroXbU
WvVikALoobWT8TtPI8Jlbb5EgHYTkG8U
vE4LfjUniuN4ErA2TKL3jVbY8ZmJ5y3Q
Bua4ZUKdsUIQPFoRV2V5d8WK0W86iSqd
gMApTuqrqwPbFtAxDMWuNBkJLkLZXx0t
mV0lfSx0CbtHxVm6RhiswCJvtrTY62mw
jGuu0XP3W70HOmoUhLom18pEnSzD875Q
dfmVLjj84gX0y4leg2Ksj1CGslnW5bvE
U6qkt0dsF7YnyVPEEJynCJtkavO8iTVb
f4ANBjXVBEYkSjj4zoBMjuM6w995pHTq
CQlyEBS1KNP9J2cua6x5Y2krL5m0Pbqt
Gtz6Y5quUeHaQDE8BElAXcBpGVytDwNv
3qJS4c5wiNYVyPp4O5cZZl1MLpOCvVSb
ob6pzsvvveivIogK2Y2yeD9lNym04YoI
xYfDwd1HpFEJxmVvW7SuxFfoEPXN2K8i
YLJ5niukfhvK4M7uonCT2v1ZEqgEDMXT
L6qfteoyA0mwZVF9nsNwsPRNbjGAyb8h
IQHlIjpzk3WnZuMbqOdDQusHrC6RFfrq
yQMoiXQBDUp3OJOTlMNqylyffSSWVhk6
a0vJhVFM9X167FUfgz4efYwKQw8lHWzB
bjjbR8Jv6Xb09dO1gNpByYWl7MRmT6ni
KJL5f3Cd1LBSFynSsdtMBJHlt4PIzVYh
bQOErzaoE8E2dQPilEtFluCwUcmvlDgI
H72Na6HAHVm4ZTQKolVfpr1zblKutMYi
3ZrcJtxLvgZbtWHCtQNp92uaSWwSPVph
wPmTaR124t11GtaARwwYsFIIXcJBvcUJ
z1S7cjCq32LYOXPDh8TTkvcmYc85Rj6P
Jwht9PUOJvudGz5MYvsgZXCHNLjWZa04
Y8ibIZ2Bz0QjV6pnGTQ9NPP9QaHo6UEE
OrX8nfJyM0uP94jPwKzbj3oha6F4bn8H
XuNs9jRHsXumq4VKIAni9sbixb8vYLZ9
iEniXwMpG3SX05ryYhL2EloQ05atVrSQ
OHpcbIiIUMVZQU6bnz28JDRJP2W2FeeH
ShX6GcCn5rKtYFimJXPKhsq0PhldUl33
sZBnMxU6KSPD222ICNH0jNKxc1fAiOba
PHLypazhtUtoomrdxjAKJ9lZOZUlCgqe
8vCt3uy24BLH0MKB8U508JXneh3G7zq2
cipqoacx9BImlFCrOKcdlFe9gHC4ILNK
qYuo4RKnFa2IQGpFIr7YPHWeA2mqv23D
sUGPtw9aj7fBq3tZv5IlxKT1kwbQ4AJV
qLTgVBJlpnJIjcwKfvhRDGxVa80gDs0D
gBNIh49ZojUHUjIV5ymcZlbSi2ku9kPP
SJvyrtgzddfYb5K1h8EG5zKVskvzPIbN
2dbkXW036liIPoaQ5jA7XB5zHHf1Hnbg
kWN3e3sQzYMAjnKuXfWyQ2n9iHim8Bgo
0B6kBFhmzP55h4zdAqqHbxBZOelpT5qW
xCA930T3WVlM3phaV0OlKJFge7c1hbtt
huLOnhsbzH2lRT3WA0ZyMt6RSMqws4aK
97J8QfZcP7HYf3xpdqzGnU7wTxoO0CXS
zofyZlOMpoYRG4yNPalo5KKT7yDR4Ah8
aToPnf6zht5HieUqWQbAtpPcBWFIt0dr
T1EBADH3U8ryXDiA4Z4vPI4QmQRBeDNS
gpEN0ukKnYo30AnN4e7YfPgQW29Gym3l
Ky5OZZOWGDclXaoPnCW8UeoejTEy1MTu
LuN8MUQCqykE5ZsvnikiACNIqkgn68DN
5ERrsCqt8V1IzTFVJij0FhPHd60MI1jo
iD3xB9PbEtLwNLoYzQ9VVaK8m93ovjpG
mIEOwTLCkAVI8JEnajebWDYUyZymTCXU
9maCh4HsA0bR6b45cMa0HZ8DQQNCxS1S
fpTrBGte9ouOB9uvFTeEXeT6en813BYT
4shnL5BZmZtqnfH1TEAff2zkimqqkEel
ndxQuNqAAcAcHgEx01jCclzhKUTFwa2B
qtNQUJEk5BTwscm17J15JEJn5rCjELPx
Xm04qxUzUR273qgpZEsgGyRnozX1hw2c
7P4GoBvyYm2XgWmpPGW84HQZO6s7LF8T
gJpu9KvqOiu8fduytMnIGoyOqeJO11nY
E2ldCcFCVnC0RUAUR0YDPuzuTfvlD4lp
ARMe9MyczCYQQXXxGd75J4ZSk6s0ERdr
IcvRMKoLWWpFqdBUfBIdcQkeHYt4tQvE
wHR1Qxl3UbOQSaSo7RVixV1NYvKdYQUx
z4a0SkktwROfrrckMFzIot0zdf8z1N0D
SGlCJjsJKc61IwD9LILq85tqv31nfddW
wkCGiT0AXCUHAD1B76yww5WIwPGEapCS
q7C5RNPJyiao7JpyAISClQcnWYqOkOpk
yqJdXzCTJNQoMBe7PGnKEdTsJOAWOogs
q9ttQyBWF0DQuTEMfDWnOK22d0W0hJ9m
0sPXpJbfsymvJqo77109j8I6JKbG8crB
RJakrPAzsRYhUWPb8Vm0wKq0PLEEtXAZ
lAh4ap6ZItnnfVsuTLwiRobUacmHRL5g
jL3JserzvDtgKK0DHHPn1xOq5ZNKGWeU
H2km0IgcUdVxFrR1XC0AwQ8T6TrcywJb
piDROsXewaflbCEskm7EtsbNilAbD50s
TEb9ViiGSo3jzsJcb6Tu5KOP5MSxT6hq
HbWdUj0SQmEpJwNtAnTuPhOrewPhMi9H
X1x1MLjI7gufzHQpN7e7PY39rXSfKjxY
3wqxchWcFD1XZ9eMdB2e9ALo2Msg8XJz
wdE5YQLDm5Qz43sOeApS9T5jrLs6zdnz
HjLJD4DKCV67UuKKo7MU9BiUlrPQuPF0
QxVC9ivpnWms09MQK2CYbHOMviI3oT3R
BuqpL2rrCpZssJ0NAFnQIVv3FWjVvTUq
nDzC6VdWmMZHcCfUyLaD2Xw3qgVFGelH
tnNRH4yJuuttzD7XFia33GxmwsNaX0pP
OfUnQMK2X5cu3nH5YVXXrDA3FQ2zFve1
qXrOfGajbv0YwxdvTVZ9qpCqoHpKHh80
HjVg56oaqS03v7mOoM9QlYmecv37mNTZ
aK0ZdCO0O7rwfChVkKsHJUc1GV0XMo2T
wqx5HtiZRaOVJBzFYXfIoQcwfpeTamhD
jRVg0bOq5JRNWJqpHhVX6YnaX0ycyYrW
aOKhBkqVJtPIkxPoNL820ceCIkgmBZKs
8KdevpoiZflaQJMxXj8ehJyEYoQbSIV5
iQb0LvvllvxUQbMgZtlZ72qYv1PrSIR8
Vn6aXGDLD1eSAoWX1YnB8CyMj5Ms2Co0
fsQ5JaEs3kuhC4sIAxpGaXZKHuknaHpj
dL7GZg4RpoKPDWfc3yXWwffiaCeLdT6T
UhG2SoeemqR1yobad6Vr1E1BYcaU24eH
d8tMtRurv5pAg1VNgXnfSZMMDEOeuVGp
jOMSnSfi8pYPPuMy1t182zvtUXgu3N6D
b7rPG2SdKotufbRWIKUTlgaavEWLg6KP
dAkK6ecPa5ZKqf2MZH4cva5zGYUg6i9Q
QNVoKllvOz0nHyeSsU9wxIGW5UIhQtL9
Dkk4ZbWW39wumh0vYZV2mkiYXsGUxaih
lC0VmSIz3uLnx2bdPXwpvAmOa3MhNClL
ScNIhS1UFKNePawLEVY6QAYQv4DoLzbT
Gd7bHEBRroojyYZr3EeGb5UMkN3IeBkP
XuQV38J0wNHPXcQTWSfQz0iNQdjS4zrO
34HtIjZMYMEFT5MuVHCrHoTCJ8uhduXF
NLZ1mbXu67JJuOSKWSEGy1l18dp9dIif
caXK13YEADlnjTjYXexTRu5GGxwKVsw5
Bmr7NzzVBdvNpiixS3vd7qd5gvQnVSXk
dEVRQFrxtVLDzKijm0PWkXUvh3LiT0BR
GdXa5JuiX6SL6DauiikjfHzZeW2Z3X9f
4PkuMpVaCH1tf3x4fmGmhrPGWNJHYfNA
wJwOglbq1TlDenCxI2o7IXNoJYSSPvfa
ljb2KqHMFDICngnf6q2WLzCuP6qoULyA
dyfTKu1UvWdG2L5vje08DbH6ZSVRwRlp
F2Jyqtnn6MF42s4K3LyKnuSaNbpo6AQe
zTa709wYXqfVPe4XMnlwvN5SqsiprWTK
dxoJVxTPw2G70SAavHcQC9JkuyWaJaTC
F0O5fvwhw648C9T6ZlVnDc9SZy8XAcl1
vx600WVZY2HUObRscqyyCqPgar4Jc0i0
h80wXGrBHP8T1K2hk0noIPSlrNgQ83VP
V02mWp5GfDORcUL8or7IZwfCUapw5KWs
IK74UzGuyP62NKHoVevpf8ZY27JDxVtm
SSLs7MVCaFRsfGeS4g1ceEpB4IPZBnQ7
wfAhr9oGq25w9ioYmcIf6DGgI53FcNrY
Ey6o8axiyIoWv0GCP1L6vkePPzzoEq4V
Q49tyyuGGgwntUDaEvsO0dSGRXww5ino
1yBmAwTm4rTSymH5WuGTuiyRWUNlm1Hn
yr3qdKAZlhKtGBQrYX36tOYDCltC0Ip5
KQNkAvTejFPc5SRwKJ8loPo88vZpUQtI
LGVoHzbMTgJjBnmlV7mHl8sbCQVVszTq
4i7UQK3EHrpp6b7jFQ36BApukHM1TdFP
dQK9t313jDcSlmPxTS6cgCjnpCWswlhU
tnvtUO9aHEY1D9bqFzhzTUBEWysCrxs6
r9fbk9LTLqRtZpZcu8w7BXKsxE1Dmeyz
CKP5GRUWAv3X0qzhyPPJbApvnBHasybB
ccR0InKgTLACO1YEoAfFyyJPSKIwgTqq
feEv3QiFed7bz9N1iNpujKaMFANT751f
YKsU5ElEEf6smLjU24PHVYSnuQeO0utI
gfHuG9BAxlZaC4VfJRj2wacg7NEZCYSG
gVqAsHSe4uHtuu24bRsKKR30MqThBCFb
ASzhRTk3jVyDdblsLWcXWVTRNrnnL6HG
dJsxCgvshYTRIgrtPbipTr3aozAHdbGY
yFxK8JcO0DxzFK5XpH63wUhh4qEe5qbi
I5dvIAM1dKe6H5uREK4eQAwSqZympcZt
mnl4HtCej5YbcsVKd2ZzLa8rOUBQhxY9
iLtLUFFJ2RDIluFBaYLmDvy155ydWiUl
OgK836zvRg2yK6RrIiCyoMCoBzib45kL
8nm4fQ0bhJMIW3YwOzm10tzdNKknMygx
MclCiiWJOMR8z60eIcJ2vIrBPiHMamAs
5q3jZx6deFPgNGk0QsTJZ6CBVwG4H9QH
zQDZPmNzbKxg0nyNpenrbOAYwxQnJ3bv
3DEZzuBh6qOvVxBYR0vTGManVr6vQ6Yf
SV0SZApHx4bP5j6IVI7pdGwQIkT9Gzre
MNi46Ovgj3ogZMqc2nmg5pTAF2ZD1tH7
gyJBtii27kChbiPepdLRrYeHojZOa0Vp
QUv0XvuwogOyjcNtFRSLp3BCBHCA2eu0
JBeDeGHeP4lo33iOvDszIIRxsuuDb2pf
XaCxqdzquCEl37Icv7StMBmYVe02TvaQ
ioym1GyOqIROjbE8Os0vQq99aTz5c4r1
VBmKMe8s4pJSBoIEO1w2JzIQQKGGeRKA
AdEL3YGjOxyiV47gsXiS8Pzz4uCuShqL
xbNLh1FnkKVLykNkX4Ud8iURH1o7Hd1M
O7BfdvDCHmtk8Hj7ltcDHsIbgkD0LiPB
wvn87f7xOSQkeLrQfuVUPaaZX0XKAPvh
2GBognokQ2aPLMoejIYNPiqFXbODl0mi
ZCHxiY8Tp3187ahfmw7f0XjMTd9uTPvI
y8wUthJOUaoiXZt224cpZ92wv0gRCChu
5xiRWbONeIXp294lbgGskFQFMi2Y4uB6
xw4bzGoW7Vkg6yXKJXj9o1P0k9aeTlDT
nxYqEx0HnFqXDbXwCnUworLIEqCHttAW
iNn7odBRbMSoWbDPuG90BFtIkXli6tEE
Z8xYzaG4pcjnAw7ZmnYzI5wcYnGRYcjN
Sk4K70AAcy9HI5ScqbCctC8qNVFcq7UY
uOSfYmv5fXQdYlPHfzyxgghkGbUp1jG2
SZZmVSeZS6WDSZsKtldjUSRjlXfdw52g
zv7U3HZ4DSglD2SO1EF2mvmRgdWCUR7i
fMRVGQ6nLC8oiP3k3yzt7b0lp3BE5HqA
k3wvfWDGuxAaIv4Do9a5qUPQNGTJ6OjI
h4mdADFLsU0seVRkR9Dv7P2m6dKQgzTn
0Xt24i57Kcql7srFG4U0rb4KW4dpRtyH
R6wMRVrR8ZhwLB1OduF71mlPNPFBD4Kr
VoyqiMeupTnr6KRJbQWnuhVHJiQdHo3p
59m6TZn9oSnS1ixLbE5gwLn60zBG7Tvl
IjDRnvtKrwOhQtRQEKu7CItuYWOyKt3a
RvRWOKAUhmrbZIo4pPIURmtr3itRoe48
Z3bzBLsHVcHSznjReBanDjA5AMuogQSC
79tNYUrF4YMchRjR0YN2xNjrGObdangT
1wQvoS3oRVJe4djlki5nyCPU8yOHBvoQ
CgzvjQQKxkKMnsmGbrHObQyISxBJbTpX
SCwxBQ2de2bZ9onRF4aPzlQ7X0QgOXOG
pBjhxS71pqHi8QEs7jcqI2QhnSFoCQd5
R4hRxQDZuJrgTUo8lpV3bYNI5gquA03n
wC3CvZtSMVhpfGZ4p1R1TeFSvvWD5oXb
BkTBeyk1RqqklcCCopdp0VH57JPlq62Q
6mrK0Yia49xaLKOgq13rZdue18LPQo1X
y0QtZgrtRpzfotCn8IbTR6jRCJw7ZvZa
Een0uWr750SKkx2n8S4RYomRDBEL3nze
bAy1k04hHrAeM1ykjdDXzTicoXoOGEOp
P5exYciLV1Y78MCipeVUYB7VtRtkra2V
rAeHjbhRhgVZGG6gJwM5bSKOUpbP4fQz
mIgP6Yktf1Q19QgGnCOhqNJBbAEombcJ
0ZUD6LMtS00TfqbVNaYOcSBE6MndWRVD
3SV6siGLKkRkKR8XGbtyPn3gg07ovKVp
idJZ9X5CuBHJhcaqu2nZhjf7spRPmwiA
E7MmSU0GU6bNj4TziZdneR0TM1KnZeaz
sI8jTYnG3RxiipzkGxNdkvECisxsHDcA
xvjJcVR9Gi6MwhMa07aOTsh1tLaFgkbE
2GFuT7NDmYILcFuZqmGb9WG96WPbeJZj
VsTa3o4ofCLHXv2QcdqcIZ5ddOeLnlDE
kP0FnP5uc05qN7BlvjSmUmfsG4pCLGJM
cJbExOTlNgYIPdqYY24GXzd9doP79RHb
zv5zmOO6Hl04gFQN006FQXUxcFGe59uY
LjpRs6SE9bxsWZGk1Ado7THmLH0cqV37
LgYIfjWkESIRLmthyxZ9SqRDsRow7Nom
4pqqpLnNPKEZskMD93SnVvhTwze3J3i6
b3GZc3hqBGO2WjeLG5U9VF7epKtd2lHF
l8ybUfZfVFQJwDJFJyVgZrSMZBolrUwU
OMLJoAmPtHt7TK0Ci9oB4Nmxp9s7rKN4
S3MxqK50ehbTjJKnMX201LtL5YlA00bm
GJrYKVjVfdiL66zi0ym20pP6vv3b6h2x
3qnzCCpFmegJhJq0YZ6i7LHg58AKRCdm
c5DkvAoYhYwIJBPL9FknZiQb5YF1AdaC
YYhZWnqibwchenhrcnivdAS9PJyBiDDB
M7xbkO3Arj1q9lDK3fIAkAlJ1qCDAjc8
ep1MRfEcAdluI901L5xso7huvou0WPJc
5QxgnXw76CxeH9hOUV0fiw4ct5AhaIAe
ILVLVjx64Sk1wWrAlQxMjJ3oasoHj8cH
bAoiqMKMpP6QIxwfF3MMuOxTbSIMdNBd
ykAJaX5ra5rcHoxXPKP4aMRfkwaDwZZi
lE4wXbOtRwLFe1nHyfbxxU5Bwr3rvWtX
kRsT3e5jWoTSv9G2VJdWniJRycc6ISUA
vXjXYmkor7NgbuosyL3DohAbTaftVFEO
9BGUXEbL7yzqvPXieh86Nrg6uMP6tkYH
CahCdpaCejslMWWk1hGRzhkOa2Lz7HLa
suaNGC8xDd2lJZptI9DqFI08ZFc8lcIC
Met5G9madzwbmmzeJl9X7Zq6QrzoXfTP
HWrNcEmO8MTXwiqrqDlLdBE6e3oOV5E5
1o7OStTjLOZbW5Lcrq1RtOWSWlmM5kYf
JaUsXf12xpmfhUcMCnzGwYcBZVXVbs8I
AjitkiDlq1t2qZYFhPcggvzixO8SD5XX
diw5bcAN8y4PkOc2Tgl12bFm6ckB3j5Y
MD3V20zZTHG4VVlSc5ccjJos3JtfbaP2
syfWkhRBpGSIYUehDj615YSYuAcSO8ur
wVDlOwxVEr9hvgFFu7v97PkT5EeEPSax
DAtQ2n4QvXLz66HayJ17EsyVvxtlRIjm
Abe5ab2oRohkL4p4b9w0lFPtgKu6JBTf
focTUzgniIQhnbCoiHpYCfUbYllC9Afd
uxUSteS7V8juX8XY06BPUsKsusRfSggC
yCex1qhm4pjUDeif1fzie0wEBU6FPtfg
pRT12HYqn88LAYFyaQIVxms9IUVl7ppS
qfiyP3iqKjMum3vAD981cEJbylEcBxbf
KazzojgEYLT5F6hiJqfP0c2iKf8V0HCh
rzb8iWS5XAWwlH6ZF588BCodbt4Omltz
V2k0uTlg6uHLn4muz8w89EEQNYLEf5M4
HUNBjZPzsWAHCaZ8wf8z20ojHLa4fyIp
joxmSiDJG6x4DjqBsuuv2PQFRbP4kkoB
KvDMiLFjp1WHn8AR34DsQueX6YNIkfGV
xQ1rcOo0sxgVLZqF00DV1NdDSl9xhXTB
3U3jZlQK3yxpWWoQfpUjBJZtmh22H1nH
2z7RIZzXrANSoliUdlJXG4dNSEPJnh3R
kAIm1Jp13oh3p2m6ijaXCN8Rjq24jtTc
Y9Rvip3aT04Nk1dZf0CbyxzErJxQgEtk
BWPpzGG3R1xToVVEOXuAkUcuPAWEpLqB
PlyM4ia9FdKSTz1SPd0Mtpeo017uC5nR
HCXvk5GJ2D4rYa1qmfOLNXWnTJAKjugz
Fu3pFbcqVasFJfT9ycVlMmkhIXQO9MBk
a7fW6LyRuk1auLj9gUpSbNcybP2lJzAz
KM0pp8vqVcnJBAVz6K3uwJaSsmNOHsu7
0RYn6tfFtsIY1peVUVkvlNtvuseU8Eya
zVvUwIMKEoJhCXYaHxHV3SLttgtkLmn4
W6T6AT3haTO03JU0Nyd3h82B0OlIh0Qs
ab4VYe6FOCFunpcc06fHmybP4SuEewFD
MakSeP5CspyXSsYeMQGmzCKfeIdXF4Vv
MtSoNiBBJ3hJSyjAwAny4IfnRICS1ixv
MgAlW7s3sfknt7CoVIW9SYSGleutBouK
6JFzNk60rLwoqtKPKLf40kGRjHzdzxMD
VGCME6lfYaplRgmXDtCjTSsp4DPImg01
Sye6oxcPU64euy0JOVDffFbQcfD8w3T2
90C6Ip9khwIZPWq9LnpK2ZjTxKJAf17Q
XMRld4sDmgzvfZYPeBbRgnx7zhqbvuiM
lK86RfHvnaRgMVKweX2x6oJnlr5mcIKD
jRyVC41mAFDrwYMok9bNkUCLzVMZPC48
0qnt6y6zwzdWWNThWgwMdWqLpbMZGRgG
AYEzxiMno3r2Azm5NHtaHLDNbn4miZZp
JINiLSArQElM8rtMm4gEOYvTqGGD3vkr
uwZRWOLjmohlu4pPWdFO3pIPRbg5BaTD
vHUXlacCPAj78WE57KEHgJEvHm4fOva1
w5LiMPnd8NEsClTSe41Cl7OKwyRZR86i
8pjLoNQEG9xzof93KhzGYoUKMngO5fmy
tSZvYDGS0AmPOTcYTyOl8nxsbRY54pAw
SiX5RfkORHwswbnqjjYdyIvbCKj3RlPR
nUN6lypuqCGV26nWQZUxQqazZgkIoyML
M0DWMKFNd3XKHaoXKK0zB4D05XjDqPKf
Sbhe1OyTK5OWJPyPr4ADNp8Cstcr5ENw
6qo2kbxTp39EZ1nAJvDa6DGLs400WTIQ
lEG3x3N7efC0ZFcM7tS8W3EdvMamtk2b
oH7W9pjS05Fb9vrugaw7JDu2iZO8yCR7
xi9iG1w2MWOsw7Pp5E7QNQIhVLvRoR0s
XYkg5QKh4VdGlpTzGtPnoHkhtwvsyNBz
dGLxyFvyTp30V9jNSlknkOQJawJVLYS8
BRo0BfPSJY5A9R1adzMIFm0xxxonp119
zzGDreuoc4jUZB7UmLQJ7ELsQqDSvxvf
yt5IuNvsuUbsXr0kYqHKIZjS9I2lT1cX
tn4IitRTV3jotd4V4hMNn2F73XMF4Jns
7eNwzB0w8FTVpbQmffuVkpyr016saBvr
mUqVzj7eZtiNV5k9ViJ8uo2AyaRS51UZ
zw2OzNohcEDZTXebZru7bllJis1071ve
P3J95dWshKSvjvxRtqevk4RJJcW2t2Gc
MgKNsfbS0DubnJ5PbNWsB3iO4JnM80ZA
C2wENal6BBM14doZWd6zbPMEmTzuGK6C
UQWtpxwoCuuZ095eIp7T2xTdJQodlcih
Zk9atLhTp6UuJnyJysEooykcYY91LcSe
6svC2kHR9junqi0PcHkc7MdDMGqJWZge
kmLiyP89sF0VWxVhSiEelcTthcyigmii
aza6I2nrOd6kcocfQWnpTj03OCJLRcnZ
t0pVb6qpgBOnZrXrTG5kvsHqAywocEv4
9ZbujX3b8oVljChVOg5KkJydCWXuGQH5
a1XyT8MNFh5dKYtfqx32IRKd40VKggc1
SJODDhRjXGNFEWNoMmi5DCI0bzvqyKK7
ZsE0z28AKD8ggSlQan0IjROxM7qV9PpZ
iMt0GLztUdxgVQi5duRHSoO2gRz2LsMa
Gvqpr6QIR0RI0zu5j7fQDO3M9IyD6cGC
3ggzQaFr8MhedVHVzXHpZqJlWYtoqw41
kql7ae7eoNrlqpyRIeiAxfMleirz5zao
c2947CH248zELrH7GfNOstvnv10J3IOW
xn94peSYmsYR8KXcnNJ9MzEVudA1VBIk
HIa6f1ywQe55jeutbMsb09gzBEyka8KI
QhJpGe0tXwQEcWjqNim5S7lI7Gqg343L
6c0yG6vcqgzQHCe9WndC5jelMgFHR2IO
0wqa004QfRrvFV1RRoyOJnbEzmapjaw8
N03317oGzIrYXFwCY2McpGlX1VxGxzvo
NWJwWpG9iJZaDSAKRqJA5S9nSl5I7AXq
U89H8Np0gjkuQz2hq9cywhwh4yYHTNxO
ohEvxrGHQChVZkbyIafphlKhra2x9mds
J8aN9ygV9bQfgLY0WdpkHnS1bhkQuyPn
6QmAnfZKlqKGgqwHrhEjCVt9Q8m8r4e4
RLoYvjlW0qkerPvvTdQLZmE4xkBAXppt
XcgawQfZZbREnzxGqukaOUkSrrFboa1n
dzG9Reks1F6KimqTH6aFB0iOKVrLnrk0
JB3L9MYqBpTA9vB8wR8JF9XMnwPZOZY0
Sr11P1YBFjIZ5ABw9tMdQX9Fr0Gj2ukX
XFyrt6kQOcppsjZCmjuOJptuuwjyYZWM
lyy7weBZ69yRril4Cwphp3lgbPqXT67b
VaX8mkSSA69ASosqzeTvt0T0lmkwFFrw
jIOFbVQht23MOG6GWVjCs6gxLcVVbWL9
Qp91H6jdq2l97lCrwDQHnbS1ifsp9tWG
tlUQjfTQRFzgQ3XqvDdLYYP7n5zYqrTW
2BfWsPsONiIMmgtaYs3rwJlE2XQn5VQE
qAuKEuGvLdUg00oJbpM4yDAYN5azTXnK
lsrIOvCBYyKolhgJ06pCXEe7MQycDc9l
4iMjuhn7qTDhBywoxN6mid4Krjs9QIkp
0xdmETf4XGzMCKrWkufO0jb0qLo9RtKb
NH3jLR7CeTypJniWIpMVHlNiusLBAP5v
eA5Cb16ZcuV0gICrN00CPXu5DraDhuXw
CMFYvSpK8bzF8aLeHqi67MotLiZg7NGz
kgEKEVT99p8Iy3DJhaBLZWhdQXNTskW5
Dgg7PYsyebJRZytop2q094UP0BwSv3hd
dMiZS8uebiiuHJP5ea2TTER7aEiBD7Zs
7LOaKCQRy09lZOeL5zgPKCWoWFScA3XD
UmYXplR7SzajDHZqJn01N1O13YWuae2u
XlFhhJ9UNfbX7WZecwmzUWqv1PbgwTOY
tZ3NP5ziCd8dblw6mmMmiE1bsKsWVJnh
uSIgST84ra5zKaNLhDTxkQfpqGmsgMSz
AnBcGIvrhQAoqOaOuccfz03XKCDHf7gu
O1fggywPIqjVvpMKb5bxGRMaDRJXMMAs
YYGdKSwPrAjqBvgWWdFOd15vhsOHH9rT
UCaF0qr7UwTWiYsZEp4WKLRzh8oIEPlZ
L9It6jg5vTzUlu0JZokmVIvVTS3KoxUB
OrSnPgbNlzHEKpOMHkzvEuyv7wMYrL2j
yASMN13vngAaOZfvZckom9BxsSzpSAVg
YgniQO05YDTlYS5ESO1QgUFL5GhquJLf
TsOFSfDTunOxKyA76uBk1XGPKUKFdtD8
FSUGL5M3hfCnVgWTefkNcrJ834JIDvsW
n60DD3yAIPHJKFMUfv0Yd001x78QCrDp
US88k94D3CmZ1EzPPhJemC1NbO8QOaDk
THRSua7FYEldR40zicMyt4UpbUxeUYFn
E2Co606IRAnAzQYc2LRauNsXJCydchMF
37qYTx41yrd6JVL6WY3DYS7rOqIsY7Ud
d3DkiG0XJC3PXh3FAMmcMric5Z0obPoq
Uco4nIIDLgmD0YtR6B0JHHC6IJhhSijC
ZDKOUHQW6cq2jRxFDn7r9DiXalgfPsGo
Wyxvr12qcrhaLoRCXCmSYmnxa61ZfxPS
0Wfv94nbh1kxJ7gops2zdJvoxeuJkZyP
ryJN2QCxACwfOurs1QZZkzpz7MXFeG5n
n5qD7S3DFRlyba5An9VD3Ir6yQFSvEY5
7rUSt8adNJlQELZaOS9aJKH452GvGoow
cYPo7Yo6Qt3UTepx2NLU0wRSlaUo5SBW
ZoKkUvs1J0Kxj87cArMtjuspJFKjGDMU
6mhwmfGbkA2NAGx7ktHjruu6KlSaiZQf
i9uEGx6xa7vOJtIN60SfY6pXaVyKKu93
NkIBuAQMEbmepEu2plZiEYuZ4LPepv2x
cScQeE2Qx02S4S6v35fAqDEU5bPc1Qsi
whodDV18vO7GJ8n79TNXJOtHBeidlXy0
FWuWAFiE4u7Uy15Dt6oArpgnf4hp2asg
R1EIwp31HmhUWTKX2mBbzIkianq16yUy
h3uCuR2nm8EdhUcKfytghr4Zh6XsCgYq
vWaDJRQdIYDeQY8j08nOk906xT5k8Zrs
VENoBL0SFZkjFrSyERGGtNQvsageKPO4
BHpXLFEhPn3gS0uFe6CAu61liqd7rIBe
7jKyn2XZ8VxpeocTCsIzKDQAzPb7fniy
praohLwtfWJwbWHzITaPkgxOlYufd3PE
GTZ21OGwHfrPEJ6662qTzHro1kxpL2LH
2DI7RbBWH03prEzpMBduOsFOYZ1OMD3V
P7lye0YwNBewVPUq9d6EeZmmMxuKPbYJ
tJTPi9vf8VuM7lfFg6BwpuUfPaQUJR9Z
7MvxthoI0jmhbGiLX8Gax65gc0z576TE
d7IOjifKjVFFk3I2iHwHzQR3QSTwVkj6
jCwAfkQPjTUeNHG87n6X2xr6TMt1CntR
3NP71kK7qo9ZpITom4I6LvKTCbBfQlYJ
rVgrc8amKNLd7GB2uvWDxRh3GFwKIBKv
sf5Y6D8PasmU295P1pHIxd3HlGuXEaGJ
vPqz55KCtsX6cIb1I6Vj1fRprXNhzo2i
RZ4NQ674XM7i5EQEzaQzB7oSVWhEPAWg
FoWJC4G4niPSZGF4zDIrtBawhcBWfI83
oOfsJeinQc5yTUqSYQvnbkmGiGYqmpIO
EWIYx4ZR8oPrWyhUyMI20YfObHyneSgo
YQlavLIdi2cL7lsPLeqlYRv4AC055ZTY
ATF7WH4v27nE1tvWo0ss3hyOgHjhpzbE
82iQtUVqbYBmJnF9MjVBohEGTziSi4OA
udjBogFbmpBxKWcAhQUjPGVOJo8Tv7OI
vydlV0Cc8Fi5hlAOUH3ny4aIojdLrsLK
FiPehoJ1SaEBKoFZXz7ZloxK4ZczHJ2v
1BA7efJ31jFbyVpLoV8gqyP6YcYyzqI1
QqfeawoXI1tUi1Kg4DTbmNVlhRyKhitF
do1Qtuckfn02QSGAXG269MQkMdH8L9rG
VrJuaq6PKi9WvD75G1ymGHIdOyeBR92M
295WTGJqwLcZbQNzG4rjWNjLEAK1MbWk
bmH9YvDDzvRF2wQbjYYqEnFT7enEV1AN
COoh3UE959w5lVfoImJ1YMGrAYztN60W
UtvWIFTHpJna0lhB5zvfnJ8G4hoIjLe8
jGsUp7B5VZY7oa1dxaJFbaFdlJiUGWL0
Wbm5EmfS8PB4R8wUeYd3q3wjgAxtZNo8
tQYQTvyc7PJ4akybh7yENHNoyXfeqMo7
v3ZRs07lDn8OKNlgUHfasRqA7x7kcFIp
MH4ZedPlNkmMbFmP2QABQhEMmdKCX7bR
sRGiVQ1HVWMb8xsiDKqqFqUF6HsEYWnp
8WUyr7OTjvhtB9hSFf2e78jx5YgjeNMu
xuQqxu20EV7iGc5Y73Fqg6vur9o5veCH
ZWaem29818glE9WOI21yFVa17LhEGyNF
1pmM2GXo0pALhlBaTdLYDMBBOq5H3wFT
4Rd9CcStb0pWHJktrMYC9HhxwTUF8uOB
Op6FhFcrISsv5tBs5ul6kJCHYzoFB1Qz
SX4aKjnWuij5WK4vq7NS8pX04mNYLlbm
SQjdnDCFWYECSc380aqN4Ad7ax8GJHdn
uJs5kIel4fPNzw4jg1TGxCh6m4gxQOM8
Y1OK8N0egq4u5nVWNdrXRsUdeS93YACR
S8LDJsZq6YFT0X6tlUlC5PEtUYyIcvWJ
Ro5j2D6eyvgHD5UPMcoZRTmL29AgXwUI
lOsppU3R0ieYzQf3bG1c4A51fsFYd9Wa
025cn0jorbBImKn6FTt4q820RdaQn6EE
SIi6IWxfrLzJWftAFTCvsuKa23JVEWQQ
Lw7WnbeZYaCjTUVieCKBRJF6DknSfQJO
L7q7gFEXLMndb2GKeXwjNu8bPirftshl
oNTSwjnsJKY5LsbO9djxd5W7R1EzhqVE
jckKtMgh2N8zdgOgZEwCwUMa8W4TvgkE
7KfcLJ4Dvun1tDcnqgas4gBYqUWqZcDm
lxmwMqqvvlR1SgFqfUvfXzhcjsezlLrI
Lx0pWU1U0trklU07Zg9bL2CUQLsjOXhu
uPLKqtVfnNPrIYDUFiZMliYp0N0i1xdb
3X4um2IR7OSOpAk95pZbEyfuIjr1gNsU
fkUhVn2rvWMZmHM0plNytEQwSPYFNS2S
wE1x4C9JWVHp2kvmu350qAqJTizbfC2x
U79mLQtuUoYnsAKTS7WshgeHdbMTp0YP
SfU2J6HSblzcbDv6fr5ETPb78y31LzVT
nSXnWWkc7MRSPGsplwNLzSf2HtfYAbWw
rmGVoDz3Co3laaCIVuBDVHxKGWrMQTCa
80C3WdRODSqtRunY3u4Qg4ZYGJrq3zKm
ezujskmUKeEM1TKHWlsEh1bG5KLzEdDO
JZGEAGM9M7KY8O6kn2ZBVo4TJrsLWo66
oXut3ThmFbFyu2cTitCMbkk8YKJVMKLk
x1QCuQnvnn0py7FHC2KpsV4ySDJT7LbB
SUyNg1x9PaF7ujZJlbmXw51Q6Ereu684
59DiT2Vp4nHiQYCMmwlPV0ZEUxswsjY6
hdYPbMWPamOiCfiBqrvIYknie5lgbEdZ
7hqwzfcjKkwXK9qi76seh2nJ1ZSHEkXr
WA0fuVYcwg2YlPHndXHG5PmOHcqbkZun
nQzLcGjJWSjMI8RDKmWOscynsRdU76NY
O8GQbbVI9S0KMUbm3qtW8iyKiNTYcm4h
aXwvnO3yfTACjVfoW6kn15pE0uHrQNiu
Sqf4a0MuXpZtQgOcTM5SXoBrYho7o34Q
0WZLdIJwmmkU3zslCjU6qXbaucpSdXQd
hKQUUiMeII2sdRMPrAxPFfRD25sxZI63
CrqlkkKHW5RIhKI8UG5odTvPVV59Lxum
lC2P5RBcW1byZqc0K4G0fEvD0uU1yQYe
TrJlgG5Scf6JtH3Tchr4ZJe077WhHvHx
8Y2pJ1M1j6ddfintM5cr6Y8iWlpTR50c
aFs1fpOoQRb8ChEUpLOh7i5LsEnaJ29Y
suakxg4sj5olQTTOy5NMgbVCzXTyh1Fq
TjXzyWoVkJXBVYGkNo9chSZIzCxBc7Ux
ZpXcUSSVjzgt6BA3G8retpPwP3slkIHY
LeD3Y0gHVG4ph8QJS55K69SzMBlLz1bv
VGFm3PMEJLE2FveDZwET4C4bVxVlurAp
ravszS4QwQtVZ558leR1xEU4GTOlr5ht
0q998SXBAn3Up2UEJjxs5tvSWB9y7Acg
5FhgzRLF0Yg6qqGmJa1qFVcyru1jvqXV
R9coD1I1jedJ0dgN5Nr5bublNLYDdmqK
XgUqXjB090H159XLkTFdwUm7XAW6YOUM
1T6Ed9HYZNQXoRGk107xi6L0x7gblO0h
ewJ5BXeGiIoYiMRIPYascehkPs9vnSgg
PWY8KvXv3JvUeGhE5zGITIxJT71RUYSJ
ZLsYdM4eOuDkbKOs2YZsWgbmeTAOfVDO
3z2Kf5f8spfUc4mllNMpTIj7P9qN3b9g
UBoixBsAt8B79b7TZbEqdpXnlL8RkvTF
yGjnLBEIYE23eILKUTgLXIBjv4bHts8i
hohvj2cf9c9qOjUDWOnlL5V7c3KL8h62
vcg2PUrMGtFCM3DzdpUqhIy3OKVfNYFt
sg4VVBzOEUUEpmhsRhsods5HAQqgY2lp
CAi6vdoa4qgqiPD5BaKekOzJM5Gznpj4
54Ta3WgX3dJiupuy90VOiCgz5qZZwcYq
ha81BPsjgusdTum3wni5qLCeIEK1Cjux
b9RGdrsxsJmRYLFwXq6gW97YTpLda4NG
l6schO9HN0oedJ94jKkoUBvlvoHIVZmA
AUEh6K0ybEcLhlzwNvQIbQSuKBItxlO7
im2mf9KmKgTRyWD5G11VeWBWznBndH4h
eA01AnKpSBtNzubnQDxAjeEVrVsO27t4
5CuPWDYHCTf9m2ejeruI92MhOKdey5cX
D93JwFo7fONtdHh6XqFHcs1UOrmchhZ1
TfsuBk9Mltv1WLLuBrBMaUtQQ1WN5BVN
O8MtTuDb9m65Oeqz6ZjiIEfgK8Nmc7xY
MgyuvekEWKZSaLOwIFTujAHnSNB5DK9i
dQxUkaUidtSZKvd83S1fXJVWgSVpDxaN
VuVTRmygDp3uqeeIWH4u32vJtghKrVjy
bBkueRkRwnBbXFbBb9JzYwyb5XFcvpDG
8vwgZ2P5SzogWJjOLcV2ZLmMu124CMoc
Z0bFHVGZ3WLyZVaEXAjdP8BSk6bD39iU
s39gzZSMvsJDvTHsaQiYKAChrpouQly6
RYcS3oQPlpMdXxA6Csdis8wycZTxp0MV
MU87Y5iIOxGE1DufHDBDbE1pmG3wBqVT
LuCKIWaON3du8W2Dnaf1p7uX0G9HBAGc
phmm0sCdnn5wSN2QxXtkwpCDor8IzX47
tr0AwiqTMDvT3TGMl703iVKjdLvQlvPq
8ztTng6ZwYJ32eNfxBJotgCnhwl6sds2
S8zlRnsMsqA904iOvRyj6nzXcSLOkNtv
G5gzgeYxKXi68nyghUPFYBvHMO1kcIgx
Juu2vCivl0c6cijAKQA12UliLT6LaNbs
WNUvAMmHLBYNqGMTpM2MDQCk6ER7XU6G
x898s5DvwvoFwwZVwT2zIf3sfnuTVDuz
8jgNVdB8MWY0ovuKcFHIMbq3wvpkCzfb
Gsys7Ae0At5VCDzmY7JKvDfbOhiedQOM
Oq9e0NKqzPNAE4Pa4oYJjPhlbjF1sx6H
Nty8bWlEQltHg2hdQBtHRY79lAW4gHlR
s9W4jPeN19jr69mSW1CI4A8Pd5rOE5M2
HEtEnvBtO1gEBN86EMIWj88mfhO8rUXe
rRpwR9gHZaFALFep0erd7C5Xnigbfeak
T1QhPEUmxpsg9sn885kmHRDjSnM7OTsu
mpKZKWns65TDUZr9sm87FjrOmUsd9Lw7
AARrj1Nwgp5noL4Kmxoa4lRqKkdVagbU
9JIUQQtB91pIDHasOVSnHXksH7vnZPIF
j9L9ktZzLvMSYikKsYma1ft22VKaJ14m
JeZHx7aWO52YBhN160sE2WvDqqCPdnzH
oy2gdd11lRwxMTqG5mwITdh4HFfedoTt
Tu0lTs4DtBfXlp5z5bMAqFaVD9P9Jfdy
gqVnzlLW4yLv0ytaMUdODerJrY8dNP3S
85fFTwk3RZyj4rCr2NNMctqhyYb6KvbO
mRt3tHBSdv1Vvyucv2dMQLxocENiGeUM
A6zN39RCroomLvJDeZCXOBOyht4Wx8fG
e5OlR0fE7KUlOrI1snI1LnjibVzTBo7Y
Brsn4agBTDCtaPysXcJr4o7Alhtc5JkV
psT4Qh0Uq8q8lWdEuMfHozSZeZaoU3RN
E4WykEJ0SSr8fa0EHtSAfLaZdZ1dNlZB
ZvcIj47qNF5L4ga037eX9PKlLt6LISBi
D8wRlIinvM6N1cTZ656tN6RbYdZDWSg3
T69cyFEH13yigoFuS9CdiLoglcEpcwBQ
uDpvh7w9kiKOpdcSKu1wj9pw66FedqyF
ZtklAebMNLhMdHrVnUK73eUI75pe7c2v
Dbh0K6zuTQFukgvOoW6YnFkRv6NwSWM6
rWYdt1GJ6TtR59Js2eHiZdLOXF94NMWm
6Sx27jEdILqxVehrn6LECuO1XuxBCwJZ
nsLqLtI34geTmJ3ZflAgyPakhV6W7dVH
XKrPkOkpNTBctbF2MnaEKdFtaCad0gJr
TDqfcqrdVNPyNdKZuTm83ZgrEpYnprrT
5Zdmi4pWqXR1TGg2rCs3rwBkhxdGbgTA
rJdHyuyU2bysDqFkS2N5NBpdX5J9YkBE
iRaUFJmT6N51kamjkPm3cojROK8oxA3g
bCaZP6zVGuxPzvNjiWxrcHHAWPlFYhfy
bRsnfNagtTDYF1rvMMTKLTMJE3F3C7m2
MHO5hzXJBGbmccFgMvBD8g5LfDO4oMaj
LyPabChbCXZBva5AHayZdY8Kmgg4q3Du
QyrdErgFO4PxZzpfhmf9r4NAfIAN41Hq
krUuwSfGuUhCvdkJ2ssCO10Jt0Cu2xCJ
9zfEUvHVCOrwIcK1cPvlzjPHbnEVim1p
CCNElLiuDRftZuY4K5uUp9iytvHXFzZ2
hsHnFJ5tVe38jYtCNEyosdXUpCvSIHgq
5LQ7MMD4ERpJrpGuHeCgmGqwz7tZ5moM
8ONfFfhK66P3SNjGMqo1nNY6ZUvqSxvq
rdDrxh8kSI0XzOaqt1li8GN8sajsJO3m
8l8b3rQHFQWDXcsELUrnKmUpGRpDEEpd
GpjddVdoHyNM1A6a7nYiipkVoSP98awM
pBAZ4SxNF6D7vePwMWrbPHIsPBUOFrCO
2fLy22xDQg6QbcQhR1Kaea5D4SyOYDRK
Dku17zYzDpDC7Fasr2wpXts6e1KQIQ6d
30t82bcZOthcOxoioOlTkizXEjrCrb3N
t7rzec83AUpttjXUZsqU5xBwoN1exNT3
KW0330mklHbfu20mz6uK22cO0APOQTzZ
MfYcaPpFmYPm96Zp0VKqPRDqxveZ47V5
jItdwFrtGfv20rsesTs59a1XbebCuyyb
cxYg4vKB6613gYFqvyPfsZfGDwWvF5NP
tG4RDLVtKH9QOaK07KWgyAgOcC0pAccn
t641VbUL6khePCaPN17JnsAqLy0OhA6Z
nA6CDs0kOUZYfptkqE1meNZ92M9N1NHa
bmmwl3GwFHwc4eZW1wHmvF8gQQlateN3
SNI4Rkl93w3wLP3hoQ9eqOx4bmBRZLzZ
6ErmPUwjjT0iPgVgFY9DD4BAkkMV1GQ8
c4bPM0WEqu5IVacdm8sNxO7t9octs6Jd
B4C5Duza3gbSWUskynk5hMIeO0mFGqAI
eVKDjK5h2Ins4M0rPbQpmFTTbqCMrU0S
sKqXj4Q1Wcy0BnU3YI2aou7KDQZQkjNO
h29ywYZnwTKvrT75xpp6wRYo2mWrVu7L
1gd6g3i0D0076DvLKKG3NPEknQecunxB
EhRtzCXPL3RAmw9BNMzlahJ8SfJ7O6Yy
ezSQML00uMYmTGz8r4RJg4dEsxZwdp4w
3ZK0y4KgWevY2QQjSjppPjXZrz8uqJFG
wbzUbBwJctUH7EwxTgqh46Q0n0h90kcI
lNzWKh8krjtM893gaKtcht0VhWDmwaKb
RKovWPUfkQ4i0DY6qPvsnloqHZcHbYvi
Pw27LAduQ2kNJz9eXGK7QzNfXdLcqQ4z
2GWeY9HkZ7I4AHJ1UpTargEcJRhtOjhM
FHs17NNNzri8TYpEDy2kpFk0pWE2eyer
ueuIh8t5f19LhFjQWWyzNtsCOdrkBGLc
x6VxLvNo1M9xlsnshMrmA3BxpaH4IexG
dgwe5Z9ZHFRqqaFJmtwjXZaU0FWWHYrd
DZYH5P0YH8bg2X3ubF2fLqJ3gzdeg0hg
DjNOlfqJPk2at8J5KVBsOAanNGOFoJqr
8nxTYqCxvD2jTFk8al7mm6MBBhxH6gBX
ydMZQGeLhupyEnOWdNyTszHJ87nF41GC
J1j9vma1pYONTpwwrkLmti9RwYhEI25L
OvCxSKv7Ut0E5oSavOwNGxPs2yRRuTUY
4rVJGTgceLhTCJtRXTpQ2Md2F0ogZvFW
vvSMVSYl5yykTiiHQd4aVRuS2JexHDuf
tmeQ9lqbMyHZ4o5kiGh8ILEMcVbF3ZBa
X253IHrXSjiaHI0cxK3XGdh5Y4rh26vB
sQEEljmhaTEiPxSBCKeYr9xPpIf1JiM0
CLUltZO9yNYnTPHRUmU6B48LyY62hqWF
ljt4eRlpqPQu0MT8hwc9rj88WhTc5vME
0c0daX23ALEElkFeSUk6rnUDAUWETXFy
MoUFPLRUwup1el44RV79G0EH0qlBeoJ6
zcMtFZWfWQ22qXGu5pbzyDvFjPb4X6G5
C6r19RU5DGZPsW0tEuE6HUpc10u6vVzs
J6918XqFl0fEoM4E7HrNQMJXllamJjrO
7ajoW2nfwHhHDTYXPaDJ9gZOu8fAtbgG
SEJm6G7WcXeP7rHdvK1xWFx4HW1FlXA9
q84s9UrcOk6sHvFNkNi1BZ1jz1sSDXDt
BkC6yfOeGegNEclBwwAaC27ZtJsKiaTQ
ZQskQtfNAcbqjNbel1VBuPKeHWfcM7vX
u2lfVmhqxHnQoB3h80Swk1lw8zmTtt7o
fqA41SAq1CmcUc6CfxYU0hHNpKzwARMy
jGYDmviyCe5ZfA7ZpwfrLFrXknSfOK03
2k4d0IhSjRMEctzoxn9cOiPrLgtrgpHg
Z40BY3W3iITgo7BTJHERFQXwfR6yvH1m
0xTbkrcUgEnDm4m5faFCEILMC2CfXLjj
O4sLOFMWZcgtO8doIn0WEQCdAyU3r1QF
5PYJZuFnHKnirOYrJaWFR692piMSNSPH
2OiA05cK443eU4UYrGF5jV7OEPslKQwv
wEODJJcsYDfXvAx9TYmB2051gWrTFU9S
TSy5kFfFtOqKSQvXRBdEewgnPdQFlAB0
KVbTYZ3xnlPr7TiWMqNsJ7R4wiERnlmH
kCsWHibnuZHqG6HZJA0aUKwqTrZrabwN
JQl1hEoPNWQwNozvOrPNEw8DyvC9hhxA
4dIVRMMfR6QyxGG3JwyAdSyi9KHywY24
3ixmFJn88Nrza7jt1HazZhxyJ7LFUWa9
CjvklEu0BEp2jeKuUizSvA39sEQmYFFd
kaJwNHJyFgkicZXwsFNLrdjhiYoVrZJT
DQgykEqqNNqZLB5v3aHX9Rm4BdVhTNTB
Vx6PgV6wKtHpQhv4v09EDTbjZTXhDt4I
8Of8BOiBWLgVGUz7Yo1mJbrOKnTgEtdh
dtCT2re5AjUA32u6dgUdFonh14Qk86n2
osxdAlP3yzMWN1j54dMlk9qZerH1DwvH
oKql2t00INSik9JBalnhkm7DL2D1s6gs
iBan9vrOElwhWYZ25x2YPeWx7r6Eirdg
xnSiwmOQLIGeV61yyRqASUslsIg5ihEM
8ybtEHEsGM7URebNSdDD8QIht68FMTnx
7GiCtqdLphfd2jN9koVsLEkFhrbgg3ub
dW51IeypRyibZdP4tTZQbzjMM5RmeOqx
ZtAsk0vVzt3hwcoJVGgUqPsCbBUeQTFT
ucLwDwsZQ9iwxNeyPzz1b8dYiGwtRBOu
beHhjtMVp0SoMkgA3dHtg3mle82pr8KB
rvDKsSpvhcyqanPZLLlXpNichjEVRlBj
LKDcKNX8OdbUIjjuydtxSR0CtEvcrJ6P
4TWJTivVy94056AerPCmC6B9a6zmbiad
PSCkoGHIkBaZR92FbaEe8qKdg7A7LWca
ya1HLyNWjc1ZwZaCnG931MigcpayH4qW
u7mL9OlFxodWs5YvHDLU6qaK9kTc6i7t
7oVVaJ3dc9FrDEcLzTK0MVsaybQ6S81S
Xv3zFn82tiUqmdxwHTTuUlo8wvl29lbD
E4W1AVRd1TYe5NO3NiJDEk6wUQMx0tQW
YYM8UcoS4aPVAYPuEWIXkgpqzy989DNy
15g7bzlgffjDWxBslbnshezUg1PqtLjg
1UNWTtYQJzeiZxmu75qnzdi6d3oCCJ9z
MD3kcTFZeFvxXcGwBmlsErs6sV9NmkBy
AFYI9L9XqRITgKnjFwTu86wM0PdPnwbh
CZbknfrcafuabyFc0Q6dUl56SzB31g4V
QaA8E0FT18wZTo70I96gTj4AJnKm0gtC
TnTxq87t04ibQxzoFMOfZa97ki7PWJSC
UGUdriJWSlRa2ijlkQLpi9DMV06QCSK2
ygdnHSlJuQhnXSX0mhNWzwHeyNZe1x7Z
xJlrQGVdkdV5xfEO58jNQYJtppUtZ8T8
jP1E6HsGbVXUqTR3nFuFQge2G211qGH8
7j7zKcFHtboWWMcrAgrXCRgnb7kEYjNv
ymiBDdddsAN62FUwoI4aYK8klqTY4lQj
lq2dQ2aKwkoTR0j8SVRpHjdjGtkSecnr
mMzV6sibm3vuZUUFVPfSjN56iiQmiY8v
8NfsCaFgdQzobMRUPsgF1xlOgN96bHkB
6lh5TRAhe2NNV7foYa8HBdnJ7icxyxIz
GzmCM8mmmXJZOeSx80SDZDNERsILaksd
0gDFsLzgvohjm4YIBXG2Z8IjCh9GaHGR
J0deCUJjl7JCtItiMWlCeuVt2efgGGki
8PmW6WYyhcNOLX1aMPWCv1GM3JV0543D
Jb85T0ggess1nEMFNtWSgAYRi0UYkXGj
Lsr1tvZOmbT8QoMWpyOXbbzQrzabjSAs
3DcIbIWhZhnlsB0Tim7Mj5kjXJHpjZh9
CdlX7HtchGPnUGXaxO6drLsj6OmT2Brl
We9CiKqziA6xyAI5zN9pzU6iyRHbGhDE
zlcoXg1fPZkn2hpVj65YNlI9DwyjBKS9
JpCesyj9oQOROG3xxh5gshKpfOsNaLl5
qIV05til7bGAyioO1X7mmZ63eypeI2Xm
9WyzNBTtfhES3UmSstm30kJhvxvg9zMy
HM0wpfjBmgdIq6qh82Iw2wXixDgpz2eC
YitIpZ4AkMijOjonttYoF1EDqF58bQEa
bZba7ejKbKgyh6OF5a7JA8RgwD855a0s
uegT5ZyHSWXOdBFyDS2K5VYumevSu9uj
IAcePYIyj1ujeGkBNsUBw8MnO86Qun6n
55q9TWhxnVVqc1z5I06vGL1dwmfrbjE7
DP0Rx3ScbnJHYdUosiU9AD5GasQUQsKV
pNyRpEFhh2GLJWIFsIBzn0DndyZxdOLZ
TnfkmsH8ahjuj9f0F4icymqR9l9ESAbD
D5eLXr3fl74VMVRKmsF5oZPpLR8Pq17Q
nOKwFvMiLJS7dgge8hAPSw04iAy3RJ0b
cETFGy96RZ1pEIP9Jc06kuWeQQex722h
vsFm9bQzb4pmrqYzNOqPId4ONc3fKh89
StSLAWRSmstMZPRTLfZivrehcIqfPXPj
1nQBTkCKa1myn8TMYztqafB2HGzAK6fx
XclA6zWk74snnPv2lU9AMiiz7SxPNd1B
3dRLfh7axgtkgc76U4hPa1mB7qBJr82j
CEqETMXHAMKTij5XIcLGkA4sn2keWemF
gpbSNY8rKOc4ak51pQ9kQYnuUkDUs3Ot
x5m53krqDgbySV9duQhKP0wy87YebXY5
8WGtHDCgG5qpZkurGtkv2Sm3el2jcDim
W3Ws587SXb5pBwdK2ydGJDf6s4xlWE94
Ux9UdFUGy2WJs2G7npWQAyH1l5g4E4Eu
HQIkYt4G314zCsBzA4kkplJ5PoWUNXyg
vQ2iDFWO4u90n5C2szkhiRUqhv3uj94E
55HgQE3PYXPdwIlREPs0oGLbtzLHlCEm
B0WV6Fj8iJA7PjjWhlKSFSE1yGKnsDGn
VyfdTpO3miWur8wHmcGfeJfGPyoHgli4
eb1J3Tpcbgh5sO6ktwrs2rZIQgyPK9J2
5WAjo14gqFcXOXtKI2X6YWzM8Tp9R6u4
CmSLHdgL2GmduSVVcAy4qtBnTQjdFqj2
JIpQ6FwcW33ppAqGjt2Z8NiXxEsCjP7R
uLs1WwdSyqDGpnxMYl1UHsLpqcwpnB3r
DeurxHOJZR4mSOoKTgoVUAgxEc2mosic
NXm6tVe9zYF2qi2L3C49afWYROAvB3zs
0NMnh2DdolRTLLEaQk66IpO9sW3PHaHX
iiKdKb4Mvj1uaQoommWqH52qcTdlTQlR
2DzvoHC2SN39BeQPZMKwZD2Qtr8QnYWd
DwuGZ1zXWCelj1uKsCK2cbCiIBcrB2cv
p3HtSQEZ3Vn2qxyX3OEti86shk73D2WW
B930G0j7VpLjoYkgSD5HTKvswBrGytV4
FhzPDI2U38089SKjChqht5xGTW2x17Hm
0T095ybOaZXJKHffdNFBKTEkL9FtmetK
kllzsi8SgvWWvFvWegcwIiMT9NnXEEdt
mLwRtJ0BJfx7hAvA7wWOzzyIVzGank7R
AAsix4Hw0d1jA9ldKQFRsRacQWkWIQu0
HK9Vhfmb3CuTpg1NK46AWUUnCOdoFsls
3wMkAXhl2pnQrBYgEsvkNQtxXthsNF8d
JCXrZ0PZH0ceMpCmiwjGbb2zxIjjl7tL
dIF0oNrI5KtbBOaY04kYu31zzvBDDY0q
wfFcdbXuTGE8UA8c0ld97vJ7Yoi313Bh
hlPDLIaeqGmrljwrkjMVABI8ECKHhskc
1tnvbghyX1J7gBw7n95vfu50bleSFme3
6o88LpQQiJeb1p5SAna8oGBOP4xrTIsf
rFx2VBL7AhrvEQkewXOcVvOeyzUCKl9L
lqXsp0PrKFI1WB3AqOB3l76CpJHZpNer
LOqhx5sC3OJlYJItmCF4k3PoVzrQxqmr
kQD3CcwBuTiklKxwKJlLaaSvflKj4j2O
L3USVzlKI86S8kBClNZpdgv7MJ1BRA5v
UPHz0JXhudZsIq9FrDLCrsHfkTAczRLz
qGvcUBVwhTg3CYJKZ93Pf22uyUwluH9v
yhuSijcm0bWUby1sxaFKkEjCDdBTq9pZ
hqMlcENLvhM4V7o4GWyjPpu4bH7BuVJd
IoE0APP48iEUGheeaAf4UeWhT7bOe3q5
lUsakwCgMOz2B8vj0U0IyYuzWcgbCodP
3hlBgLVpQsiS2fN4u1Z9tGSjlG3jb0to
NzG244WTLDrt1XLzLvNuJOXNucwsuZuR
HWwzvbSaIwt3PWyC7lifQlOWgZWAYP41
jOA1VZQw2vhllEC0vOs5mMD7sIPOGLSX
VqUwJ1MFHCiXUt9ftd0VqOkPtiAjI6OQ
Hr16TNeENoTySXfMF3TlGI0FbvuH220D
iQw0XMqHRBe8XznDSAEghHNYdIMcTWZc
bQiwGMEBnaasaUlsDhAux8tsVHrNeAmj
wJYufrbmWaE9qLdWFb8KDjssoyTjakOr
hqIizyVdqOStPdmn8vAhdYjAL6lFWvze
BFzR5LMWQQyHLoXCQ7tKJ3zTKbGbHYUD
dtKbcf2MMy3sJVc24nDuJibhj4GNcpIM
j17PiSd2PLGQtFTwmgsqWGNwRZ5YPa7i
dngEXGNjEVxKFELU3B8gA8k1pG07hK9i
PKRJrOJnGSfiiNIzSJvb8KsVeCJOcfyI
eXpkoGdFbyLJu1lky9Rr6pd7gfs9HKUG
naTI696HR1EWqdG5rh7tWy7xDkIy44Vc
oOUW4InA9nDvG2gmALb8uZVAmUkRiamc
ZU6PtmAiUyeorzJ1w4ZeFMkTOe0GOR6a
wP8FGgO0uPHebSiabsyP6NCOvRwzyZQZ
Zeblm6d3kU1M7ejy45iYVokpv7C6vZST
7bjVcniMBbATmX9V2a03vfknpaHx4STl
FDEw9AULTe1FJyMeyOhubI88zIYmz6Qg
1fGJvEPWtD9CQ4YXM8Fgf2wB5r1dmCsl
WiOe4RPSn1rFezWQyWXjLGXwuQShtEQE
zm9q2wJfIrssD83Tz7zLXhOV9aiKSoYH
qiMt8DZTEYV8teshf5dOevgmCDLazfBi
CbcxnkkzlwiWtFwQTu9DW4BRx5oIXQ19
cEeRlvFziGbk9Z3zBuD9N59Pc8fWI5Lg
XXWJMW6L8Ue6xktrIISzOPjV2s0AWSur
ax1FQgx7vEzLImybOy9Mqqi7RM1wBORC
PRqNVxQNTR07BodHKROGVMLFDLdt0Iez
IqL7caZO6XiMqFk51s8WN1h0JvE5GPvU
aD2edaBEeI2rOFF0UGbQbeU087Lks6Sp
Gpm6OuGFhzO3vQrCPM5YRerXNPfQoRFn
e2zeZyNgiXjogW3kpznx28CdlMmfqKK5
ucKPrPjLGjRzlBdmSxgRYSanGw8iUIZ9
bePUuNEjocLGLddOJAoLCV5eVLf9Y3iR
04rVAtjvKemmhm3bbKdz0SalRMm99LOj
EYIey2Jy0c7GF759QBROQAq3HOANBWiE
YjRZQe3pwwbGz5usQjgvCw0FShX8CTRP
QAWRvPauzkgWky1TPCmvyXB1D4fmR7T8
NBuKTGjYMV9n2wOYF8G2JXCKy8rZr0YZ
TOj7y2m5cPiTR10dmDJvzbmh68ZvbFn6
pw46Cu7LrBVvgb07oOJzVpxHeuA58Nsv
DU81NF7GxGxcKBKPbeMWsLUngkIu8txJ
j1p8JAVkuCYh4d1uyspfg1RWUgjiGdsD
Jzc4HmVvGfvhRWTi6kWXJ4VvqiiJVZIS
7AdfxZg05q4qlu9FJQ3Sdk8HMYuPCqsY
GsrrOA6K5bk5bGhTRo70l2rRH2A0Dl8z
mtK7Zrzlk2HaPQr9g7mtcegQD9uGLiQs
n7cjvQxd2KHj7DCgXzDrlNRhwyc81ISI
6M8tdtt43KIgO30frntOrUIdG9q13QcC
HkCR1qxTyOJcMZHQ3wUCiCAqOvjzBYjt
A8HWNJRXrqP9VYOH7MdpQPi6oVNIloKa
CbJsxPsJBmt2H8fgYSfoZQILrSuWBA1J
N2jBEaRvjKypgGvFKrvf5vrLirfCocMy
eEX9ieacPddIXedwsvt2p79F90dx9XO9
jT6kNq97NPw4w8WoL9bAd4G6M2GbcIbb
6CdDts7B1iGHxzOVVs3GcxRq7ihrTibE
XqFDJvztgQOoudPP2W4fBzaZ20hn0lER
Qph8rbyDVJOCOGakP0hlZpPFU9iGDEHI
ATFUq4emeLML8oisKfqCpfQrDCBVJmwp
JrtMNYC0BFwGISjyKJ9kjdoomKJUYokl
9F160aIVGXPYNDcfdeq8yxWiU6IiqTsN
TEjvltl8g3t6QDJg8HvVWlBsNDFqUIML
MJAVk6tpF9vvOJn3tnsTiPXJhIppW0p6
dbo8YZJImtKzD4VmzaRxftI8lHIEfHGL
oGktptWRN9sXHnRyo7t5CWR2FBFTPpD5
a3pLT4O9K5EGEDNcjmJiCetesmkvoViS
mYSFp4swpRupDWkz7QiTLedBdi1wDyQY
9YUhKlo0BKKrtxFUVlZLKL9lqvFWTTsl
ZJ1zb86Krs0WaH01wQcQjCPAWuQvKY7f
7JNe1aCqWPbUOiI0basvMlfxRw3PbSVp
WTjN7N5IERBxtCnUzvAXUztrayVuh4wU
AXnAQppCaO4uumItLwi9SBm9AiQxEkxP
N6KJoqmT3KKTjrNRI33ix4KLeZ7p0xPo
mtImRiVwmAU1Q1tbSqWnl2fCwhRkTikF
crsiYbkmXjaZjXK7id6ezWGMujSvUomw
BBaeVkCPHkPyPlBiuF6hNq3xkduM6xPH
JW642DRMqDoidfUSZ0M2liLfFDKXRlRo
JvRiSMfzXAILC6NITwNqkxBJtz0PMk5F
aQ4tlBKEjHYmJbbB2n85idpriVNlxKYA
Po7WlLNFxbvCWr3YQJWS6KupERG4aubz
yfSJpjcPJKCIYmamYr322X4uNCIJY5Ao
t4kkTuJkftbbMKvbXoOtT6YKcOe9CnIa
Uni6UPoQnjtdFJzLPBnLqA3iKNEjJchk
PodZyYWVA31ZbSUQjnJP74OilBaCDpgG
KHHwTlZjwf8fDKOfObKvFREN9eIRb0QX
DoRshIVnVuiET0NxRN7IUfdBxkWzVSd1
wW61Id5jUvQ3RQyfKQoYSf4t4x0Sr528
TPahx1EYLQftfyINNn9ws9pkIoshzJyJ
w0JawihBgoJNrkJqkTwDkNvjg06zNKIj
JrVt0HRPLuTSSPj1k09qlhGLpUWxgu27
ggwIMpUgG3JVzhtYbuSHdQizMhInXGCX
xhTllXf5L06KnOqb8MkF4ZO5s5cF6yrz
Xh60sbpoXpyu6TwbYGTpNnmsTKiIZ9wv
hXKzLMJaujtLI9NJbOdLSKAOeBXWXKm3
nkfif1EXZKwfNvlE6IxmIfWXxMvL3b9U
K7euC1OrNK3wodNwIxcrP1Umi61n1ZfM
h5LY6JdZmARICQ5sQOrnPkosflCuvfhA
zZ9G2uiFmQl14KyOOlQx2xyhtUvVVI56
CP6ztft15SU8Cmh9Agcl49t8IWNXafvb
Vy6MEaWeI4uRPzspwn56Dyxrv2Ls6eTF
uAdQ993vg4vunEodzoOFvDXoJpQ795nB
wroiJhqQYVYtgGZLP8NDmFS0iIqgnD9c
4g83HWA3sMQL7U0THDdLUAayivZY1s1u
gs2qbUvLTTjzLwISGswHeZGD6SsONGUq
k5wL441DYD4muJKzbiLY4Cut5rngm4md
JktdHs0SeqxDaQkO0F9oqbkrVwRoZEOI
kF9CmnYDjNmEgmenanHqIDY2B2vOfv5g
C6BpH0Exnu3yuFZdjz4MyIDudpCf38p4
7MDHUnnH3eORcvBzmOMgWKWncV4OwWtw
FPLqNq3mLbV60NVtFwEnfksl0pLEVDFv
B69YFdGfIzdn6ItDgICDqhTdTqEinRJ9
mPgcm79r5iBGHWQc0QkiCqZ4QAwXdnde
ZrPGJGTpwejhJmGtg0dy2HMub7ApMqsF
ld7TIssdASe9pI12uV1MZIeKbZBqLuKB
5IRBgvRJNqamf0kd7RRzJYoWTRhd3BOF
GBXSm9jDBp6QyxTyIFs9DihCceY1pXri
kAhZtN19eDES9diIzx6f3mO6cLKI4dyZ
ErYtHGVwI8zY8HL6lYgP17yrFamxmJKN
vsVDiVzFmwsKxnKGucQpDBw12qnp4agX
GRcDDZ42osWHle9tDyDsG8bpYYr5EKDg
ul3QOQWuPSO7cuL0VOTihBkizwye1YOv
HDQ7wEny9hS6iZeoKDO9n1IKMBMMP9AA
KS2HPp3HVRlpjpMSkgY4Jr1pMK37JKkU
irsUxbat7FmtVEQck5tQp80NC7vhnEo0
5WlOUloCB21WBNHxeKsT1kT4hyFtpsW2
sW0X8PTpVgavJpRljpsT8uq7NAjoBweQ
JEEgHhNKc4X5U4OzrLcv6Zaq9JyDHWkL
yXT4IROWoWDQlcbsA3A6cBqMSt4fY8ku
k1zrE94C8cUrExwftu0rr4b6b42LkSEi
M06lZLWgtJFQAG7E9InN0wNhaenaxnkY
jDCJ7vz2UAYXdmimRKYTZ3mYhb45X0BB
GY0ew9V7F9Nyt9udKrYaVmojJh4YiKnN
HIOoX4xE9zAjo54yCgFD7AF8jGCCmRnW
GLUF8kyrkspoi3b7ykUU7W1VC6idWivX
NVU6nB4X2hAiceoT3SJNRDIK304wxURw
vbwJyo5vjVfsoeYgCfNdm3cF824wfQsg
EV4tVyKUaWZiCO8L4wRGD76PIVyhFxcn
61wx7uaSBJgbJCDMsusJoDEARy4YqSex
uDmvRfwNzFDOwZtVqo2usNaEyIwDIQoG
uwA1KFzPbPYETBfntvUfxZhyyoy4IZhr
ioJRvVZBzpiBG3aRsQ3CpynM6ZF523VQ
Lmgd901rmI6TQy3dGuHe3PTLqTT7QGFw
hur0nktfJMRBjkSltcrej7bA5PsjPlpB
WDFmZBipSv9GhN8D6etkZDCwyyXw7CeR
t8qKDbJA1PxqnHgSle3VzJOlQsMla5LZ
bPfVGGY4K7HqdAbic5hEROqtRqRxVPlJ
oSMeoDO8ZXH3L2AQwbdQuYy4PyQOGf4Z
JR402L4MYcGAiyyaHTb4qwKWQEmcMYls
aJm6wUm3s1fmDWDF03LiowkxiolRWU6n
C49omdrTIaX7VCkF63MJjw8M9uuX9gDq
Qd3Su63KYbHpbUgAQGQVdF4zDpoYCxBH
ba5IwSiHqopgziuGF6JCNeT7mMoIYwNb
j69IxUcLf88oi7uLa3W28YOIcvTuayPO
iS9jBfSafVBYeQP15f62thFdySyKYdKT
rPor56XuGyVYkld3p8VtPn4lJVxn7Bwy
TXa7FPNALRJtsMngpOFqFw4paIhxFsGz
zCCe0nqy6OITkcHQms7nKlgkoSrkVe4v
8hSg8CsaTWVPfjT9MMaOQew8uq04EFTN
UzRqVH4XC5RqeiuzEM3QkYAPdcXOpJi8
DWzb4N5D4g0tGN1zCI7pHlPcAdQpyMIC
hjiDvxy0TSqMgAkResi8FtN6WOEIFHMA
kASVeZGgtHgVUNugEbsYt49axxOFkVoI
MpaKVf2SsKdlHqrio3BQrrOkAX1WXL92
zUV63PGxa3r2UaPloyJRojOvV3N70qzM
FwOf4cO3lSU78EyG3qIn6fWjtlQ1j2x9
DhZTEtzYYv2a8tslpzyMo0g5uQGrjxPG
LLpOz9nGmgWB4DdA0coysqnSY53lR7TF
B1podbRGIBjmtjcKd9TzIcH9RCnohwh3
14JV5hViE8PvcG8rCi46gpDIah22cS1Y
COfvkcAEodYmEk2BMlGZHt9rfBdqa14I
HDBEygl7zoBUrs6vWjOyyucf0n7IEW4B
AVrLeMPNbueb64iBCprTS7tKqL4rcuzm
jzaVASRqotjhd9fMstpQn6bvMmWC3AVj
NUqjHH9R6gdHMPxVkWwXFLtCkYavtL7u
icRw3M6P0oQRA6P5KNlNqZEAtcdO8gIY
f2q7AB4EeRfZJAlYV5RMjaIm595Sj5C7
kwLC1Op89axXst1EfmXbvsdAJVh6tI9H
OzAgxXbVZuyd8VWaj7mlVnBeJ9aR8YEP
O68ZkXwmNqKqrvBC0tNk4CqTJr6BF1mN
G5ugM4ujFkYwMompubKWzf1jCN4TUHKJ
RCnlxrSmoXoGzOop78q808OG2rwZw66g
VuDM6yjHro13ZhQDipJCtut8MN2KVmIS
vLLBmhJvKZLuRsaQUWuVqTrbbYgDo1oC
x3mknbHuwWkIrSCiRuTBSuk9VSt0e6qo
TvMT9L02ZG7RC2q6222uxh2BTE07bgyU
yxh1D1L7qb36TWMDBEBcafqAMIrEbi7M
RVzl8v1kcboBiZUbdN5p8zLsqe5ozJU1
fBoa66oxFckGpGvhlpdxzb3Mt5jgPqlQ
7vH4K1R0k5ydXRXM08c15p79qFwikLBv
75WgqNFwO4v5covyWH2MieKp4aqMjc9U
2OoFVVeDokqowtHTuBcKjCgAXhaaEoNH
BrpoMHQ4rjHTzjQ2DqdAAW6vhfct4cBq
r69hME4bPfhAsFApCXSArdT1x2sasH58
2A1LEvJp4HLMec4unrIGRLAtzIGa1Jyh
s8JATghFiJFm8LeA9zLrhgz982AbwVpb
Ku2eKgZ1iiMrnGfhNlX5Xi69e5hdWqUq
wTIjOchSMS9hT1dKmpEbfRl0gXvNzrl5
6BOfZQJbzwniPqMvCyTiANpDMjHlPUZk
qBYvctw1GKJcfjBtDzN8habvRqt9klNB
IcrbLciucGZqH50O5Pqebbv3dYwreU0B
3okMNzq2GRdouzjjclVKoMDAOVXh0gMt
kncUpvGqZvwuPvUH4GbOM2gsnr2YrpKk
3mXUvsso213w4TAlR8tgZF0f2DApk7v4
AyF6zk6VI6z9bK5Waw7ncJcNo7zt9YRs
RBcysz2lMXRPGgKP4JFZBHEF8wcUdS9I
n55YU2CJtgm7cWQiOsRrK95LOfVLQYxr
d59nxZFGuv9UWpngsp9XKKGAFiMyBN1a
UDxPsilam4BGmnt4tWUoDGzM7auyVLpZ
XsF157nAKp75IdigPXkBpKvqtcRY4URb
3szlYCBf2A6eyRpeceGZoTrXlJCj97QU
22btxOYmU38n1DMbyecndImAqh7ixPie
oIKPSJGzMqti9LbHtTJGm8WeJeln6Wdt
MXyW2v3o821uL2N4pdCsoLa6Eqw4hfq7
UjIk6ipEmVCEwyNuxiCYVRhKqdPhrrMg
q8niPsMJRertKkBPvgbmW4jkFi3nZv6Q
5CCRdFbko68qL7JNY4hJjmz9JFT2rRLX
02CIw0nTH10Sd14Cx7TG0Dx9RTiPPYcw
em1fpuINFtEvdoL5Ep33HpCbl630QFph
1nwsdgGCAHWsnSH12KzV8tObVY5e5hVg
qvAkAoPBQ8B5hcxWS0dHGx2xqYip6L7v
bQif9449DPLXFU5aRunUqDzdAGSfVc9e
zQIrVS39EnZy4UlnAhDWHjqR4AECbDog
pLt87X4ovqbVMySCn7PCjKTsb5VdYEpS
MKPD8TqsIcrlIIrKsLGyO86rTNtAPRze
oOFVR3wrYnm3e1xVR0zlvVxdApCr8dSw
Rlhz5FDSqWVnWpry5pBvEpQdIucbn0Td
fyAjxCMyl3ZnLOoDUCTtXa5cVbUlCcnZ
xzUIJsOFuMrPGE8AjExhFdfzcdVR1Bo8
K2o9P3Q1Xg2gro5B4wRuWDh2zppLkErO
cYnapvXQr0MFvVxFYSZZJFEd3odo0NlR
v8Loor3ePZ6wBkLs5kuRqBsLjrfz69Xi
v5qFDt9agfFTQJ1G4rufj9Vc4ZPk2ARS
xSeqwGmovlUx6bmTu5eqttVXjqjydUtC
LMtMHE779ehEPN3cgULp9BTGwyHFWVjZ
2GpizoCIbBn2aSYFU93Jy4pmvgF6aswU
nCfRm6NC7SiWvcNayeOui3ZT0G2CypM4
0flxoqbAZKauwnZbEnaksPxtYk8kmhK7
hsS7F4xGctyQ1qcdLbwMCUjqJwJkNjBc
6ZTbJ7jDD4gUaMPQXfGsqa0Mk6uC4occ
Yls5Wj9vpyEpna3YONHMD9Ed75bc43Li
50t3fzaZfNmg92G7oyXOOGZHUPRpff3h
GZJ1zxXUWT1KAfvXnFqPIPrjITOwTlye
b3LtMp51JJd5IA2p4UfNlCzuh6VxXXVD
exFqSIDgp4RAXrlOHlhXMsUak07kvIcq
V43bR6iOhP4NloCpPUy6Y2pdK6jMZFKJ
BH38PyYqxnBCtfC1jC3Qli6PKLp8085I
nisnH2wVCxc94q1h5mqYKadnH2DZsibV
ObIT8eLM0GwyNkzBDR8rKII4zxpZXeNn
tjdXcrbQtV6C5WSwPZV0QJhTKxJWCJM5
JnuE28sLCItRTOgUxbkAniTr8km8hhlU
gzRiARpkqotjq4ABVXsGcS8Kh8gaTNNX
29V9UKabN0OhuRA0BoZm68RFrMD7Jkuf
Pt9w3JPgFNTM6GgmsCWOwMW1KQLDgFSK
HZYD5hOxwHqzSCL47rcUltQNMYyBbOwH
A5YCaUnQ8AjmTDL3ewrCVwiTWsnQvwJJ
Y0jrIT6mfKD7JnITRSpbSzwRfEZlPEm4
nbTUubni1T4GOlzai8ivecJVURMWIOTw
l38chyMLWvJshRcr0zUi5WSL5P1HxeLV
7qpHOEnuTLzS7AwKnkypI4Is5p47uhOP
NhonC1cqKmCQPaPKJ4j4aoDuIv5sP9sF
wEOINiwi3wkhlnP8bbmsvs5dsdeCRMcf
JU8NNXq3nEBzNlNyh8dmqAVv9WF2VuOy
WmtkIZsB8CbqK6ZYHOXDWA9QVSyMG470
vH1VlH7JEZvgqRwmSBVEsAAGTGCYznfR
zMFPnJOkBYxM1bolETw3lm2CjXwUtRba
calxXQQRwyVzQVGaigyfoxBhRB1qpCs3
ZDRhfKUWBilZ722UlMlsQ5aXBmP2FXNQ
6BdGRpPjl3J58rJPm9tPmQiAbIaLp3aK
IATlEJ9dgSCLZwL07hzZGU6yPzsGp2lX
6Q9lv8w3veWV3Ny0GME7QpymUSi7LmGi
e4Rg00Z8BizxZhloxdCTVnT7YCK7Eot8
Bmn53GeL4NoZdAB7GHX4bedRmOuX3luj
VHWgsfFLxToQWxR0PHPgxHS926rC62B1
8ZfbfTm5GrjOaDxEI2vTSL8RjZQ8cfDB
wAh2r8Tktm8Z9he6sJvjpuIfvI437TSa
nYJnmd9llXMSfrhUWC3TDLKZTlUnWT27
c8GKTgsJsZ7DwA0yVqpXnrMaj7ZwQlLR
8OYImKb2kJuWazbHrFVBYLw6027hKx1W
K2HDpbORew9pS5Zll4k0VkdMIfzsL0VN
0TtYy5GWGJKBTH7yFgKjNQlZk3hJAANx
TVe1dlkuwiCi6eDMagmsIb32V132qn0d
fz7bV3aXq68LqrMuJEZ1Cdb8LsVAMvaa
SGHuSgbbk5aLXZBnCkEzbeV8Hejl8ZaR
Gidg4IyQBNKljCwpMtLRdJ8NzaePnDEv
AXni0wWO3MotisjJ87wKIles7lUZ6DDt
N8FXy66Ai9CP317U53dRo1vK5Dr9brYP
yZb2t5IBAAc8WYOXNcAfh63KN1R0KDdA
pAeaLytYxVCDG5KuNPZkApXWCnuAFC69
50qWsUIJ9rroaE5EmIPxX1F2M0i3xT1i
9bOh2bcGh1bQcSd4uid34ERn3Efru15R
YvGMqKb3U99ctxsDRdHHnM6aGLlBNRGA
bO4xM5kz7N4gqUqlBFZcZaGcbAY3oqA4
tycqLgdqoLPXPPtohpXzeEPHsSNn6uF2
bsHsiwEZ7sBWRkCkXrQd9Oe3kkTuXrug
iWwsnmRs9WLCtzHTnoeQIFOIQbSJm5CO
kRB0M7XcPCj46N2RoenGCH6iaFNxPYzG
AWVqKW9f5wRB56zCpxqsLS6m1wiSAHeW
VrDHTBPITwHxmTQnvld5rHMAtdihJsm1
3AsP1CvQrKCFZSuls15NIJsPOiLp4FC4
hxbuBP7rE67aXt4rhDBuhFq0dY9HDoNU
yO5Bm01KAqsMtmPOi6YUDUrudVuZgyZ1
svyiq1E4VhTbZuStW1y2YRGW8b2xL70V
uZm7kWs8LBSxsLdVGUncJy8VMNpAVzNz
ImLl10stV0ZLRTwufIxgTh5mapPpPluq
71GH6wp5QO52GJQnhChoShJxmpI7RdFq
zXOYkydJWFaVSnKo2xjn0jcMRQ2rjJXD
PJ1PCZWemnSKPgTuswd0GV0fG08P46QB
Id7hU0YRlHb8TAMyDJwkcOaycRma82i7
dXROcO3ibXNr0RQM1oldhmWBWL9UwFAk
ABZXT4xLCJYZLRKqvzr45mzPfLnNZvLf
wRZU7vNAb2VPHwRfSYqaZK2Knt6C2vYi
UyG8QxkCg7aDWI7dJwLfZrhDUel87yqN
Bm2vuTzLPLnJsc9gQ6MhiSeKWFmPEijL
FetJYEnLQIYqJQ9T6JpPRfrfjuDsubaI
IaoyOIqenAzeySuoftLV3mmKYFdQhey8
5fTgabURbefHmhI4hKDmznH9VAT7W7Ki
TSI241tBpZs8t2haZmb7zTaavxp9612Z
ZhlNPUCKd0J0ef2Q9BXz7shLfdHuU1vN
qd6FuJuCWJ5P4mUP0Ql8kNVox2bgKtEq
6z9Sg1owMJjxR9Tl5mcSGbJBSPqbixy7
uhEf3GhWxF5ojY16yMqwDzSvQZVnn8xJ
6Gz5VTTd6FU4M9ESBs2tYB5dGvr5rwRM
tO4pExe5jE5RkVdH81u6ok1wmg8b8A8h
yEyFEK84xxtcmshvxwHdLFyk2bKGLwxv
vL9hRZfzQUIsnvJGhmWNlZo7g4S4xug8
HSekdF9zIjzP8sY5beiL5mpOuwt29fcP
vgyIOKYdeCBFlm3BMeD3FKav0tTRZUZE
OrcUbRv1EvY4GNwoOJYqrrYaDSUcQCAi
l0Y9N9VmFYYW0R1cBHIAmTMyhGCwvBF1
TRPi5P7Esvc65JiWdRRNmrRnrHYi9aaZ
FiU9z9tScSd9qzjGaANfIDhgn5azONAc
Zglrnx4qSih6SGH6YP13DygdIkfnZnub
65YEbJrJwst3PPxXpQwgj9NWkNnswrxs
llnWGTsJbiVS0bTCSe5VQpNgrY1Zf8Zm
DlhkR4Q53jDMnP8WMCtvyqnPnrQBG8p5
SfzuOxZq12UzAS9SQRBIECwEo5CDeqgJ
4xrk4cU81UKNaSzao22NMGe9VEnIHOhh
S3xQMbuHQSkf5ddOLaBMb8WSlJUsQMFi
4ruQOZ9NWNdJf0wWnfK4yxmlDvpnIYt6
0jQejkPrvyG2q0thNmEiiI25VCoC4faA
AFXxyQPgqeNTHvbLDE3szYXFuR6bpWy8
5FRu86AWl1q31z16kvU9F4CttCO6tIKq
Qmf4GW5NFRJcZF31BhCJT9dSwjOo2BaY
bjreseWnRyifHgiQZhKUphUxq0C6LXsD
nb6kwEGyI5szs89qzn4yr412IhNajmdr
INpjoIFqnVvV7b48ic2wCbD0VoG2d6tv
pklyHxEzKzSeCZ7sHISznO8A5sbWK8Ud
tufqBaYlfG4FS2ZCYmWhXAaYNIKrI6wG
mZ03PmFNvMTloumyUI6eOBczQYFiHdmD
lAljPETlpwPOZ53jL2G2eiBpqjdudDNi
PjXntt5cVUAnnUpt1CwhFuryiiATVAUC
DmlFjL4oJ6nfqXeVZrlvuZ72gkP7lNyE
VXynWZ18sWv7ePxaefeZ2OvUoJvLMWaZ
cyNs0tEbwYWkQK5uHYz2BdctpKHxOb82
jcxqLEZy4L77curTTHlfoP0aW6DFNxxA
kacPOmkfNYZsQy4FMTIErKhz37n43Eau
k0wDhVHlEpj9zwHReAO87qsFcSPJyavY
wLIUkfcml43Bn2EOSZIO7ojsXrXoX7Bn
qJDeeMGl5KpMiFhrWKeAMVVe4ztwOWQB
SAua8Cv0L68w3WZAXpDYDCDWjPD4QsSa
0AbLf0HB3KCAhOOKQkGgQK9TxgwvSaIV
yinrTCECqpTfg2baHgBG1BPn6UMvt8b0
gAtageRLRhx6dDgXlmVQPXLrZKfOUDDe
jMiEmaKcGg6nT7ukTBfioMKGBhoIjFJu
ANP4pRBLrzIoBrm4g64L63megNnkH28L
mJlJLTrPuBfS7e1fzHrZylaOGPiMcVHW
Rwp4YiBhaezq3SEtZMRuW8YO7KImiT0Y
tgNbk8JiNAjXM2Kp34Ju3rCcji2QX54g
vzwcEiegDPaJL5idMyqVTPGP6BmXg3hY
k8tw6gIxslQclfLaYU94M0Oo6lbvf2V2
G9xAQXeILFCKayj4xSSZFJzzaDcMITmG
UsSKRmCTa0fQ5uGMNtPUvLXLzRSH3caS
Iq65zSxxrT5MNtY6Gtq2R4yH4O8PrkOy
MrgvLTyHowBeSuxmjpO4e5uHi9uMVTFh
keHqQNKibkEfAnksVdmRu1cLynTUKI4d
jaZthVTdvFHbtLQUUnf52hOMvo1RxRij
dqg98hHOnV9PTjsbX2m85X3uIQDkqZbK
fiuriuxNCbt1teDhaE5FnSSpKCsJ8dJy
dUS02TgF9RDCdOy9xf2J1qNJ7njQDccT
kg7gzvtR1WlJSc3LGT0qxaH9QeOl4vYD
La0YXmP7bOAxyJvWRhl3Cgqr6ZVMMLku
xJCxLKDEBOaEYfL4cegPQUmItCcMgUoV
xohSeFYWAx7pFpaAdEvJqzDEef40HUdF
SNjlTHUv4OxRepsCrJzeYlxd9D7eZfEv
crEFPBqRkn6IIQzIYbnQq07zvtdU3lmE
dICe3J6DBqAGEeel2CwGGCvzLrFOeRVL
YWbuSqvqha3rT7ZCnV7G8sHCKuQ8dXk8
zP8yJYbOTjtv2E1TWIzrUrAbcghJ2LWX
ifuNrPN7p65CdreIhJ441zwixdCDahJt
eioP8wDTWHtIgDJCUVbbhTppzZH2phfY
riiMjZNxlMcvJO0kKzhZu39xFF08elBC
S6oOSkLNmOxEtvNx6izDPU8dAVYA4sFy
taX3esMbyWVgKx1zTtTtEtLQw8Tuj6GW
N3oiXbG7Oqir6G1949rK0WfMt52xeoAb
McVaz1HUQZT9IHLzEziDguhpOpZf0kz3
zODSQU8Q9K8qQcaes2deqhd9L2YqyPtm
TBz6ntajAyAjvb6EDSut8IXhntWVZ0aq
wAf8eHnmdD2wXvFc9shOOskYdAFBfeU4
GNFcTc33Av51DoDzs4Ujse9FjDhLwI00
5C3dDM4aPseoWmQiL6iHQaN0glMF18Fv
IzZhEKEaSr75KpGkrkK3M5ZI9wKzTBl2
7n7NIjgYwgNIZMkSD49v23jJollpRWKh
QrCRZTiCRwg3B8P7RXnEfpkdJ8R4gXPR
Bj0woq6wzFlYIgneE5sLsie2qPA4f05I
bvlL1QzwVKntAw0RyYnjnBdvrG4vg9k4
haRPxKb2TN47YV8G7tFglbjfYHHCFqxJ
RrmzoJCMqlUQVMnLJ3GQcsSa1lDox4iH
ecM7ljxdvOWNnRxFW5QrBYS5ORtNCZao
k3ixaBKEzURcUbGB20PHsATKjqPqjvLt
txSILWerFZvQ2jfXVnYqoluNqwmwfFef
mj8Ee5v4Bq379PefAenmQYB7bGP7qD0j
gO2qgMtzx9kRR2ZlyNCzDNFum2wy1CWM
G6CYAukQ9Mszt2dZ1VD7kowl8IjejVpP
rls5Pb8cwcW9GP1AOWwzjtrzZiVfMIxC
uDYsZM8bq7NPQQNqgENirD8WAMTdYC5o
QQoBPrXm8OfpTDDnROe87331TQEhbKIB
CVQuFJerIZstY3HxD0sEco60SVuV3saz
ZkFILkNDJ0mzERapYm5687RSsrv5zECO
bqCLQFUlczlMBIKsbyqTeyhvC1hddQoB
dX6uvXtbzg4vnnyd7vQwpLnuoStEbmbb
AYhwOy1tNWemjttYHhylQFsGvEU0vcTm
osVmEEVb7mHNyR1SXLZQRT7acJZMZa8a
oW5X8m1sb2l17Zu9aGewthD8xXaMvxuQ
rldN2Xo3USAyP9L7QwSqVO9Bv96eGReb
JZ5dkv9087ZqMrqSccd7gnU2SQXvKRPr
R3vvshEvWwAJ9GTvbUajcyWCYDhVjisH
pRNS7ruE1cV1GoiENfJzwO7g652uq5VL
sZWPJi3qiH5S9ZFoKPIyoFBgMc05aEXn
ZBsGgesjvKETZTIx3MBcqOhPy14Nsfzo
IxpnciFgS65pkTQpJXVJZsLPfeNOiudL
7LLBtbCRNr5MnDGGBy9QngOP9i4pQZBg
1eRFs63REcrEmyBef8xGNb23vRbO1h9e
mbqIMObuYF2iK5wAIifvKcGGy5VAPfEk
S6ZGV8hU7icQrmbvplk5ZTAJCn5W7SeS
4CQLXo5UZcLQeW8D1wceCYXemyxTXyZL
kaR0rxyoYkVGGspaUi3Pt9WkWYXgzQd8
q8hOvUQOCr2mNssX2yYSmUnMHB0Ug9SL
vG60OWzdz4uBJfDpibfJpjkauqqazcSI
NMydKH405AkKydHRQBehOj3TgQxYUDD6
aomtrhIdY3NXRiX0uBeFvnsGDibkvaR3
yYtYNnEv4ncHlA97fYNy7dCVKm6fj83U
YzO3xt77Sl12PY0HYvwJhadpPdAJsw8E
93OUbJU6KQNWLwc9gjBWmuqcgrBzVd8p
ngUbaTQAXvD97yQYCvkyf0YpX5rFIPxh
kNHvj22N4wVTOOk9ezGLZf5qDo0LlCgg
ZOfh1BQGu6n8ZGK8puEczvygghHHcWNe
zWqUUid09zLZ82djNJ2Nb8vY3iLrRxzF
HGhiVDeDsk3Pnlqmx0fSlDc33KOiJ7nY
Pxdh0zq7RjUndFfASMjapBNrHCu5Oyst
cueazpE0XfOUDSW1XrrlcL0Q4DyK1Xjt
lxtvQXIOZFW85isPj0nftp75s5EHbhs0
KYjkF3eVozvRpsuj5VfGQUPgK27MPKCF
D5hO6fKltaoWzvNYeiLKvpd3itvjrY5m
r09NhEWQDf7NE73iPdXpfew84iU1Yjrt
1ZstCyHW2wduytra3zo5ha7Zz0SSy6eT
L3gzkBt4IJ5vBoEr3SA32lwWeeYwKCsW
4wciHcfmUG0cXz2Bo8kdXYLIcuffHl1n
LjVLx8vLDe2iljjXFuUX3NrEtTTbwWk1
Oh8E4J1sC3W4ESuRLn6OBd3qde8gmExL
6i6ZzY5pJargNVOLZDtw1dKaa8HGdypT
JVPLx8Tdwzh0mPxtPg8ioa5r7fJ9Gz3a
BPkPW9j4eNrEcNzmQRUGfCLMsnxvs6Nr
HPxL7T6gdTDj3H7xCUqM1ZRrI1xxE3VJ
ySJFXeu2e3X07awMq5Pjpl5WU3cTiyoC
W9tEQYolNgTC9hzwMLNVbtkmKy2pcgah
fCDmlWN2LnXzhGCUuo54tuxunJiShnwt
1S5ddSnyLmMt9enG8ciO6yZh5VYQDfJi
Agryg9WxGPABLx953vKs1sPMO2aJsD7E
jVd1BRXgcDBZmpTZqZYlJkEgKgUeWs6E
3bVv81yLGMDUMznaGhH0GBPJclf4HVGt
rvuoyOj4rB4XNaVi4lhoxT1AJYPHpCtr
6Lu6Nb8XvkJz8LciCTr4Zss4qqUsE2cG
7S0hsNWBuc78UiAsLPMQB0VQVqGjrupL
ivoJWyqnkBq5L4q8M3PZ5tsJFT9M6IHk
5t3z6HmKkWo3ZfQmXJPcDWaExIzFoTQU
pU3CZSsjPyBqQ3Xa5sZvICKxSX4B62AJ
VxVGZaeomNwAmRRCsRMx6YlZNH18M68l
uvCnqiPdnhmoCfTcpwnKAlM06tSwMjbl
AR3gIrh3iyamFQcJEN4ciHJAd6iY6Q0F
Aa9d1YXyPBzY9EsbUZu3qiCkpazDDUSd
MifQXRP3gmCJAaN46wApSF50AYS27ugb
3ev6GkdsvACgmscRiOzKcyVhssfX85sg
eDGewncfyu3m6XOO3qDc3lV4RIUf5Oz5
GVuTNikpFbRnnvOUviAt57uA7jx8yx74
kWpb9mgxZjjEGoaAI30eS1b0ijc0aWHR
zLAFYaIXnAugmM6I6VZQsuy2q3yYNq2x
9dp0DvL7iDaNR8cq6kWCDv7bC6YbIoG6
bqKpH7K1hzh0JOLoeEdhglQNEWQpiS3H
KzuQi8isG2U086XL5tHVyNzMYqq2pH0R
dk83MHpsHfAXkKrCa5AW5xtdceBbEqFn
idNqoFivfefPJ4NItmcFQPUYewCxFKCn
QwkH5BINm7h5cnTYFf9r5mHb8qVAqesn
YkSfwu2QGShZrcQI8T899kqkIbQII8ED
if68ufeczFMrw0y6uMEQoKv59SN7XiTM
XAjI0LZOIu1t7H5NsvG7JcDsYLNVcg38
oHF0Y5RytXJ1xNObFbnQQP8pLWFEkod1
EX3FBjlAfUfuhVt2IPMWd3euH6rkO4pg
Cm4iIf9zipttwUsVKUFrMwB9Br26NqQy
FkqOkamlWvHecLUNBc8dbrFNXOBtyxNz
wnE4pT6GreBohs7cJTs3jaicUAWNrm9q
lSfnK02cT5qQPyUTnHM36QXiMiFIwAKL
k7rNEcPj41F0mUX2RZMInI9d7F4AfS7l
yJcBKQpBQmkuTw1C3JFhpsydLFaqd00K
YHFDwRTC3tI15A7yszX9gdzLaitVt0NK
xWq0vjdDfVaHZadmUW2JV3RuA4pzP89I
1OfxcxX3lBBHW0saPnSn1Kl8PQzo3XEB
qsLtSDJBk2NLkL3beucWYUtdgMvWPivZ
OAtUBeqr70Qif4CIHy9QJUgpqIoC3V27
K2et5DEyg8iPoli3UZohRl7rigusbVqw
jK8Q2XXIZU6CzLfN8Es1d605dactklDs
zmFFRc0MX1fiIErxSd5tMVUAaP61Ge1f
LaMD3tlJQknfmFiOGuJvUa0xEC8vSFrP
3vn2t965SMUlzsdmGeanl3ikidY4N51b
7PYPVboalCFzf3JWncPVQANwpO8twCEX
2CpSFY1x40rK2Z2ESciZ0cqhg5NwROJU
9WhfyIcdnka9xQyyKxQ1QrivCsJ7TovU
B9So02ELnyYg0ugjsZQeYg5ZlS3tkI87
BiOqI6aOKG0H5UHru9PS3GsFa6VuvrYw
1faBsd3EWh8AfdS4cunrVjYSi5q7j2rj
94HVUoGBm3j78oSGKwpq2Z12CgvkJFex
EjAS4XCmiQzdHvn2EuBBEfGWbYBioSa4
GeBhRVXfizAhZG0nRDmlDUhrIECFjPct
RbfQpgqHn2p8f3wMiq6Dn1Pyvzxt0DN1
6h8d8ljcltpzNPZNvxdlfKPSQK5YE435
K3HPZeb6Lq7Z6ixIDeIRl5GVsKGDPCpy
vi0SV7MxYXePZG1nelD8GGy6p5pZVrff
cyycrfPQ7EHZELCurdhdDjoP5wZd4LjM
V8DMWfJQfFtZISVYuG3IXnW2CThJDI0s
Btyi2y1mPdtwTut18K1ECCcCYPLj5WRh
G1qN1NdtkVQOiub8S9L8v8T7CKSWBjEs
99V6qs3SdrQUuQ4zS2OW02h343dY5a5O
MGJ6FQgSVYwF3djRuqGxEnn5o3MbTTS5
jgK18I6zhTedwfb6YtMnU6lGgUvC7JpB
9KUgPxmWp2lbjPzJ0LDPIIxe9PPs8rdC
bPAnAA6i36fJP54FJL5lVoVccWvzdus9
MPSsj7LfA35LeB9oQeHMghJg7YrhHFXE
tyuVeUCV2h8AyNczAl0yRzKBSPmYYnol
lij2MlHfLAnmocEOsymQbetmoBp7wDea
PBTKgeFGQM2vFz33EgQjwkInSU9rUNYV
tBjFBkUS1h7O82AIpJCFjkPH3CQToqsU
vzS0LTLU3nHbsk0Sz8UKDarj9g8uAg1U
NiQZ6IoHHI5k2qxeYCvLASOSMUaScSed
WgVxycYi3IXJwCs3MsVtDINixp8vHUOf
PtEFd4gcRpV5zoib02sBOazzfIj2ODOC
RnKt2PerrMVahNa3uDrLlR6tvxFTWzFJ
CcofxOzyrb3tgbLIeaXqsOjyRhGS4YYi
jKtlCUBLUw29Gc9wbLWS9wGOKxUDDAYk
X06K5UEvq9KYdfLamx5uYkEFEf3oOTVR
wCWi3XZkhWh1PifTQUSiYDjU0OD8EDTM
G8RWqpVOd2U5iq0kQr3WmNeV7GwJcU90
8yjVWD5dGUD16eq3Uxlr6bwZtaDXu13H
ACeJKQbvC1gMDjcJ3xWbxPMAnqASCkKA
w4gyj6l8EX661HlNixtTPKTu98hpKQPg
8014XIehIFk7Au0kzXaaHPSh1sABgJ06
B5duvdg1I7GyLE5F9MzbmE0rYmcaLwZe
2pKik5B4L4odw0Egeyi5XYwiHrUgPOme
X9lLDmgFYUrsl6KZu1VJsqzGK0nOO0UR
k1UDIyd9K1df61cZjKES2CvSFaNEoZ84
1YTfqVw681ZYn3L1Veu7bV3x4V6a4Mgy
af6kGQvAvlAinBuAhNIN0q3St6d80GOT
S8yQEk8Cptv3molN1MUnEvVxDdTpNKpp
7Uh7nnSiMW88sGjS3iUwc81dPvLeOZqP
z4vrg6YzeHYO05llmLwjUjb5oMG7jWLJ
sHbB08z62xJWqlYYAXtl5OSCBR2z2upN
O1VPxc9koP855xxSbSdwGLPAKgnlDGRq
eUv4hSXadoLT7PUFCqXhUWFdyRKRFB88
LblfJ8LRFj2LchNGX5cDIoQvFXvbOCL7
9KcP2LlAbCugL0QFQPsCnngbkA5dn47Y
DJMAtmJze0DUYviKcqll2llVxZOMZyKJ
grcdoD5zBpQTQEN46GtLLaLH04nGntub
nW6e2U02MVDuRiuWzBpBrIr51Dw3k2jf
WX4ayuvIgfJRCMXSDILtQDd20wdjvmWO
I3ZaiIlVQYRncCWzISeSsOMpvf8uH2us
rppvmTF9WgxLMj2BTR5uw8QCJgDNS4ol
aPGTkIUbefWCEYWby8eQgkYs6i9Yb8Ee
YeaGRn9uOma8N8blZOVzepX0jJyj4eBR
VkLMYVZVmncoVQsmMk2HCRs6drFYLAt8
ErFyMWiIOJYDcukFv4hFhQMIubMiACJD
CcK7FmHJjr6BO1m1LT4wTLTFhPEK3oSH
B27NeiKNJvUaa89iimI7qWywUOaUmTiu
isO8aMnWnlAsWWUku4nTQUZVrF8J855n
JZduFQyG5WdcmIOb10fNCpQBMb8vlosL
acAWoXTuhPlsyc103DzOR4UKPxaCinoX
7Xf2LSqFuVyTAac5eMbHauwWuAoNnBQI
tds5blftouvn3sDjhN5yrthlCqxRFwa5
x4GOx7prBJF01chKOe9jide0JtghocaQ
7WxmPW6QdlANd5H9Y6CmSIF4yOWCZJt4
icieuRnoWZkUFGMjN8SE7KxOFJIGIC6Z
GXfLLbw4VseArJEp8pZnWat2s7036olS
hZRDsMcgRmCdM0JS1p6JilOVAE5vCr4O
5yhE0GyNDDRuZBPG9tH70Z55VPglU1Ro
BsXnNwAzly0bnMgCJmBgkdpngbAkM1Uv
RARsahgTL3xeLkO3n4qmEC62j6uUA4Zy
K1YjpbIqJd1WWQpWpqua6QsGmErCkhp1
OreXPCvZ1sER5dyDR5Q1YbWYLwoMgP00
yUgWLE96GQa2nySXb7e7FsqDTQdpgcj7
gq1R4HfcV4C5jXCimGF1RnUAjWRD07JX
v4qH9JCyqajjfGOOl4bVscAs8QHMlceH
uXv2TyMCSL3U4vC4aapc11CRl4ckmVvt
fCoLbMyyRui1FxMvexEEJKJqkUuPJMWW
bEKAWlygo8aztflx7SmyIMt7NbljqiYB
gTrGl4lOV6g7sRHnSsaStnVEK0Em8o5o
1pVWnVbBCMwAylBo7ncjl5vhaS5jlnXq
JnW8D8Em7QWnNgUMPt9POAPJOHTAb0xg
Z9YbuztCjyCwyUj2elyNAn1krLqMjc1g
B4TRAuzfebMGYOFxpO5smPO98aGEg4pe
25WuYYib01FzmZrE6f8twz24ty8Nhxfv
7aEN2nRcdtt1HGtkHAUUktUurnp08P2J
mqXe8t6pJdObUhQDd1KvgMfgO2JPRIbC
OqBHkKEgeVaPYkSKTZ548nrNznJegbag
wuDT3zpzDRNXX5ljwHnHtl0PcCRmtqPd
iftElyvgImD3UI7XGhg0V48c9MsiuU6K
2edxUswV8jPLuBKTzmceCjtpyGBvm2NI
7OQuouH7zlnpoWzUs2JC4IjkzzY0qqEI
lSi1o4Wgj54WoS7rE96bal4uhTBFXIqZ
P8d8YlyubkkY1Q0hQnxd6ujaA0yyRuik
iX8sXkTxHJQkR0lTEcBKIv3gjG7v8gAC
lpoVvYCiCMmWrriXWxIaRcpkccKyvEZX
ZlZBYZEhkZhqapzl3it3SJTrHZ0R3Jgk
RBsNgAnbiaBp2jimGSNC13wiI8SewOsU
EfGJsmMFuxL78khneW3OtMMOQ7AJ1D0y
eyglPFr50XPn5ovSAMr13kRwnkOOUepR
Q4SY3ADDSe7Pd7Y91tGoA2SrGeizOxA7
VvfxcCdNYZnzLh2SQhvuRWBmwmrziftt
hFnIuD6gfmIV97AHn7vxuXr9KHZimiPf
58FMLt2pahsJ0AOwkb9BOgqhKkEdMQGC
3PCjFrvAwGYKVC41MsDe104229ReOlez
CYBqZ21HGYxFWDy3BomMU0rWVoGP4E9q
dGvzq9qq3nyxwonh2ruUFLXqeVSVqf4C
AyasruRyrSlP1wBSSCKFOOhuqoaJ955V
4iJZ6BqH2dDwUjpBJAMVSulr6htN7SgS
CGsLBcqIJwa6Th64zBEH4AMUB7nsDged
t0C9ncYWIT9E8Tq1fDzVOXlDpASSu7tR
oiuePGloQ1WbASvrKbjqHU4jHwP8yes2
6lhmdQZ86j1Kfx3qcTdWa9Cm3lgGnon5
G17j69uCemGlb8ynGcv2vTDNQdlxvJUK
vxHzKZKxeu0YdiMjcDLzoKAK7kTHHynX
78bItmzZA6SficeEebrCbwihPuGORVVN
anPiagQwVeZKVdiMbJ42R7F9CKGDcQ1N
eg3PWT1TyAZTyB0MYZuJ1e0hCvXDkN37
0Cvv44phln1AKZHtYytP71eZFJSmoGJZ
jnlXsP306OfdeWCUaqDgeDOFOJrV6OYc
eBNWoYoSvWwz5DhpAHkKQGZjYP3wiK32
Is4ndoBuEjYk3Ig7O2pmWV1eRKNgN2rE
CreGPIzmXyEwygDZ3GjaV39RdmbVSrft
b25qHzSFQBhiidYp4WSKr1lBA3yTorye
tRXcRBKOMrGUZmSTxvhgxxdrAArXdGKC
JsXXNKT1FBEMZwimjAIi94YW93kjVgzg
jWdjc5nH0apFgSv76mJjBSaB7GMSO9wO
YVdcUj6cd1PgAcT8iWkcdImfLOsiyUZp
Y2rOSdHLbeRsbbSTAkZN9KTJj4HNg1yV
cJp60B8O0Y5wdLVMyZUVWWWjaBJZgGyF
If6jJotKIS1Inc5w1FJqKEolyPHU9LQI
VyKsr6hi7E9vlmALjSzRmaXqfmnNhGY7
dkRDwEKU2NHX0kUtMZciCFl3Kvslj4S5
UvUC1bVUYqXwlAhuGFdzKUhJj4vQZpx0
UO5XkmhveNleziGKnRiCn71RJiiSAuVC
HFcAKkPCu0eyBzsFF6zCjyyJaqLACYdc
dwmuYF4YCBOuR2IwDPP9iUwhP8KXKqde
9UX4rPdAt2BLFVBpj7ZcvIxtwyWJD7eA
nuXy5P6HvbMbgdMEKa74sUlSsOCqSNCY
bc8Oo5MxMQXHhi1q9clxYKNVZGpV3SDw
zpSvnNHK6l7syTIjQI0qt9XgkwLrNXFh
Nawk7hUPAl7IcfwROgXkmU98GHNr8tyF
3ea4HPGKvzh4y4IgWnlSGKF1Hp94u3x3
pphXp5swnVDwhlDY7zyDkiYJqqTCFcgT
dGGAQwLJOHt6zuhR3o9JHbLUb7Iv9UqM
eXyCykUQ7DvZjwJXWpHgIXzXU51lDNZv
ODtZkRwFviZ2GlbISvAOUf4gsqmXqJlP
DKyFLoCpv2ZtodV1HwtT4NEri96fFYuX
S0x6d19ksqwYVE3oylSpIy67pBeydLq0
3EfrvBudEug70hUjpo7NGZMwwGRy3Cw5
z1nN0ShSbk72WxPcR3PaiU0ENfHCvry2
adHLApDFDLjZEmEjVmzVYX4ajnGSYeg7
PcTGV4MU9OdFhcfVdVzQLNd2FxS6mKxZ
shbJJ3r9fuAI8CEXaKBKsuzl2Dv1ndFH
rPms4iSqo6iuW3NgbzVyRF4QlbjQ1lOe
h1JExNp0u0vVksJ3L8gjTCqmcbauL69V
xyWzebIjL2ZfznDmp85602LYsFU0qqXJ
TDJObgjZA25npk90HrXCudhj47lT3VVK
zwbU49CPzxWRTWOdHGi9N5jJMWu0zpOI
ZriSKgT84ZVQOCZBvYs75DlDb8xXyKR5
TYSevxDN10D6LQUmmsXI3l71SrmBh9H9
cAselnPpU5796kYgHJq805utDM7Aeo4j
F8UyjIeZpsQbiWdT9HpyUoSxl7yjnoI6
LrVmtzg0PxY6ikzUrvDEBK2woVqfklxb
Oqm83LNKmwusmx7glx90XoopApO3gzkB
JWZWys9zpGr60AVI6ntt64e9YoBgxZcK
EaoXyGv5eFhCEoBqLyIvrsnMhJAcPKUy
Ey7dDasAktZ6lfTUbSWTvtC8ukwB93oH
0rn2ElpEawVzUNcTM9AunrVz6kRMjtD8
TYNiC6AFQFGsQ2UvUvcC9OpOHVHZuH3R
wdYnprJQpQn0VdGsCffE2C4hv0LddebW
BnvwrpI9TRpI4TYrBW2lOdyBwXogObQY
0ogulEookOT6tamvXUKcZzXaGtXAacFI
CVTlxUzBd3Bk0d66jS1nM17zLqiw7GXD
rjPIvmK0DwfxBKkcl5suEnzP9DMpT4Cg
ANfIPs5i3VmFLmygrnI0BAwRlvoKVnNO
5FVgo3wzBjAS1iKQeIha7o0z57B0yB8F
POYgne0GNFDjc42kG5NsxDOx8gmnSHpc
wqnSSquG9giFEO0xYZ8pZjHAeOLmnhWj
J8YIQG6W5P3gpJdepxfcd7yO1kgcFu5P
DSSpPlDUuOM32Uc4pJZ5o8JuqUPiktG1
ApXAiLrCuvk22IxmnCGrkBpK4jSmKk0S
BrvJWTXO4giLyPj7EOkKDCiPulVl5cEt
766hCMbcpKWGtJqVB4Su82JpRo2COFG5
wXbZ2A00m0ucxUhlZ3AYosKju0DNM4NQ
F3W72q6hAD82Xb8Mi8gzB1EwqBcV2gLN
CtizJS44m8A6GaYlQleiqQTQw9A9SsVt
k0l5UamgHTOJOgcEeLPSuGaJowBZ017U
LiBC84IVFofpyriPxgQCVNtMa5wSgEoZ
R1arSMohtufLd7nbp8qnP3wThdmZ1bOr
wIDc6r1NvzhLChhAOgYHQJEtRZwuzHv8
ruil2fZxGOlfmpfiqHYFQbbimULPVLcF
LUiAyMXShv2BrfuuOpG64b68LyiVigv8
9IUVHBzvpV2azDdSDrYJPFHsIHpPfood
0SAj6tAHewhGHbKU8woOJlyWvyzVHMDc
LL0qAzWfQj2yWUWcyR8a7wqhWeVoWo3F
bttYm2Mg29GbuitJEro4XXgG6bParOP4
4cNf9I8Lzx0C3NbcSBLdZVpCxJrZWJhJ
12DUvaNJJADbhpE1qmjoU3lMGLLlCSGz
McDtX5RoEcbTBnbn4J2HPyzy0LO4qgYj
9eUUw8n23O047t1DRfiYJTZ7O1FQpOj2
ztdBmzzPKClp7ya2xIBx2YuPc6H4JtKa
LCRNEVAfPHyqQNtLr4wMi87mDBQ5If2c
RuOtETCzkZca79SFBnIccssUJkB4Ge44
ytLwil6ojO06wgFRxPoDllHBEjE0zHpq
jpiq1DxmKFHyRu6W6kyEukA0gCGo7zhw
FgAf1rOCnyEDHcAJyTYwBe9SiJuXs7KZ
uL5sII0WwYQ0FNnGq699IqVW2YWVy59X
qQeCH1jGcu9LoWxJD5BVMpCgiFDiDv02
dfq1XAGpvOtsJoeQHIHl5cfq0OxD8906
P1pYTzy0TOOc3ETFC9TJsm2WLeVmaOCj
xp9W6JJ1MfPxgMJ46a8EpZxpoLGMRrKh
xr15VumPrM0Ax0JAxbun6W5fXvgGC6Gm
bnfStMIfVs3eNWWbTNAIeejpYi6EB8bl
aqvu5SQRmhYIqffqy70OmLtUfnYq9DEb
F5iyEXy9E0WqSZrTAFMIIoAXPr8B1uaW
E4pndxuSxF7oJEpkubAzZhOVB0mbyeow
4DCx2EF2fILzkxmW0XzmYUSmJSUYKyqV
LKoqxuO9m622kZoVKD6NpGB7ZxLkRq8C
OUsPwTjU1O9t7eIXsP0DYszKhRvbXv91
OmXFCsuVnPO5RzJZsRLxE7HPDZYvxJSB
VwhShKYaaVmnvRXEEUpi1R9rzWAcbv4t
1XTi1hd3rPxlQQ3DV2ZnNPAyfETweogK
SRhAUiqggT6yhL1AyujCwfY8OdS2bISE
Zgv8kT66baq95Mvk8zyh6cUJPtMgaEeH
3MrBbgjpcOGXITuPbUv2Ff2RlQS1bojP
TTNF6EZ6sjfO6IQ4pJ74k9HNjWwEmKuN
BRHtpYRSZj3ax8UX5ICRpwCT3SDYVaxk
8if8jmaOZcuRWL5mohBF3L7R5z8Bpav7
KS7AoO1KfYTcUgwb7jvjIQghDzbC2MTH
9lXTGPamKoWwwh9wLa5PMx0evBGzmt1s
JputK8GKE3DLP4csS9nL6InAiVNe9UXx
MDkEis2PlPUTsdIYalJqDSOgmvUS3iMa
imrkg3xRlMDSALxFmht0kuSHQ5GFrIRF
faylopN1KCpCxMo5LZ1i9zgsoImQwMVG
daeNtf1opNQlKto5t1iUWIm9qJVzUv73
G7e9HLbDlHJWfy6lQghicbl6CCt410vO
JnZn3Rpa0bVVzOLPjb7oYV8K5xdRNlWK
NOFxIRnv4dU4S23EWV6H3KMUtG6AkRPF
824sOjiNSUB2haDnYHohhHNwJMg47QgL
R1L2DU9V9xrB7WgHDt7UiTwuRSTP2ILh
afrvcvvDs5gN2zpKI61yw03pSu5AWMDM
2mdpqlef3B3pt8o5EnXWVDUuEXKjD4qW
aJwVsoTEGEC6Niql1ugPf5iCiVxy0BLe
81k3vR1RKK9eaSgElofpDLxoJNzsumVi
OOgxhfeQkxGvI7QcKsD6p8TLQPiON6Ae
cXu7k0YuJ5mucVnC3S5M3ajLhmrwtvkx
C9roMP8pvOCwqS8Bvm9tx34GuspOb5rp
gjYRBULoVXcqFKJiIY5lIubw9rpnr3x4
vkiwGQ5EeUgFMWuNMNFrGWKzlVWh1kDe
ZABOkhsfsQtCBWhhG1lolnhsFuTele3l
LqiuIW5uuW9FcqfWlxNnNIoFVWe5oMUM
rKRkCF6ijFj5hemDmMVSVretkIC9llI0
SCX7wzpt7Cgoj9ulq6GHW1XyUk69tk7G
07NjWsTeWY3jusiWWD8eTmklstoclfaq
peQYqdOUJhEp0zolNkF9LivCgzrqAvKz
tzz0kOhelWCnTEsATsTMcrIBaI6Qyfs1
voet8JsCOV24GcdVHzKmchJ9lrLJkBWa
IHs0ouRhyUYxx0o0YsJXKjOF9U69SWXj
DbOwhlkafPFg2qtquEDogQyCJxh9Ehys
gjE3fg9pCEJxapLqwM8fNWeWk3H1HZva
ht2T4wuDGEtFuemclITJLZcWpFaJBWOX
ymlMhmPCyhmuQ8Ibz8JqmhYhOy7BdvKO
OtUWhDIfpKkt8KrcquvOMlWGSrzRU2Fg
yVCifXtCioMjA0JkuIEcOosgWVrTzYfX
uh3spEaAmqNkHsuM5Dxo38cZvo41mLmF
dlHB6V1hdVLLokz87TfQlgKNu1DXnCln
TfyXVe7TTj7861iA6eVaT4RwaxtwM3WF
PmmZUrR9FD5WuDGtYk79azofew7eRcF4
6ii9AHQl4mYGZTiqqvE5Y1atPd6q8tVz
g51PZhO0NjkOmLPxMhhBCKgIkd7phhke
0KNql0RoVw89m9JmPgpCelYkkKdxOn3M
MT9aMEUiHtOb5Da9RaL0E1QmIpEjoQLC
2zdDFiXSeIqE1KI8iZ4NXbBHCMeOGNaI
WoeM9xQ5r4LTczxrl52cKx94rvUM1dr0
a14GuhFnOCjLpoM8txnHZ0ajlOgqVdnY
D8bO7xW1sZSN33piUlih2CBmpzYTl9KP
D6ubvX8qrNWbgAjjaDuodbbxRPBdkc9O
Rrg54tgxH4nHm26DQ7iG2Mv8R4ZnMgcJ
ff9FZOVU6wvcu91uJbyg4sMNc2UOv9mb
CMgRqTY2bDjICfyZVy2AcOywOl3r3zp1
W55Y43nngWpFZYBlZK4rq8nKGdnLQKOe
qiMcobcNz8ucif0N6mo7Hb15DaBkJFwJ
MJuzxQP7taF6iA9eGRvFUfaWkMzpkPQH
NmcMvGIfxu28s0CgUgs4g8Q0BT3InJEA
WuOGXEkzs9bQCLM71saD66Xvg1M0V0AQ
qPWxWvs0iKCXmYzkyCIpk1sc3lgEU6Jd
hwYbapHAFZzR23z6RKTFlhOo0yXmabBN
xdfDisGmF5Ybq8ehCKl13HTnGzzA2MGa
7DTvabyhcR6uxjA10rVVSCMdwuaGGAih
9rr4BZgGoecAyFMTGhrGwuXonGh77hic
oG1IFqx4GWX23VKgHQdh1bVR1xliHDEL
kz5bxIt0AjZbW6JxqJGTxJmqiD71ChNm
s3D5RxvFUUiOdQRDQyiHOpkv0rKsg3bK
qt9AZDoaPdVlKOR5ZfKfMVoTyRJTlACC
1yFU7ffH2desCujbLthYGB7StGf7EjRj
0Ej3ji9Gf8SKEADTTFqL12EvsY6GxvaP
4V8R4XfRRvPIHcjyujD0AnX5K3Y8GLeA
l0mE5IayFIxR5E6paT9p1PR2Z7iIL1c7
AmOoOYXcAXhcznAmCYBwg7hIw3kqh5zE
smMw2NyjXOZfHajTpdR7UJIY0R3PMwWg
BIACd4oW2CRziRxcHdWbJCles7OdDqzB
vUELdQybPBk025fCrvTzRpQf0tqCmGz2
pfgA5EggYHGEuoytejliPvnTacEu3MgZ
nltm1QsPNcdCGGs0jyPgbltKTFy2aSS3
QoFKZsZ81jLnYN7c7dV3o4X2YPgQKrSd
9HZikSc2qz2Qdn4KxmF78YdwKOGPYtC6
SDqtPcU8pUr7czJT5OJjTcFj1c4IXHgF
s2eCXzdTRl6uSziOKLbqQ4OqsGMIfGVw
tS5PJ8OAuNfvr8wXfTCGqxd96nlDbYbW
BhAfsLC6ZYMyIzNWcpAQVpG2Rj4mi9ub
ufIYAO569gBVTkuVr2yVhEMzt0NpN4bZ
x8nr0U6p0p3Pe0e04ggMQT5wZu1mt7ah
cVaaCUPMMcuU81uB0LM1Ugl9AvMNbH4g
AlZv2GyaCn87H5cSfkJW2H7H5mIDbPjp
rrDMME3HXs6Z84ENOphLVaPokJ0h3eLc
qsWUpFeL3xQRsjXdzmofIWLdnnPstijD
XMrVPgCWM0cv5gw2ydPwZyStlNmk0YEw
hRidrLrV42pxFUNdk30eDWrNB0wJTPE9
H3JDdzMpXiyUk1kkGbPsF3xD6zokI8Tx
k40mP5Yh4N36IAk7Jfs0TG6WpeuyX86I
IuHgGpfALfysoHRdd4smO3dGkXSJX3MO
GurzplGXG3RXlTWnZq1PexYL7mPwEk32
Z16EF1xlkqzIt1tNt5UVqqbNUb2P9wxJ
nQs1MAUmnarMUIWaSChCplS89xf6ehY9
4zhtRI5YLXr6RfwoXtd3YJjqBEc7tMGm
6rIGVcz61rDEk0WbYv374QWwXVAmM72h
9Y1yVAqSAwYnr7JaqKT46fBpmYhyoIQ8
8rSz4lWluyyjJZE50cFdODDykQfHTw50
4Zveu3HlgfS3Pyn47gHCTe4RZ6p3OxT0
uCUkl4UFDMenvoKIDKjBjwAJXnDfJQ5k
DYiUP6h3Y8Yimcj7gUFKPR3MdAJ29EAb
Ysz5t8xoJ3x6UxvlyB0IFHg9B83Qx5hr
BohAZwcklRHQw2x1kIVf7JpmZcIn9936
q94LScLXekriJTXZBE8oq6HcmNypYxkZ
Txe8z0KCo2pPVQlb7KBI4Tg13s2ImHLg
Na9R2FReSsAIACahgVb1cDynZf3emCXc
jxty3fOgt4hVZZttEAvSrejC6vFb8wMx
nGHRBfWV7svUyR0xI7zPldEpD50IJhwN
HSuiB0fCwUpcxwiPhfR7pLrgG8HNlRef
oFMTiShKQ1g9iRB26pCY6hJVXNse9w2M
10nZYTt1Np8tM30g5FxDJtoa5zuS0Dds
ag3M5mcUAaNjaL34CtZlQ1Yu1aQyiRKO
IKmuAngKtH8ozy1pfUtr8FmvDrlU3McK
5pUjS6pocBSRTeJDmMKpudODAm14iNsY
JTmkfEY4LSE4c17UMd49Iyopr7fMbXXH
8TXW8gGbWmEzTEvsNZ1JRB63EEXTWMwN
1mFk4nBx7mxQhEZIFJ3AMKuAawQ3gOYk
gCH814LgyuNxKROgnG4vvyEjB3H6Nuqk
7W2c1cuERyqsUWvYyWUyt2k4CfIEO4Qm
UtS6eJaiqo34payIZDQM4tzb9646vrc7
iUz1wdcVvs3CE7MnmiagJp5a4gvSD7o0
MPQO05CHk3PegO30DIQPEDdNpynNVctH
UPY3cWccNdTHdJujK3ys9p9Z61znQVWB
jyhHh9gcBFTsmPJ5RJ5gmcjlg191vhYH
Vo1tLg0JXn5Y8eYihjn9hUux772uJqaV
416fMJpFADVaP95lnpKQSRIei10NAMSD
6NH0uCjdXUIzZgtoPlp8lRq7HcZSdx3L
fM6PgPQ2GuiZySVFs46vk1YYHTaQa5aJ
HtWn3bMDRn6v8la9n6xBf2ajMVgf4c6v
LlxnehNZuuYtwVpb5xaqj0nhAyakxAXl
OtaHQvw9x9PJjQaWD0iqK5xe4503rpCl
jZnsHUj6HDsx7n4udae8IP9QRWr9ONeM
a72EC1IGfVe3tqijkKcEsxvwYPbtMGZk
1gvgWFBuipl942v5Q66P0iJjhNsMPZ61
BENRjGFgq0VkUsqcqKiM6fHX73Yid5QH
qqNeo1FTEjZOu0m6Q9gCWnmUCNsDCdKG
AneCHmaFO63jBcWPpK6P7O20ZPCR1lod
lrpPgb6KmL2H1nFKkm6UGHK3M1Ff7CwP
T3a3wuLV0paaUhdzgw9JTInQlEr34JL4
7ZS3vYz0kKK1gmc04hImTKRgnq0rQzcJ
WRaKkBLXwKysXZFqNu8LdXOeoOjDjSJ2
oFDAdIMpcnOl44YjK3Scu8MitmybTt4b
keL30GTrlqo0m0g7kOZESvhCoGB8CgaV
xscjG0qswGFwDzrxTZAwcGft0VUITnpZ
tBOXJHN2qgnvPTuJLS82RP6bspKVjhqX
1kg2VGbdKMNIRimg05xIl1gRW24f9iJz
7Dm3vrtX5gGFr3TgBcwAjD7Uy7kSx0RA
r9y2RIMJJMJ5RK5bNorIjG8xxr37VnoY
rnfZX7C6T5rbJVCqkm27tJ7Pp1fIaum4
KMvPMuINLIXT75Hafo7C0QJLugR78s2e
ynlqWhLb1E4bSAODpDAaEDmsPXtb7Xwq
6wvRBWyY2bt9tCM9inCLFA7kb4lRW6ea
BIwY3VFx9SwAKoNxic3EjWEITr9h96Ue
rjdV6oieeMbPH6jhg9elBxC4JyVFj4aU
cMKji0ci2fqA84KcBt8sHrtDRNYIPgih
hbHNOQNxxoS5dAFr6WRcxppiMCbLv5en
txSIm6lSjSXSQSg3618KOZXKb2US98NI
ViAFAziJcRRsnfrOdkplfjrv3ovoVfsp
NGQV3dMUIlNT9ShdoMflUowd13IfdVjX
V3xk5KExT2M86bNphP5M9PU3OvrP9TFt
R3i9AAHcAI6rMfekkHDVJYZ9EzX7sIi0
RhAMIt9uIuCvHZDEdd6HiMm3bJZbZTvd
pohUdVaNE5YjgR6jANnQOGo8nd2gef5w
jkOE4IENP5mTRDHW4vQeMTazYjOa0mQB
MgeKrJJMqcz5jlvUGYtmXoc3cJCvKx3J
AyDq16waTMh0vJou2j04jdO1EheiDoql
8CsmhpdekSR3RuMEdBEcTZqcKmfIACR5
i4KGBJr16Xo6NkmRPf3GdxkEESGu9u1A
nPdv0a2HtkvsrnXpGFPWKVCFABj9QXGN
EWQbDAJhOrYmX60flQgCICDMv2qyGlP2
3l7FaULPDeZNZityvcYCeezKUUGhumfS
HznLwdppawdoUYHdKVWwQnNQO0gU7yD8
ZyaSwke9H3Vlszzt5PkmXiCcwD8eLbjj
pcFs0fvzyGanYKZf1OfVCocmPzGGDx7H
uTY1pGl6tVJzgcxqNGBDiYr0DEbAuYug
ux4hqUReIok62drHnhNpaZj4l1MKRnwi
LhMVMeyhd29EKRtKZSadsmUDyolJTz0h
OzoUWBINYwwQw1tCxDDrOq9hwv27epSp
WD5TzulSjShfDyIYTWcskH5aRp7WxZ3b
hH714Werq8eMvjZnnPHUWVAxXcvatoz0
kRjYgWGxykm8F4t1xPdxbA407orxHVQ8
sgBxjkrzIuIfDutJois6ekO1RgLzSqf6
0e4OLapJJeJnKiUrfX6a8OogkaRronw8
CVzOZQ6FPf2icwcJw9F8QJUNziwllSHE
VHieJ3LgwvnyfWIBMundaJuqFpS5uIMr
5gPrPaZ0HsAU7wHLELNygNFFl3htvL8v
WUB5CL4Gn8HDummVucHnMETvYkjBTRvc
tZdE4cGWoYWi8Nz3tKrxGGwmOnLYYZQ5
VGRhuxigfHdN31wVs9k114YtHwx8ZV1Q
8kIcI0fbfBOGgdTEu3asTpLOTaH5Mjry
G62x1ELtAqg1MggiQzJqjAUyhc0cNR3L
jgITV6vCoQWGJSDJDN0Gt6A97Y4bRJjA
u8NYNZIeZrPPVpy6wpISm5Jcw4q5Xu2u
d7YMdKtAIjnU3LKWzjAC3rNNSL9HlnFh
kwuhP64FUg6LMdWmvzSliDQUTxujIDjo
jlmrj7RounYvlKcCqdG4Hk2kinCq2jHf
yYuQbA4jl03ygLMCm8zVc562O9N0h4PW
gTqTJ1kpdqALhLUwT6vpCJaW4lF8pz55
26SJsB552ASHezBq7EZMVjyKms5bMs7D
cJn3DcKnsf3rustazDKD7Iy6T7znPwU1
YBrXPsK92l06Qfyv64snL45zJ78XiqFt
HrWOBRV35kkiF5pJKRqvnAmwL9vI43Vo
TvWGqBADC22OKvmh0Im0kqgtS2rsRceD
nmqWLA3FlIxGU4IW2oQVNWK9kHA5ENNi
5MewwZFBddD96baYiwuOSiDyjJZdOnWx
velBjASXAOYOmRUasX7pXGxj87Qk38wz
LZ6C1F4yQB9k4bgecqySQ2LNttVdJ9jL
tRzfdyQVdF74ikaRSa8ap3THUhytICmF
hj14kaygvsxJpdCk6OwjmQFopqFg7R5X
wazkyoIflLZiYJeJFi0sEjJzKZABGZ9E
zsbOjsLryfOd3HAoPz74iWF5SfAg7r5C
WjT6VFUQKopGbmjpknxLu9u2h1w7AI5F
ymOdwFHZPvxoDilXTEVBIZIH9apNJRbc
jdznpBce2eY1gNbABLzhiAMDZgVdu2vJ
uQ6xRO3GbJDMZSvQIKuZWDiA43z3TNNO
sVPY4KtpoWBMpU03zNDM6antMR4CZ0mD
8c9goF4azk2r8PIAxcTEioj6Oe899Tvp
dr9JkFITa3IaKXtKfaa1ayVT64hJ5o4u
4UtLRogaVzct4iNyqxbVRjLFAbfwRbIc
Q452E3P7Yf1ncfDeygFmpUl979jo1Ma7
gKs2CaMiK1z9cgkuAe24JOE4d9CcJBTI
WKmn4Px0kNmxZfVxmKVJkEsEednszYbH
ZwC4bscdZp66NjP5qQVKsbvVdc0BialY
OHpOwey6TJ8uEbbr6yDX53cu2rJrcshV
Sb38439B9dDoSRuHH56H5Ef6gOmjY5tR
paSsMJtCRl4oAfbRz07cY28oZYKbIegd
UwRbU9IexZntchsvn8yUFaWxXKWODLB4
VJ7WwWQyEebWGbeO5l3VYLrVHnClxGIu
Kn48udCH0FlPuORyIatNvi7FaaZo6bLG
5MLdwsIZg9S4nB6XVMHrSOgA0DxON4Rm
vuReeuHssuyThMGkA2qHtWzHeq9G4CAF
hUsfuGPQ6uBK6CGAnoat5hUZ0zT4E5C3
l9hm5eyFKFa2zOYHIYYNaVoNQ1BEkVgf
mfiLqCpyIgzxgD8HQanU75prAHwgPLFp
X03nhhCmHYQ2Hlw8PybA4IcUQayEsqX1
dHAVnKhRSNh6mfvE4Zs0vvbb7L6tTBKi
9R8hZ6zucj6yfqGZSWOoqZK7IixzJC09
wbEl4TVLG9yhilyGnk2iAOqmb7BUrkDo
QccRnFAYKKFER4YjO7z0AiHSpSIjkVHw
kelt3HHjWIlRX57d1OyYkCKmZtKZb1p4
LXqjUnviILHTFj1aSA086Ltx8O0J4Tfv
SElzqaFFt7hUCDapxyrdXYTRtRH8Z1t1
bvDqYDwKbC1wB8JLdvmfLp8DW8LPSOnW
uZ60VDd3ETVj9TXS6ECsCW6jV8fN1R37
eMPqQBp1iGDIaScxbjmNw4rwwuDYPUZn
6cHLBgONgy6YkLrfsizy55vPbA5YK5js
tPvVhIA0krhgwXNAaiHB4sccWhqKCIzX
g8Wz6bcLWBu1KVC5oT6VqiHOPMbeofhO
aO62MyU4tbqOZmDL6MknfaFsO6fXrPym
FLdRRl82XsjK3YAyflgBplTmpTwYTIW6
eDps0xTsUwT05AncqnGmsyk6UwgMW3Gm
3OYEUXi4qMAvMHUYXrTCHVTrfvQPbAYS
GR8sBVdF4VRjC9DdYzfH48onsqmJOIUA
twKVbUaOW1DsJ3sPbBZMzOrIki5Ndv8z
kjftMzXSra2M5GKVAa961Sif1ghqEGjh
hwIRU6IPWzD3IG8lPg04aCF3BroJLOiL
EeJ3Jh2GmIhKD0Ox8j6zvXQ3UenKnX3O
51NzPEOSDVjdc2Ung9WXaGCX7tjFFCt9
k0IGELV416heS0lnNsgAXR7vajGV6Spa
Z7e9s2YqkCaWah4MsMYSVMlejpmjAZOp
vAMNMPTiMR2JHC7KHkd9A7YdTPNYW8jA
6wavBTHigUumUAno8yqyuFtacVKgfcBD
SsHirgUKX3p8jm1RTK17qiAiguWv3NKg
mE2PUyl5IBdoIbB7c5i4vd0K3XziZAae
1lsgAye3eXbdTvfK2ktoDOeQbY6kG19q
yfuXoJrPb8dzZewzIP2y2xRcq5lpM8BA
5shstgJcN5ROf50AZmTpwyk3Qwa6gB4S
8g6U6p9LGkWqUluaAKlTf3RgQyV9C8Bs
1qHMR2rFpmM4XtzgDdo03qm5SJboIO40
Wgkh9ydbmsVTQr5c584cKLGViGSG4Uhh
ixpDEawGnyMAwcLSUlmurZ5yZZ9Pb7aS
xoLErqs2pRnz6M4rMMu3OkutfmonVHVA
PQFZ3k5qzHk5tPKoyp1Zo4GwI7FFklOc
iFAzbpOdm6MZxc8wWd9y1MITWGuFvcIE
yhGzVWZ4VH5linOSQBsQCnz0tjrF1Klb
6Y81LdsGVgplgGqPUmNJoPp57iF9Pg89
rkWjKk1YQiJ9SvCZeI673g3pDbFYpOqT
7t0mVsN98PpYbWcBvIfiK1RX03deLaz8
eYsGFglMGoWnS2uvve7XOu5WS0CZjQD4
t3QjQsBY51a8OXJ1QBreP0NjCq3sq3U1
WZliUvIEExADCXRXPRNuAihvXPHwd1d3
uPg6GU2xztyopjp0Oz0QQ8gxk9yOE6vL
CBU8aSuokuzcrGKVL3J0RuXVH5qT0pdp
e9ED8hmyMjNj5iZoFww8lxOJMjQYS2aj
qHZPnEwf06L8vkPC7rJCHXT1V5V2OshX
n0nbk6fJvLFWGufs4xWRdK0rArxYEViS
2BzFK2eDAAeh3omJVOaMeBI8PwdDyTPV
mRpeTikYmkcOTCpHzzOcOWU4n3SSDCwZ
heHSfuSnNZVygRqAiBlbw66BOiWeqb1u
5MzB0oI7IggoyDUBAaffHGM1alT2I1N1
ECSnBLI9w7KIf0HaKVWwjcByEJaQx2bh
OEKjs0RT6e2n1fxA1BLcOZLBjhv1fKPK
crjEQ1LfoGrz7A0ph795VEYpNXad9gd9
jcD25sgTNE2NAeR3yfzO54rZaL0WuAg4
gdALcrVXpKjWj0Ln89neEjgqwRwbedFW
vYsZyO5iVgUcH6N2NV71YSRfU0TSvek6
OMMPcDHKc4rbXdBVodF5Wl9LQBAd5nIq
G0QeCEBE1dd6g67nJnGisVpSeicddwDG
6zJ3gk8XMnUj8qhEqrsAvsuwuEfHmPnu
7CM6ARZTOFECEM1Y094KHpVNitUPtWLl
PVpn2OZUw9hVQKDvvYuPtYpDzBbFgX4J
G1VQzTfiDyq2L28FSKN3IoIPbcn7m61b
smzJecTn6nyAQk59WW95iMMoprj9hzEG
eP1UohqLdtxV0W11zvoCepRQr4F9iv3k
mPDC5spPiuMUPM2yrmzsP62BRcfhkNRh
WtJzlUiW8PZkvX9r3lnAcJGjU1MpFlGV
vvrvF3lQA4j9lBMNF1RxT4IpChjWoQ4y
4dgz7lY4GNrYjVjmVs8XdNRQPErKvrxF
csYKgX0IDSjQ0TQVorIu5cxCwsHmQlaN
VWVFX8m8cRUmvj6ctfLo6pNsYazTspnW
RnMTIQOpN5OLgQ06dIjgZrGHJToO3vVO
KzRumvLvuazs9ZuUqytgIsNfpOVEUlV3
5dWULm8Erk0As8hvbMETV3Yc23TRPgqJ
h5cIbPeQiiSMXef7lVKnTJhqnE6TWlTw
zu03j14jS5mNhXQWCpDpLzIVF7JUYlA8
eqXlKn12KQbZrNeeG2pKhuVuG9dbHJ9P
oYoOMt6PiY32KYCfwLfpieOEnCzxyDy3
B1ezBQ4tFMT4nnd3sOaeVDTc4NABkl3Y
ceOMCaJFhbhr40PI597hJcB9UQgkCXen
I0ep96wtXXG44a6JiRemmJt0rt7dIOMx
n5WTT6WWoF9oU9yDnFMg4tIx9daComkz
jB0ioVjubvgZ96QL3Df2m2Aohj8USjBE
E4PBZ7BzZLP89QcjRNujTTIt0JPv1erc
PJ7FOf9PnTkZ2Xj9pI9BAxvw4dUnGChS
sYFX3pQm1gPp83o1DY9CNais3D2RUbbi
sutnckGqfgpUDIYUL6iSr5dwXveioiXu
AzIIsnjVDfQ84gWCJ7GFAqmTU7T0Bbql
CQv2YUNMQf9DCqnzMn5lii4y2iRHsXqV
13N123FpE9MYGIFvVuEP3TJKJAiywLs9
l5m1uj8uj0JfsQW8Hah3VsI7PiEdhSw3
Y3aq4QhgPmyBeaTgRSSUtxDyg6mzqkrk
O8mFzLUpgH16YaQjuLuBB2dDrPq7af1a
afpuV8toqpLYWwuZI5MKtPx7dF0hVDuP
NIwhAmNjNZSvWLVybSLXFf4cXQm8bPdS
8Oan6504fCZkmSFEbadOwZhhYR2F88Wv
BJ6R79QLdef00359U21pbqEqv3lbBs5P
dyPwIPyAHgG9JSwklbhSeW5ZVpSNTs4j
fzpeWxnLBM8iZQRIlv00JMPfR3vZ8wHH
dcZ6IXutm99WsUvkbkluXDeYWCHoFcNy
7ZSLSrV7rIc6O9nW09Kv4aGb5KWykAeS
HnKrVrljNSxFfDNLGdtX0NdAo2Z9KBtQ
XkXdF2lgBNajnp99PwG51iSOoQ6lbS2v
SIMMzmasl8TSekMZ16aNZGye9cDH1yJH
aYxAfUYiowXyq3xPgrv9e70reW46qo7f
S1ikr1ccFDpKl9ZIW6NCK9p3TSwLtDHy
878sNMecIRvCsMurxVFq0XnW9DAjtbVn
96fxBqxXnMO4zYbfP4zptZhwXEkKz0vG
4FWEHFx1czqWtGVb6IYGjP5cufx7aYdv
poZXuDPEsBCGNFJulpdLBNsbMF1z7r48
fILiACHNFBOeFAylFdSRnNOjeXbV59SD
1GrSwiHpuwjOyPzzu4tW5Nhf0h22j2NL
C1tTd5nHMmwT9CytLyI2RFeqCEPPeP8X
DaSk8OkCxes9SWZNMfUrTglxZ6Mj7Sw5
UWeakGdCVQUd6zkYh0g3kuzz92Wcfjym
4P7HALWv1QiMFxO3K2QyTo3zKHUe0oB3
vhVmgp6nez52X7o55MBfctjuYKmnjROG
DFwT7cdKiTrzwLcg3QiX0NmA2gVe7jxY
JVnM38PNYfC6SksMwO1hYOxDEXBYKq9N
rYqwCR0SjP4mFGLl1KQcYwhd63su6Nbq
qJ7X8eEnSoCLzNzgWBrpqq0QA7SnO51q
SO37ICfemRixfMDc6Q5RFCcZyP30VzJI
pW350hZi1NyfnT4qsusgS3tiafMLG6Jt
BiGFjabVQRxSUskryMZzVjnEBeyItnNJ
KAYMKiVXnLlqksDxKVUYB91BUGF2UAqI
67uXTLE0dVVluOCkimazacmiOl4JYG0U
dh1ravWbSK33kKoZUJoiQoZs9jFjjqHJ
EVZcUjZrahaVS1SDAqbTludu9RNkuvFO
p8tNy1hj2H4IqSwFmGjPb4QAiFp6diqx
g3RnsHlGgM69WchbqWZj3Kf3atlVyCzp
6BJoX7LNOuB2AWxwaCoPNXp27Sk4wh66
E9jY5RGW1bppYYquL8Bv4wvmRfjfn1xJ
oVJQc6AyatpXm4rIPPFGPtr4Vep7YeTB
wvVsRkkUrd8E2vamJVaXELhWOAOzxJeF
HmO5OaGYEqJbWqv12yzGHodlXFbkSRFA
iWQyCi1yG2GrMpkElJjRLNg4VXQ4NTYJ
Jkp0TvzbrXZlCTrgvoN96qPFR9YKDjOL
2WXJDStIcCMx7qaIc6qXqceVgcfxcmtU
QISDqPJKABAHRe1og5bh6eN7HaHtW2yG
KKV3upLgY6h98fZNjJI6IfV2Cc0CROxu
SpRKK2BP5cfr5d9v81ADkMWbc2WZGWuR
UHcWiIc98ZCcUPJitMUt1GIEWFwoVHW8
fCZhVpqSxraNsZE6eMySv6q76XqLOPJD
zXmcYYgb6jXeRX28hgVHigzDnjDsApcM
8e2LFh0vzK37LaM0T0P2UJlPdOUdzx37
aan3SxOpQrw5PsCLbXSpPrszS5CM1D0l
6z0uK62aqVf3bJttdkhi7GHQ99kzFUfV
7uLkKdZ0MsgezwoAlAx8IIRCWAOyrzUJ
wevTimh3borGAe9z434LUSLZlLqig6TS
JREz2QG9XMSri8zAiot0WgnYW9pdZuVf
7wzbrT3umoeotqw46fstRxHJveY61qyy
8Zt0oiCVcHDefX1XSvvOJRL9aNRi9DDW
OMQ5Tr9VyXUG8z8jBxT2R5qoHixmcas3
XtZA8UaSPMwjKWsqJmz4ZnorCW8VWTPF
ZwfkIyBrKE74aZYpjjz1AeWEvuY0wPiX
7zMPGFD3db6C8GP6qYV0liFOSxalsFsY
F5c51Qf8EHUqtuL7BQmIVbPY8qoy9m9i
S9UHdepJniDcUp3nRH05vZmepojkF0oE
G2xoVRO1DCeZoP1CpXEOwQmj80oumRCt
KGHctPoRuQ8jeUT53JE29X8LKuaLMhBC
WyG7TQEjsae1zX5psRBPWF555GP8l8n3
ociCMSUrtzedmZ5Yky7aUqtum6Ko2lMj
AEas4hDRbuojJVyIP60I0iR4EC0xgmBR
etTDT7AL2YBbBhyVp21vWinAMMDMbFpE
w7OiuTlfszqDRi5k1cNJE7gys0llXbbG
0riKahcoZBMELV0vTVNgo7YD1EBrstYz
PEQfVXs83qWFGNmSLi0WHjOlFicLsbpI
J6W7P0AsFEVVStzwZReoPpEjyhkvDtgq
uK604AaKVnV0LB2CbphCLsZgM4RNmBjH
g1VvQkghujI5tpRG9gKWewskj2NgyZBr
NgER1nbKDEjIGVcrYsSwDceZKGbMpw5A
oCAMHILJR7IR4qIulj0AQRIrUB6ROdxQ
VeBYzrcHQaKh9Kc1yNaE9ayS4odZ5nM5
u0wFuLF9f2LyjKhFLBnyT10I9hwyEfjK
uHKgGyLbkMtgFnY2f7PMuHtHQmPiRl3Y
N73xxxAlUepqBLMjJ3L5tOPTW7jdk53c
ghwpSrUExeLV975Yh7dVEl8cOF38TDDF
OQ3OWZuPn40Lc25E9pTc3fxmkeRIoqsq
YVGfFdu5Zhl9B9i7Fz06j3Fu6Qq6s2mx
kuYKx8H1dfNUc7YRqNllfSSOEO2yxH5V
2GIAm3p97e42QctIB2PWPS1WxrJqVn0x
RkUjPQfUHSGzyF7NfBQPsTqmIzWbQ7hF
Q8zcsn28h9RoqtjTKfq1bj5eCXS7t9Fy
K7KwLGUKfbscG4IFM2u3udyvPxSVezLe
yeQhJmITdWaTRZIBVCbZTLD4a7xmj6nE
VKv5vilgTZeBfvj2bWyl5PbGQ837nkZp
sHYTVA3clI9C7DmAAMZShjBSY3zQZ6fJ
pgVoUuWgATqi5C0EuBbjSDVKPpLsEDSj
v1bokSKtnJqvCgl79KLlHvLEHo0qxfP0
gWrIE2f3YdJYlW4TJtppj4XP5dvnwqOM
tENysbRNrZugP5or4SM3zNAOJ7LOjGC7
En3aH3TCJdamzM4LA69yT1MnHx7smwXO
gmMzhpHno8xeDM02Gc7BIRfWcTKDHwOs
fw1GlFnHkbuYiLoDkgbXQRgJm4M4Egv0
xC8p8fF1nalmCYEJ6njLrBT0Hq9U5bXw
VetpA9tZ7b2lWsz6ua9UBqnTg9arPtBc
rsxZfkhLAwBpwnY9cwu6Kuy4klogCpLH
FAr1QfynY8RQ7jRfXLb4Mw55BEpfG3KY
2iD5kg3T3LBJpA57LpyzpqxwsxzoR51Y
PKpVoHkUOKyXDVRMUALpndXj20iIPgJy
2zQP1SM8KG3WKhZTcWJPn9KGTzXJ5FM6
v26wjwnKAMRcW5xjNz3EZIkLKCMwHS97
s5Y9KgsLuXjwuxplq5PoRIHhX2y08qyl
Z9SstsICZFv3kdALDEng2ivEeZ3pkct7
XVXbLT1uoG4FIqtDu3wymSlCzfA4tIQv
ntfGwGwnKckwIgPTHRN74Y5YvJ9bETRU
zWVKOmLmXWKUvUM4fM36lgT6CQCSGNHe
ihUJPu4m20UGVtCpEkqQ5IscfikpHUc5
mCukwoNUH6DUTzb3mSL0pymANPcB0J0e
fg4En1qzWfqmGGL87axsMyO8LXQNavJ9
bobKb3HlcOs5riQ6tA3nXwCCMGaMq34S
iNgPKJivMYyDkteTReSxzLkZ2cTTyiUe
11BhHuW9W5yLWxdAWvXX1wgH33RKTIhC
sSqC33J1kYiznszUX6BlsCEfbohOLLZ4
vTx0JO34S4DhbSrspqbOP9Js93vfGtu6
Vj3dhYNpGmTTYgH5nr0E1zP8z4LeJJTz
RyTUeeSLzYTz17EGghxOOXxOwtU0bxfq
S4U6IdSQCusCc86KJTJOBAHYtdfcXAVY
e6NcMkKRd4NPk82f7VVxvfszG4OAPmkA
u7Yl0yQRcBRGrnf2Ygh1pmrKvRZ8A5kZ
YD0r1OnlgUCPHj1n2Z1o5Xfg4zp3h7ZZ
HQmYkZAzRb6MiQhR2Bob5Pe0IKSP0uJ8
5ApddELI4lG0ZehdFkenpa0xKpKgHmZu
hZENGnmr1jN3nWl2weG59iPiJeACIFcD
Pk8XIyOOxVYwYxeA0QcbRDzNlr5MGrJG
riynrCK9eZjyqBvQdUsA2uFvPhX6C7p6
5GBGKApa6TA7CljEV1TvtXwYRxqsnjXa
W6mOEVsjoTFLmluVYGHsYrmJL4WKt7Ub
NmgoEzzxTX8yy8VYx2SEQsSau18XAvbZ
d7yX77I9pKqqHo5sHFbEDJWChNfvX434
dL8kLnEMUfGL8mAKbwM4bw0PRf2jCK1y
PbAbDFyGeuVPXSRREbdHqYg6M4kjacnU
FQiFACiKqBBFK5r7vOtAkS0M8S4x3VZm
kqioVJ3ViYko60hGhbPZ6Z4GBt8giq5m
LxETMdTGRLXX6EHfOBuj11vbZa49IKnJ
xwqkFWPd7He7lKPV1qhww2mQu4x24aHI
b8dWbvXgpMShyxISy3ZjhV1zVqfAJtJk
oTkZbjRxaQ0BQ69Lhqpod6UQNtVejnxV
aZmGWLOWkLqjMwh12aQnnb7Mb9Uq8qX8
KCdzEaws7Nd5bPomh6vQyS5KN1uIrRDj
rTpG9bobX2uMjtaXFKUadFNPAseKflFV
wVfUJro4S6rnEiBpW1oGBmoYqpF3LuHA
Qasssm7sf9fJ6RKRSnb3IQx77GDqvKGV
BQfakdBdE4ro1fIWyKcRuxppuxhm6ZbH
Rk01rJJHERdTERouGAqNsCZ4KFBIHdMU
qJSH8zcIUfa7b5aFl8sSf61RpwaxJKVx
WkcVZ7IzCCpbpOtMTObpxTo60g8ieIeJ
yzyBRngIkhlQzYh8Occp2AyRdiPVjGtE
UquQJ83xLlVxW4OLA7Mi1STZuUvVws6K
6cfzGRVYcU1lVJJXpjLZX7bpHxolKShd
xk6Dc9SQ679guhxMPZjPIeNBLSlHWwEc
h4hXoUC1GqI0KSyJ9zpaWuxGcXX0nH0L
KROyBkf1DoJYihTWmSLGVJbwRPwfgacq
dcsotOPgfEoEmwoi2Q2IaxoLiLwIVqGr
ts3hd1KKbCwH4pGCTNglPhXhqYvVq7kF
hnXZahilt2CKyVcoIoopIKILsLkmkVxr
2Asvz2fmKpWFRXnQC1zyvjvC6vOjYcfS
vfKELEydlMgc7RcdiBEXu5mp39s2zlzz
dU7Rpj3IsWVMSav1xw1u2HLgAgSR7LLa
OMWIS2sxRVyPEwPCFPJFasPMhWlnf5R8
2qt9CvjsypJtqwsJjr9xOOpVHAB0SsEi
rfjhfeZE6kirtGL1JkiPhabrxniG4fhA
uZzJX8IbHgBsU1Fi7n5lKrgibyIw5FeN
wfpY6aEhImytMtB9rhipGsOBhzazH9xn
lyIfcZxQG4XYFq7hCfuEKzweTICFVDTy
vlKF22TvVHLOwrKWQ12xmu9pltOjpWt1
E6lB3LzZPcoZAqXgR6MuedFD8p1E7zsi
lfuw91jjo4NaGxG7lTYPAfcHVbn4LgB0
R8sklZ2rYqhKTjM4up9pc512mFqfAzFC
y2XmcsD6PT403RPrCc47hlklXUPxrkC5
e4W1FM6HMvu4GSdCgzEudzwpFjUD8B1D
vzawTC66i0Dx45aoztvsy19cHJAlook8
Go6DdrwHRzsHgRWJrelAYByGbcmvENKL
rstNM98t2XBJ1qe44CqPEDcDchWCt6QN
Q7mkwvUMNObhnsUKurHFlWec6NNdPiTJ
Iv83wtv9KM9C2hIUiinXDj9YjQZOfepd
a34BZE9rhnLWsHO3lbX6HOU1Ni4JwDJz
FADr4gFaE8TtMVYIkknqXvHjiaMjuM1c
wIXjYAOiJz0bfIvNW0CwSiCXmfxNag3y
oOiEl3ngI0MeODyitXsmY214wIgA7TQ6
8VIIyXvJHr5XzBwFJpdyFLAjYdqk48gM
al9DSaWqWnNg238UMfrRHwT58haR8IMH
PpulKrImMei0RO4VGOvj0FX7VqLlVqOs
R1db6XRlo2U7kiNfurWpBkZULo6LeuIT
gACkPEczYjFSaI3jCMTvGYefScPKoF9M
mHuDJwmHGN48RIJuVlkVI0bsKagsbHyY
XUQv832HjUmFzspOMNyHksEmU4eUQq5d
LqH8p9vArPa3rKYJ6qV4GQ3AO2xRiTfn
PbIKjLWbJdTDDU1COoQ83o0NzurVME5R
9ntEDn4WBXIxymCllCccdqIHZwZOxrMa
dwb8CHpbNMLpLlhsuKoTTHiyHnFtOqHa
kESlirRFFvtyBpMxf7DKloZegTt7UPKw
ZkYEtvxDaSEkyC54NuCHkmITRZgTFhHT
IL5Ye6izS20nJN3JZ09ExGgs4SEEcU5G
Dt1JXGUouJpNTCf4JeLdTl5jOqFTu8tR
qDKa61BLFMYQit5UE0mmqJ2ZyX34vUjt
iZ2mx517REF6J3Wfi0dTTF06pXJzMIEC
mObDNDEy8o0lin88VOvqeHC7eRATn5K4
9FSVSJB7Pk5ogExmtBmSEL3vnMJGxJpY
Wjaob9m31yuKejHU8P4oV6eu6QaRlCeN
Vwkwkr7DvDUOnEVvK534Efn0598dMwbn
DPwg4J9tp1sII6hf2D9Sb2qGbyuGgjyl
Sr6TRhkA4ChbIOnErafy38kZQsp6nEAE
rtw1nn2rp5q7oexElxmQ9us75smQwUWx
zvAlXNwm1Qpni82YEFD2k2h7K2pCr2JC
E7kbWW6OR1arOgru5B9gBIUeo9XKWAmf
30K25njSM3S0LN3CeuLtgaaRBp2VYd1x
PwtNtSmU34cfuEZvb1W4JzTERgcBBuTI
p6KpxCGGhJIIo8xfwPF3YZmUfEeP21bm
ulNDe1pn2YIDNQngZ0OAUwFTk57kKGCD
xInBuFiR3DIjYJURj1ByAOn6TnkVEoax
9rAcGWO3KOpnj29gCCAHLkJBtdV1LI8x
1DYs1SjUNaTFqp1eeTMGbhezbkCg6IdO
bl30lUWSFmzE3qVprp6IvEHg9td4ODai
LZK4XVyz7iIhHWOr4tX8Zi3F5KV0x50i
WL3pqHKroWcqFwNZmZ98JyYKIxGGpxzk
guQvw0TaN67DkCv0vIFsFTzveFdapvOe
QKtbQHWPFfIKIIJ5JkOApZex4cNzAxHX
LzepUGzQ0BLBHu8dwljjcorsTWrRErzX
oihg8anYuRsuGkkXZnOFjypV7mYRHdw4
r3VaQEaa7OyOLR1vKfIEmDAJvkFphN5l
rKi5klEbViIKxBIWkiAc07HUTp66xmG3
dF53bYM3c5mSqcckQrjOHbB493HCuQta
VtF33hCbXpDJfulJYCeowN1TWjRJOb00
9WZmDjj1OXSiLlT7bPdLmwH5c6dOzj3W
qYtAWoaN7Eu5v4MQLmVt4x4p2kATxRaq
az29u80Tu7KQU6jRG8rtVHUDIclb0nF9
hMeV3uP5Hj6tHEm1F2Bpj2DgmaSNbbTF
sJvzRYEWtUKdquF70GMJlk1msCxY8LP8
DBFAi5KqJwoSeOcYXu3410lFBqucCOqP
quDcl4CmSlWjX00lAVVnl8mGS67CJJfp
YB8OtvCHHJiYTe4TEFOkLItuvN3UmyTe
5Eq3pTlciv6QiRdvefwQxV4hJAvDF6KE
WONuRpdPhGT2OeqNBKMIvu6w9UXhwBoZ
BPJvGthawmY7c4cGsjsmvyKX0QO7sZmK
ZocOHJC1ml6Dg7qYsY3QOYDiRYNX3lgN
kY85r0JFrPKfTbgc5Ger7S93FN3p0npR
kAVtghSToBqHzteS5NkSz2hsKbdwV0CF
Z76D5ocVXG4rDmeavTHR2OMeSUPLRCEG
ayLIG4cS5t2Fh87xjZ6vcMOxSYiHC0RP
CRVeNd8UjImSJc8hC4ypYJpUjh2W4zXm
ObFalM5R1zFiMoZhtyFsNZLu7lK8zrOt
iYHkQjIWrqNTsFaq1GBEjh8HGRXlirOk
N1KxjPEAOeSug7fROcKPlWL9Q2MFCd6P
NeGNXT77FNEcxzjTOfnUUemyoxhJKHSx
fuWKarZiQBlPZmHkNBrZA0dutFQxfXzz
0gDagE09E2AQiv2iBuynJo9jvLtTNzyM
UjWbC5QzyjOBsbFCCD5otQbGO2X0KGH6
NSPTOqU4hpcdRvgkVFUH1QbQaXLpzyN6
xafWAlQva1H2N2ikQNun3zlL7UYye7mQ
fl4EfQsInx0jcSdJYlaeqnzEeugtp38b
knFNKYtNd3vp2O0WSZ0zMSNZ7oTrfvsH
uEi7syi3AFufBKiN23qSoxUPVS9Jw8hY
MLFfjXH76wPSnsBHO6GsEiRMzl4Wn3RA
u3bZqoEAc1SYwLhn6KPpsUjMUPjukvHB
KvefzPROUB344OhL8w58hNjBp1mBvjIY
od8OGBiRYJi8zBaNvqxT2uuxnVdmD3cs
29jG8BUaFUjchswXi1dGlfOzNczDxTK4
CRDYORqzReKtQ4PvJfIm4Ucq5RdjEdO7
daiilULH79EXulaols0YwFbTPV66Bkpw
HOPA1i9UBVwpmwU7IS3oZKC27PyRPYMk
Yq7Bh57jXzgeKST47bZKMMS6aeB9kYHi
D4jhnxk4bzAL1mBO7GRDlXTSd8OYeKIZ
6txymcjX0takeMCZCOJbQTvHGJpx095H
EqRFPAk2yXPnPCfcjIZNKSF8qns10gag
jLOsUozzeKPvXqVDsCntztBFK8uOCF7o
m9FpMU6fTGraFYCGXhcz9p8G07aipfC2
2AJP24lxVU5sYMUQVuFVARjGX3pcswJx
hSa2iiVrdeYhH3m9YXxSWsx0tssFBSlb
odbTUqmCNLxSDJE19lRcO9pFZj0l5Hhr
OqKuySF9rCjFpJiQY43X82DglhR4YjZX
w8eVT6uvqzwKXZFgsCjQIMi79ppo5XOq
c3GYPq8lRyeurzqz8tjUhysFNpMI4MkR
8F9FY4e3czjzNRwqNanIBFEiOQgYrqhw
KkqgcdexbyAiDNSLE8qzLpZizojBzA93
beNvShHD8e8GyKWWOZvnZ7cxb5zKhjGa
qlkvxMReN88H1hQOArtcnooQ5nKFFO7u
9g97MfC7eWxZkSo17CoHNGu9wMVkgvGU
q4I03kTRBIe5foIOgJR2q5cpoBayekZH
lAulS3G4a4yDkkKKMqtCU8qG3Q9yG3N6
wqpKeS1W6YNNJw9xQcUxatUGolO5Sp17
qSqkuUave3Fn9sfC8xAdLCugH0Jx0mTK
2BOU8ASymSOwNoz3B9tjz8kuK0M4aKfT
xyKvpV5tSmNdZx4SkgA0RJvMfPjJScdO
qbm6XFeUw8d2XbMarBdFio9xGHeaL7VO
xwEukOYWWXaoxxz7cwpCnrhBuzFjRRew
SLmq8tutlMPd9039m5wvIdCrmqwUtS0g
6IYc9IxDMApBm0OtE1fJmi5HqKGIkHMg
PAwZP4F9uhGViIntW8iZdzQ35RP507Ih
3WxjXD88Mv51D5rdlDnB3ZstUySHWJ3B
8eCYmVhxjVUdZPKcPbMyxNxKyQYX23RZ
pbRD4ZM3VrVrY91qSEQPv56yWaG1XYVL
IcZTCzfABizpufJccZbwAZW6P5dyOAhw
2TQGSwbUgHlGo5KkV0EI1wE7pQcYThLj
7ktVHrYgyJC0PtElQjRzb4fjzdycLtJF
7lSuitcij33OFeOuZN2Y2CxuZKYzD2Mp
E1G006LEunG5f4b7kftaUbUfEk0eEUyW
V4RfW2CmQvy8XYMPNdg5cmx4H4KX5Kzm
W5qZqla3C3DdPVtF4lhNMA6pbjBJBtOO
98o6SEJbc3pXHf19dPA4MZ9X8kQngdME
RjZN94Ltut3CmmzoahSzwgfcz0WAweUu
7TjXrkrU8QMyM16kmC8wR5GV8JbTvW2C
kcYhmLRmUC8OqUr4hkjelctDzuWzImZF
KrxFtJKKmHzh61Fzuy8ci9mX1UQpiEop
n6qYFkmCkXk3O48ndJtOuFx1GHH2cXWc
JOJ7EHyDqEACF1ceYN6JSdszYrjdyVCn
7xEiPb2JyBcl8HFskYFFOJQYJz3z8Pj1
kRfxu8OrH1kLGtZhL7s6adeLbalZ1tDm
xT65sMH1jPN596qfbbgf5PHhFhYNRKKf
lTNBVIPzK7Pi1jGruxTgf5EZz9MYH7W7
gtoKrhQoRaad6fCqUIoID7IyRbn78xTF
pypuAPxqTAPE4PD1RECwEuKwjlQ2RHVs
nrOqgS8unCmATmvKWfKSCaL4MauWNwkA
zPG77oyMB5CI6m4setzXFhU4qocu1L1g
r0wEWprjGZzLJmwFokI9nmKubi2QZv8k
u9lbNAcmzY1qRGQoP9BgoDDBZP01C4rb
05JZUPPORyRBj9sBkC8I4tc6nIRThuB0
Ko8pJvT3PPKnt7OZyzROWwm2KIWOWMLA
AYnBlyuyhKnJdL7yGIiBtbL1Kqeib5Xs
yBFr4qKNE5oGwNMWrr0z9c19d34GOJ4I
Pxjy3gTcq0Y858QRsa0JTIDSkJkNOO4S
2Abzp6WE6Ihg9yij5VlRc5Jwset1gDFD
2GcV7b56E8y0snyHm0T0tUqb2gFXTLtA
QTxi7Qg4hZaVYf93H9rVIHJzFB4acdQQ
x8Bro9kPMzInT8t4BGTmnBMKbURsbMIA
2PIcFzfe92FAi6AMwOoQyyEVBHbCDTMd
F432BXqB0l41P85KOcbgUJKuWFGPDvkV
1eB6YLCw346S6g6YX52zNH8JpAYJZgEQ
jmaKOOJcOFwK9Acp15ljXBejmTtAuuBU
cWlsSYWkJ3auJeY3Hi2xZV55GeVDxVNN
0rIh3Jab8q8oSltcNk7ycyu0eFxmCa1c
jm7gQ0tkGVDQmV4j4Swy2TS70shU4dch
4J7VOUsXCCK6mwhWw6IkeXhUEh7IVwzg
3a3iMdpeY54jHS37UGbbnswaTsrJdlWU
lmFB1DNmiNZ9BOo4TNom6g8teGoojUKR
1zF6AEkBXXIMBxCV4VhQg9Tn396MQypm
03VnyM453IpPU1RdW0Ax4s0omtTXE1KN
AlLzM1hxYt0FAq1oVFzjMLjv14IZ6Qxd
a0HWkVMDVpnvD7gbMtFWQn1XenEhSL7m
mw6YaMH0gLsK2pnN6gR9e4Mg5gTLw43m
GKnPfIgwu4nITT3x9ntuX3kdTTT1erMv
RkAacdthAY0v50v8JarTBb0PWIVAU4F8
3JY8WmdtXdqUBoW4mwv1py926Sa1qodL
kQ1LBTTGCqyIv9EupbNzgKEEYbpbmFM1
KMtlt1h4o30iLQsWFdM4lPuT352HodW9
GYaEWYkQi5Dpf1iE1xkBUaAj6CKkuHOU
eT7W9fQVzZSF7jPVJuPp7eur09K47uQS
spFU3VXcnHjFXxM2Rgvee5nJERuxt2mW
oxSiTwO7ucCbW8oWOoZvRFQ0oFy7TMDj
NfwEx1g1grFnBap8dj4ApeW8crA8vbKC
iztcyXmw4AZHoZvCwu6xsd1tsorZnnLo
ln434bpQMmCkTIwkBa8KRrqR9DS7DsQi
wXeZYfC9d2d3lO1vsSm0vXAzZsC3YOkd
9LQPiGYIbWwKdHO9yQBRDDZA2H5QaDYB
bAasqILr1idS9qHcK0taOvqJZqNin2SJ
tw418VqN5ZYTYjIbDPe3NmA9Hy7ljsu6
pGfAv5VMftpdixf5wi7VSwxPEECmw3zJ
5Gx54QV8dxHXEqFqvgEBNol1zO4RSkpg
tV9RsjLKADPWmJy4elFWcPqlk55OrAH2
zAdkMorMkDgaABiZJTKTdowlbL1NrkKc
4AdvgixRCChebAzJB293FbF5Bxn5yGY1
Hj2dQaeskP5vjfknARuVMiQgPRBJr6wU
MmUCbXAG2bbJgk92vKG8T5Eupf6FQorr
8uHeVRrMrF8dbCUMLyolh3I3AnyLRavg
PNyUfTgjwn15NtrUq5wBveYiSLN0g1ug
X7PJovWckirp2JoDALroifyDDIbk0uPM
jNWXFowL2Bgbw0qpXtRanKown0w0QNSn
RZd9iqGyskrNxT7DEO5Z9Lej8ZoPZEBn
ikR66cLzRR4uis5SeMTZSpMwXV8TfoYK
7N5YfOBLgDBEMfXu1oAHOEJrccLLrzxD
uyTDsQafQ7mrPYp55on4ZoCZEQIIM1t2
85lTTtnciHa71tAvmj00K3FIYLoHz1eA
nXuxYsq6LCWzmr8xjdSAK61IRwO7WlJR
vB2PfAAyNGqR38uePehigL228QHirYI1
4ll19UN8viU13dH8T9R4MR3RWu2m4a0l
AN1TpxhgZvSYxG7cJDF3OfTtW6aXCiCY
mOBN3CTbHKfbbulEx3GkrEiWDijjaC8h
HcoJr11BU66l8denvqOPmzEL47YWRQ8p
J769zpBRsknDMZvhcjHvE61tiGopcESE
r0PmOTpgUQAZ1Z3vG6oLhxTdlO5E3CPU
IqF6oDy7ChLvfGqALACtfakMKSp6qYqT
tJ6IQG89mYPTGsxoyRbcR2m4o2RilyAp
MpWhqYL3q7PbHfQnmfabB01XJZlyJpjN
FqhGFDPiFcUT4LXHIEiihpcDmUk6wTSk
KxVi4CeXSBksYRozzSdCOS3hvugdbE7g
zpfw8dj7qnWsJK0Xe0K4cZF5nEqYhKZu
FMUc27W4DBj2xDHgmwolwcKPOCe0R2UL
F4Hu8MNIggFj66uiiyIP8wKr6yf4Uft9
BkRAh7df3wCHs5Lshd86rpHQTdpjN1AA
lmLg6A4jckyB7uZas3u3DhzxHDfUN3H2
NEQeWFEpSDzDglYHD0oSRNAsNJ1zBEho
guMwfKdilSyN7NfaieqYo7XF0ect5qjV
kY4Y7ocj9ZD1EFOaegTkSYUSQeKAws2h
91z2yKaf2yGKhidV1fSrn5PCfB5wRxyX
LsXWAQSvqsZz3eEpR1jfs77Rqhk9fuUG
xSQLXQ7Dvnf0crP3dVIDPpfwiE3Hqc9O
FIS4bsKt5wIuy2YtKetBjkXVAmFrgFTY
865WZ1b9hSeTfVEn482Ui8D9uWw6PaVr
PvXzokyZNcSouIRj9KcBv9mxOqWUYh8f
qHPmvLuRskzHxGtPBypvBsrK6l1LdgN0
5hPME7BHGH2muN3PNRynUCTby0qExfgE
qd9U0YpotiMDvLZG882BDYiqkFT41OVL
2mQnrjf0bUqi2ekjhJNAJeatZa0rt7Vj
UexmfdOaob3VJDu77rutjqJQjBo0c1P8
7aMUQHDd3Auet0JrYqlHGw8KErPRoHHt
643RZkCZBaI3ic2RFfxlhj3CwcN6kMjx
SyU6WboaIOL8RdafhAXBAl9j5ge23r8I
K2SDFZw0veb9gOsh23SR2tkOILvhtvK2
oBvlgi6uZlt2sr7lBk6oAmv7T1nGi0jF
YN9FxX238nctDtDKbFEy46ltyxXTRukM
BUy2h1xHCeJT5wW1h7zF5bFoS54tHhI1
ex7KmidWoGedHlYkmXer4oTlEfuqUwkR
NYRojqaZI6Rc9fpZiEFZvVLcWkZlsh9C
ffp2sKRv8bpJnfS2YYP6Omufxl4PCZw3
zkixqBZTWeHNZHYxOMTvd87pkA9HNP8x
H0BJXismxGXxFRbqWiRSaazToLTJZFI2
YoOz7l7Xw9aYZ4p5ug63BzSo12pR1EJ3
SPZB88eT2IW6Qz2HeA4Njf5m4UIfVP4Y
1GAAxwP5lU1hQyODup5OP0hlNBiA3Vvu
vY9V4OqDuBDJm2poblC0VBGet8ftj8jT
zQGrjHZWFIIvni4BMrI1Sj1wh5m0fMzR
FvzIM1FbPs5aRw0fOJijxCIqvpPiEnmo
uFYdJ0iy3fSpMbgl0djY5mt68iIXE8EK
3f5yW71UDtTNcJyYuhzCAI39IIcenmzF
oBP0wQjWQd4v7SR0acly6IM88NIeUMdS
di6qolivEkUCQjgIl2OVi1So1EslyWUu
ILKojdSzRZ6xQSk3gQt2qkdgGPgu9Wk6
RemCmvBM2yWq68MXD8w42D1wmztqa2x5
64q9JlSb4mjcHj0cPDoeV5o5oKXPeMtu
MBC0GxcEb6ZcmFGFCqMtEn70QV076Wm3
USd1yaFV8aGu1DLEmD5fflujfWDjik9T
scaCbgiad6nOWuqkBFqTfG7v5257LILQ
ZkEI7NXLFuQUJClvrjvjAIyNA0agKCwp
Ci280kgss9wN4LeQFuLu01hH5t1ZtDwS
qUWbvBam914Rpx6hnglal9qG3ALszLMH
VGvOvM4DcOIloSgH8Ak8PXIqjQHAahGQ
KC5y0mLqAtUVHwegwojzcg6Ay2hgSQNU
IebS2x13MfngyLiXaPdmDpJE1A3Ihyio
wwSFLCBY13Jw35bMfq8FShOf8U3mkpZr
YS0TSkkqZr1y2uya3gmDHDhgEfDYQjEq
PeFo3JAn3dAb9mbaJ6B5R9TRd3tav6zB
pN8sUflndp9PAEQ2GTzJHlJgtBmIKcCv
rAkfO8xuUZJRT3aiWYzbarHljbsW5BH5
ddVzcMfPaLUnYEvLvAaAa9zT35SISFIH
sp9CvhitfvXppw4nV1WfoZfcqMHFWFyp
yLQqsvKEPhezSa2dYQFByLOUoQNs8R0E
4OV8irNAAAOjsBbtaAVg5yfxyUnCoKPj
M1Q3GBHQKO62lodqeqH0CtWbKS1nwYyo
Y6lhC45J6xZ7ixOgzFRrnQ3k3bazxNIL
tMKhLwY3aUN0P16gR9wcppkb1EOghhvk
Qvib4mJvICPal0Cu4JCI7tZTpYAkvkIC
B0pWdwPdPcnsD1eHRiH4TQrpd8Cbf9np
5IYJIcwwRE1QeGzTewQ1Yimb3dorz31m
FukVPqCnxQJ1d3vSzzFR584Fx8OlgO4W
eNljtPxrQL7dWDezuCN2nHGc1bzIEB4p
LouJYFiy99o3NJtZU8MijopPK57z17KF
QjseWLoT13wLwke2PVFmOP3BcQyJaCsI
w7709I2AQqRh5tMkYRChbbuDBYgWpnz8
RwBu6JTbAxG4ZXQx63SGZQy5Pd9RWC8X
lwGczTPTuQ33AlhfBSolrSpMzTYoFXSX
1YgAHZAedae8pdHDZGSzVW3Es34Oleca
nWaX5hoO6K7HX5P7MJS1yf533sfobrVP
bhgVLxUAdBd1gYFQoCMfdKCixdiAnmH9
TVfzeSRPSO3pFtjMGK6Vnrl5fIoasQRE
ilQpMAD6OqCRk8gmf62aQ1yqKiQpw0K8
omPxnfxYeVHRHsXZGBmcMMgGx5F8Vhw9
shJI4D9msG1HTFP6AqabTusKw5bsGCIb
bMOoqX0nAOX57LbLOuKTvyuZl64Nmagy
4W0AwLPW7pVaGeapdeWAYJtb7WTnOsh7
BfcUixtRPgEfNcd8Ihtynl6yBLWtKa3d
MZF8dVU6kbEiAK3BrZvaS18qlki9vcQl
h6alZXLBXAmdNfvt2KeVd1OhiIPXL4CL
3PEtwE81KAMuYceSPDy0MOWYLPvqSDnT
ZK7oqZJt47jWKW5nBcfeX5VoxHOK5yQk
mJ69RERNos5loTWI08pce35tA4wYMD2S
BLXjtVnbxfg1haFGbSwx9uyJ53SMQVrG
YxA2ukqaxlFGQbUrHeYbfXvmZBArQ1Qr
SaP6AJ0aGSb17jB1TtcSy3F7zPYKkoPo
H2yF4iPJIzni4DKFnHRfBW0lsLmcOqCx
YeyEQ8iYxDsZpRfyHynpGwFdhIsDFMj7
q8EPTMSEtiSaP0N3htTJvhEjYlRgrS1m
2HtI9g5xS7vnNbhwjmcbuBoWfKpZXiHx
9L4bWAA1ksthVMZHX6Sl1zNp31MyRjUh
AkjVAyLzOHO6R9uYHhQYb9Uj0ZbD7wC1
P0iD36NrXdIbvCsl95SZedGh6AiDjvHu
v7lPyQCSI54YH6us58sJ4eRJvT4zkl7d
zhX9BsyljDu3XOK1R9saMUMQF3oTHtav
XQZWlOhpQc5PKRSyMsaMptI4merngfK7
LJVUi9dxnvqhdItyRtOn8dPoAA0IeVp1
jvTYcmRk8PLG4o5ltKYidA3IWq0kZRu3
miY4412YmY8npdVITB1glNQ9d0zhm2H2
9tUnA2DGW8YL56pNPvMDmseB20HH7hW6
M79clgrJVavUYs6IfMGdaQdqAuFrUlnu
0aCZGtPIJAv3Gzd7Pl1R0P1pDuUOkt0N
X9bWb10FPzFyECbqiqkptX0YVXpuj7vh
ImJ2HujzdrP7lbNDGf07P8MCLvyySEjq
L0HWBJtlgF2II1gP1Lnqm2BwzNhI4fla
cf3zBfEJnJiISaEZTB4puKbIsluSIDdS
HmG6b6VOISdYLZWWoJmscTuApF7cgPg3
RRkPV3J92gu3xNbRjhiA8xcUlsiAb0wk
IkgY1HvdbkD3KOTRg5JMFNJkHayrJaIf
XN8GMuD0BCjJiHEi4s7VgHfue5AkYnEk
Mgv4V0hI6nXU81NLMQcg5hSB1j76bJlD
XAFIv4r4Dvi8zbFIJ5uHI2PQvZsXACYG
3DXqIpj8GW4rmXtwfUcrJ2AetuVzAiMt
DxlLFzAUaAWMCIfjVggEVV27pZMpPqOw
j3Z7V96l7M6pWJJGpXxjaQNFw1Hi5c7y
R3evQCvqxxy90eiHVyUu8oIp49z90AhJ
WUWdmmZOYYSTP3V2XmKFriBvfd3p3km5
u8Rxx0HenEksFedlwmProOsIk23XQijm
EQ6dux6iCqLnVpaily14QM1OIbrrfXxm
LD6zqUWQJjdlD8aELf7f02FmIfTxNzRr
WEKcyaRpd5MVYehDGBaeriQfOnRSpz06
bbHte7nHbjtaDuxPaBGT1YQKcs1z8SpT
IZBDdCrIyu4rMviWtBZwKKH68V8hlrWq
s2Dm7Kn3B1QM8x3MRTQGAvpv0vk3Q3Ou
PTiHJtQ1hcIIPTEo6yqdCheYpJ942Xbq
dWw5EITqbC5IkhkeFX8cYJVcxMzwD38a
F3t8c4geyL6tapUyJMltXFDJsO9sF4zj
BwvpDox2puZw3ZRAJ5GyoTvVPrhIYDXM
n0VwWkoKGtrDlHTh7pTAxTMguUAIFqFk
USA5WvpxmPxQ0LpaW1QPCisup9I5SusW
vI1MVMcghsQGGDrp6LohldCHaQFQky8U
Uv58wl7LsJy5VqGHH8ENbUcyhjIpHhpU
szSD1oIM2oZ1CUQlxNGSDTifjQZD80EN
VzSU2VUNavI8AWyVvtRGdllfjvw7tUhG
4ClC9lEQjCiA8i6jgg9sJmOiX84qMEOh
XOpk1KQ7YSMNew9zj9zndukMnjVIvap0
IdLr9Xz1uQUbQQ31OpzHYIbRypYFpQQy
YqzudY0XYnLGYgYJrL28G07V7XZXjst1
JEdv7o8GNHZfmfpm27awX49QSUU74b2a
PQYQn1RDQqei0E3XGX2Ggb4Vymw1O6nn
BJyED4BNnPo3VRMg5thjk0F2AeVnIWOM
uhlFFwa6H8EAJr0M2ZE8CDM3TKgm2YMJ
FNmTXVdjv9zVU4iJB16xIg08KdQtYhBv
v6N3djDdnTXur9KrovQjIQ1KsC3HjarH
7X6G0CBW97cnYNS9bblGTCwDL33NGjM8
BoKMJ62hBvjwxYvzDfW0Npm5TH7ug7c1
yay4HX7ePyn2J2hqLXcohwnxU2yVgJyP
M0Mu6opglfHw6wAU4SEzocIXAvFamJYD
cumFKiJKC4LDcisbqPYUQ8OD7oyhtlfz
nRH7ZFpHScBPJDOPJo6hbZLYb0JPETUX
G4WpiGJb1AcUR7K6nzEYKrWM6gRO404O
ZukIUX44qbr6KghFOD46coTFrjtmJy3J
Dtfa0dp5s28dx9bsk5F2uok1lreLgpmc
KSl6Beq4H5ccBV09KB99pFr32sC71ySK
mF4Lu5jprToOODCHkDCfX9NQQFfwIFPS
UvnjuEoDcMLTJe1IbWtXaYyCvsdX9Bfd
t3qqNp9oiK46eaJvvq7E0FaVDR7zoAO1
b8pgtSCY4VRgSOw0MB9Yd2qzcho8eqvn
vHwzTxgyt7kp55CuvEDHfHml0dJwR78d
wuewPCg9oZsCGkO5lpLLtInloY0TplCT
kljn2nWYLltg8YEC5WaGMozBqQcZy1Wp
0DVla0mipt3R1lnXiff7OZBcZoO9wPi6
ZAqgqWVUIMWE1Ia1QeAHJ0H8ernaUu74
3F2B3aLUqbjqyjjnB895H7c4slPbbv15
OTMHcbQ4EsrEHdvbOlL96EDSx9DifN1j
Wh7IGpbh1vE39546hUwy4Zgczjgn1lFZ
DZdnGX5ydwWtbwi8IpSMncV7aDliIJVj
y7nRgO4CUvEc02kF30CBnwWYxpIUljiN
ZesBOxLojUKpkNT1wtXkoH0IkXcKena3
guuawFPJwgr3Wuhk7DgetTuDcpyLRGIM
0KC2dcXx74M151kptKNLKzRAgZcdKfoz
ComwqwHUd7d15TEYXRnd0wfB5UcShT04
niT9w4hGOhekY1joeVXnYai5VcRPWWmU
tvg9xccSExCpLWy49RG8J0DhnqfJHqE9
fCyMf4n5DImo5pbXyoGll0eHPogQ9o4m
YqZSkfrsKT9AIADAZOf4MBI4Sj1j3RXE
7KnPgrO0hkDFEPBJemvKbHRDSYthbQbi
njONO6mNQBu0GREDztORNLkJWiOVmqMq
UiIqadSxL7R1lZgovR5EYoYCYU0PPC7t
anSi56YU9C7ZvO6dHtk0owAYWBBKaCPa
yj1sgAvhOvj91u2nrK9eOZJ9VhU4rf6B
zUMU3WmiScjJjns55XGWhAxX2Yeplhd6
x0Sks3qle4yP8fR8OoSX0wohBYshhyxy
AGrY04cPGPnZRjCgY9FJ1WMujQE5KOzv
MhamfA8yoQGCMEgKHma2nx2nfPPM95AJ
ynJKcNYTTZPmreIbOrnvHLeBr4xmoa0n
JycLdH935eJp31tOEkVVDfNqLptWaNmC
Okvo234y9XUyeaHucsYLIEBzuqTtlwvl
lhPFLdUMrYbT73F71Vqxma5ncnGYyGol
21utvxCu6foa8XkpZjfVsYb7xra0r7qP
fORqmSc0FwAOXFRFSkpeFFYR5Dsl9qND
XilULrxlmb4o7MN6qCYfgmaDWKOyXNed
1oJg2M0yhuYysLJLaxwuYZGRW78el7qF
LU95xiaApsm95nJngjRXZr1WL3GIiVvI
Sz5GO1AdTKHChqyjkVGJnT291lbLC8LX
Bk0DQxH0fdPA95FocT1TqPaianjUVTH8
fn69KI2DD5AVxbCzSR7dHvBeTrGtiRX6
JJ6Q7NuBIgcvxcYvF89F9ueGFxAWvsqj
Ew3echsC1JlJ0Q5ytr9v2VwqfsMwLEQ8
U1e3tCoNvrNRoC21bWjCPKrKXXRIXKqr
6muVrKG58xv04dp70XKNDUChBHUEEF4d
0z11tQOhDcu7ICjpgaKWR7Xe2aSFgW2N
dYKSE3QY5R9GO3otSASlQNrmtBeJHOjx
pKfusI2CPauTxbtIU3OTHS2Lo8txwVnE
r4qb74Z9ld7M3H7H60Moz9kG1N6jbjDm
193eR4TkxRiU850opP3Fh31p1XPd3BuA
BBuOtGjeZyf1NuDCQ5SbowoG9w6cw8sb
vJduVdNixlFLl4kN1fqFwPnlcNxJs994
sdePJTP6onRVnFq4Ya649346md0dAuhz
1Rk42r9e4mZgrsJIpTwZNb4xWcnUzyUn
wtb2ws6QvTzMRMUhyGx7V0oEaccU46Cu
kU40LsAbQ28VDIIaEfSDnncwTTXxcv5K
x6EG2YcMcICdfJDpKElQA2jCMGv9jW2G
KRp86KIieoz9SZzYeM5PmWdL8O6YX3GD
xQBkZNX2UqdGRJDXlqoiEruL5kZm7H0J
kWY9cUpvYzQ8JsZnXPWJhVWlzgo9ArRb
0TZLVxevhIkZUtqkXWhQoTsJUMPKEpSn
i6nLDRPHJ74EuAjiThwZ41dEuEGAXWDF
xnYp0Digfxlf6IkHxiNQTX9qwcs1omeW
wR4N5N7WF9m0AEp30nl97yJrrF2RzstI
hdzQ9OZi4kFvIkfnCB6yAS1yM95I5rYU
ATxa93BRQjc56EMInoG1E6g89BQoAgG5
rPXjfxNATgIln7FoPgVcD5scB9eQlCs1
3T5eGLlLz3ehEJQAx0wPizI8i9bjsmY5
fyCJX3Fd6lTLbPbLMZX93UmfN8tO6WPK
C4FgDZrzhkuyL8PcMOYOuC0wopnWNswH
ENbxierFqVWytPkDO011t7FxiGa292yj
eHQDpFmH1ytZHMXxrsQ4Yei1hMyccHYg
DBbuxzzuPmIdG4l7jLVH71RQpxtXykh1
9PDeph5cFycNyzcU0M2a3P2B0DRjxjpt
oG2PHW6aZ7RjZsBxw3ALm7O6WQnCoFxh
x72mM3LTE7OXlz34Vl1zzjkfXnHerToY
mHVOZLPFQqFRXaYp1RL3rVusmaBMoLUw
dpqMCcTbgrc0ONkOn5zb0SKD5uexWfHJ
oKkKc7t6thnft3nR0VMOQrUvxsAgu4KQ
lXriIzOloTeaIgND2IYmXToZQEIMBdTJ
dU9ZlHQWcJfLITwmswskhxyVEez4Oxq2
JB0xqbUjCaazAZ7gR8WPnk6uZcwZo2hR
HWq1GPJK8dno8a95J7ngQ5o2hU3rD7LA
ASvaxszMiidVQc2X4uhA3KtjuhrGHeah
Y7SE8LXiLdg329RlqPfmOi7LBRmFYzVW
QR6tRjh1uwxLZ7ocRqYgQmRs7R8mT5ix
ovlRtjeXUoXsBzJqPFIOqotu7o428Uih
cdBDvAoa2Fj9QvHpL8cflRHxiZHX10tL
oL7XrJNzZ1lKndfTGhrY6bftWBQ234Bx
U1nZL2cW9Twg0Zsby5FfOCRoLP9RpHwJ
TRDCNUYCY5uqjDWFPbQtc0tZghvzsifW
2RxBGxtVomjbv4RWvn5tJxoztfSpoAZw
NS5xAodbuunryTppDree0iDj09EhA3tS
kHboG3yqPx21cFhMWtML69Asd5tTHVoj
xahClwqw1csnP6fQV4IR3Y7qY2HEi1G6
2ijMkSaEkVKegoi6hzyG9ljr5edeCQyv
hPpKRCJED3HDcnDin1Bqfe0zAJRr6liG
QFggIGFRG2gMgaGB54VkixtlD7A3ul5V
84lF4icmqvhLCW3f1aLBsJdTxC02RPuW
tJryJ3XGffQn1w4fYLWBVFD6OcVSTKqj
vjEidyB5mzlX2dMwRNnesfWrYwlX0j6N
cM2Lsvlkz0bTTxeTZLCGgGQwH8pyELgf
W6sGdQArBRJjCJxdBpvD0QUpew5nwh7s
qbUXg7UCpVE6IiLXCmcTfdqwdOWo3wOS
guZNjAwRvTyTHOacPKT9EuxwY4Hp61oG
4j62aYxASqG5pAaC8V4dWDJ66Xk4ffVE
t5SUv0LBHEuojAIfImbIYz89qFvvleQ9
znJmEYciSfzdNURSCz5DrnBB45NqbXzD
gUJSx8pAQPqRhRkPvc0uUZfAfdGdcF3R
lTPegdEt3H5QWURileLp813Gl6hl4Uv4
QCSxjy7rdqxdoakvSmAhveBgqhzJKzSq
PF35rt4vFgLQtbTs5i4zcJVlUqpf6zYi
zFemSsLIqna2MzB2c3GUzP0TIEiaTpX2
z9wtbulFean3LA5U7XMxvqgb5CtqUNec
LNkbvu4tuUA3xotMQMnNgDKsoY3nhkAw
JMwUThBLOHEzoAe09DIDkp2g4iklIbcN
g1t0B8KUmOWeoGS7lTswqMGZP8It1pSn
6zJXYr6LvY7Tq7WL9t8DgIQDD81qBSt1
S8Gw8sg3KM6tv9ZEclgpzrSU3sczIIBJ
hckDajdgMj1mEAAwo5fjulUq6JYNpZCF
IsjZvytCPvTjtiijnpfXU3U9ZYKhvRZ9
p6HfWewGTRxJ7hP1fzASFXYAcjgLjsYI
cbJahbQkH6AydVmfzZ8KnWQt8Rcdoemr
IzkOkInB3RTjs8mq2vNBPqFGKhHwidMA
gEoMYPSRZDIIav8FY7StCPivlAqQp3Ii
ZMm11gXWk3b1hYDMsFRLxizJO2gO0ga3
1TJqYmPR4ndpUyIhveqisNHBf9xiWvKG
E0vtk5OF13r4MAjv3sV9CrN7MxojWTC7
hpDt5BiAm1qidHZ2oKw0C50Zf3JwSwOb
XSWx8XcZZT47pIHsdpX13R6I4KvNID1y
FAdx5MCqd2NTxeaqHCmgtCTH064DBg1Z
7TJUQNGXGZiD82LwKzoTBWsXgfAcycKl
3I0doDRPYsgvhcFErnm85MQtr6RZeTjk
wjNrYOLz5ZDiAvyVqB3lkhY62JirOiB2
kFe0neivUsRVyDTPz6xschsHwjOECoH2
BPEKP4qZoZDjJ6eKGBjED6AAxOA89s3J
Jn6Qx3E5uyummrS2VugDtjh1PexMTnZ1
O8azyq4I8f0pmU0yhBtl5WMbM5kMI9vK
VWMiPnVBacsdigVc9iW6OgZEtClhEm4B
stRDJPuWeKJpxPvAo0WylWsVsdD7Zfe0
XdvlrJNsLQd3jQS0c8sQ7UY3V6iVZeta
1rdGVkRnr6ySMRNYS89OHTsg8okXFVKJ
s45CKTwmbDdaouffb2ej8RbnPDrMLJKJ
eYnTZLpBD1wqV3QbHdryUKFBddQHWZCn
c950hqsoZHF6aP41zra0DsRdD3kUQmmd
9oUFwy4FyC4KfSpdinSHDzoVMzlkRcYI
Jt4QYrvll7VkbI3oNoFEL8rVQXOcUzYI
AS0bP270ha5mXzWU1weKlQFswJuHJnj7
xlUZ5S5pEROHM7zHsCZ0xYudLlHEeLjY
nZRra6EsiREHGVELXqfVhW688eCWrvnz
LX1gKKpLi3zkn0rCDcANapdv8tPIBu9Y
ZT0YivY3q0PBLOpxRbMiScG4P5KIv4Yl
URgVlQpE7ccDO0I8S9S90gZWRvQADLsw
kw1l0nm7WKnD0ajENnFxLquUbRJBgVTP
tpME6WdNg9fEbrOfAuFC8eiPxSTDN3v1
QtEyRtSyPHAdZgbESQRCsVdoeWxEJn1U
U2W80DafOBP9PLlYRJEGBEX7Wi7fpM4G
w4tJhnXxNBTfsb99fXjZBhq4HeZ0dp3y
so6DK9kqehJGJe1KVG2YbqgAZbIREjgP
kIBhmY8Tu7ehbRyY2Z19Be2bDkQ6Szt0
ZnrxIgBiMnAKeFILsvivqZ8wvz4EXll6
m91lbeV4ldL5DAPJNtCnhZ6jJwcOkmQ0
zowzf2NuXU6qzhoPvdLSe8kdB1CuzOFm
xik2EQW9ofs4luUPH4exGfit3FfduRUu
0rd5eVT6oqkm90ORYPECYuwAFEGPi7uX
9wMUXx6qIU1kQNaPgmdjbOjKKu6H9roZ
p8PlJLxgmbmF8O16bfi3I2jBngYFRG13
zpNpVkKMFhpCOSEgq9VUM5UNlusWpyIe
ex2NMCgN7AgJLjH0IJBSRpqfxqyDbxVi
emRRbVPjM3YLuG1MKlyWJg1sBosM8AuY
ZWmXt8s87MBg8GbsYYG49Mv9YCq1sxsu
OpTAcFI57qW4Os1bIj9iMPdQPFYhleeo
4jruT9gVDJCZDDJYPwpVIf0GGjksLvMj
PsFc4SP21mLaziA95R4p2KjItL0FWdeU
vX3MvCQzuFXDYO2cBheEmwpv6NUo70My
qqFEqDqYLk7LmfCxR1lNDjmrkaKzQtoE
HVG3iaVZNsbTDWf0YN8YhQXF7RjdN6IX
9cJmjFNIhWO5lvoEzfyT66oPTOSHbnsx
53a5WDRmqHXuOBgO0hSk7bKZFICTTTKs
vKrPaVcSNRx6uvaGnN4ZDwbmfRv86pjm
Rfx6dvu5KYPKFUFhsdvgTrbX2OkkpSox
YnLw6NYMX4OL3dWabckjxTQhGBDEIl8c
o4Uph7nrColtRTjc8uCa8QkjL4kEhnHS
rfGANT5JNuLmkIWS5evVfgW5MMThgWKY
0s4hTS0BTeymAbXe0jeO4jxR0Yzug8EN
Okg72kcyp2nBuCic4jJzeLR7pKfMV6pS
0e6JkVjO3c7BC0BHRxUex1QlUbMQ439e
eWjQ9vDK5HOehO66OGDWbF59KDRGRvIa
aBuaFfBd233Ufo5KqdcILzKEsLxeTUqL
q7RbOPfIe1uZY5x0PPbgI0OkI30ghBMI
Bm9Cd81nAHOOM9KLjZlVwpS98Rdr2mee
GuSFRv5CZdo6Y9eVka99LCdBFWYSVQqu
smtVXlrtrQS6GekdexJj0J9g01TE7ShW
r8EHJcsQgpJt1eDQQXOK4C1eOr3y7iv4
H36Sb9iSel1wEZBKelfGtir7MDXUkFif
SHKoiuNi2c7wLQCDq7BP4WPbv50hYUn6
To5aTOUsmhQPS2uuByrCUjBsaFm7nvkA
PNGtv4YKyHyyittUj7CRuBxYARMpZGtD
rmragEXsFtC7iCglinubnciLrq1lSeGX
xvrc1q8tq8W7ynqQwCgHPQtjWlTtCfT9
qH49UJKlMcru7g07D1fjdx0yGEhwwsD9
sVR2oNF0gmnsJsWZeNs4JdU90TjJ0TRe
WnFUKXgoTo9mLY0B6xDACNaH79XJuaWt
aCcNc4V8kAgA5tG1VV8K195NvKORfG66
XnpqfdounUrib2U9Mr3K4b5c0zcn4eWw
jMiJaoFxdyOqEnUycVPToWnhLvK8fFcw
j0atocdNokw9a28vAawXDH1ZUFJ9YIG5
kIWK0d8rkSaT12qtJn5sUMA5ajYqt8mH
TkIn6FrMus8CsG5zIFHd0fDx35I29Fb6
Vhz1zjPCjRQLVmJ5WRVkULGWvmkxECbJ
mA82oBgDiDbNDsPXVMkhymESufhDYIAR
NFkmY8Ego0fFfei5W9x1TO4GCYaxuQYQ
LopKEVQ0AqV8TVtH6HXBTqD6GfPlNm2D
dPY0PgTY7zY2sp4ejDi2ClFajbShKVs9
ySuFwavxQkqGV99k83TOkcDtOrjhrdct
MZxpeSHVlC6bTJz2fGd1jImhzxKMhrpi
WWRHNJAJ7v0susXl4Ki41r12d33ep0Ks
kWu8nBjuVt22sDK5qOTduB87a5smgAPb
nLmegREn8IPxNXy4jvzMwY75syzZtnhT
uwPwBeUF0mRVHGhe8b2LgEAG38g3oQ8d
akF8qqvY8rJDKLTfODgg43Fcwtm6A4cW
G0Xl7YgamWXzCPJGho66dgn1oF6M1H0z
9Baq1jCRr3ATZq2Izd6Py0jhmvK405cO
PXSbs3FXiTbtNI382ZjgBMLvTnmICAR6
qu9L5z0YMcnv2oX6Z1yd6VJj9lxcP4KI
7UGZP8S3ymuOfOQFEn674OVqIOYhJuoT
cbFPsnbtWvrpGMuIMBLARxJEXKRp6976
A29GXLAAoF9iGQMdSMc0nPWrVCr2gssf
oI1eNhwkHeLMkuIuqTOvlRsivOgQ0kVi
EawTbmVoln03rzYPAaVXRDSvyW0Knw1v
vnZC2xn1Ni9GGqNc0SjyC7n3HybgybPz
oIr4TOc925WTSULm5avNvLSyMBWqEGVr
o5d3jDYhmlgPx93vJnSM26cAJa4msTzs
QuEzEjWVQaoRa2rB6P4ZjpGtW8t47fkc
YKCHiBEWUVQH2hMf2LMTbRIlkTRQ3iFi
g0RC5UtQ3ypVIusJjRl9gwUuXGByfQtV
PSgkOGqzXhwOLIg5LtIxFIKt0JuoZDBb
ZLYeqhljzIOwsKjpmjbtzG4qTNtvpntu
sLOQrlLTnbcKkGaV7QkDqoDtG9mnkpAW
9D9sDFhA9grhDdvVtvqn2FEMiPL4TnOa
eIR9ML1BfcLW6vrggGeVFiMLHEj5UWLL
OSXZzWzxK5dvM9wo2OiaR9HodECwAoEP
YZl5z10xgIgoQBqKGSYeM34Q4XT1XUdt
ReSCXVAqVUhNiGpJSxu78PtVyQ9j5mlC
X68uIBUGhsn3c7PdhXKWsiRIeemXnIov
YKqo4iH85FXyj97nX8VzZDEcUxebmYtd
Xccaavl82z5Nj5EMRhhKoljHACnwv1TJ
CqDtT3uoEPmHnAcxApdhBPI4IpOKPzva
1geZdFY6IpP9RDmWRJ4Ge231MmxDgWfB
3FJ3SC3zcdOscJMuV3u6k8I3LIDgJ369
cAGvpyjcHfvgK8LSKhE226ChkQrQeqUN
B218PjHSfGvdcQOU4t2TXzbMf7RDDPGr
JecMvtjaJa49p6P9Zn2d2a8wldiS8kXS
lAMgj6fOiMzZ75UsaOCQZlKTGFHSsTdm
VL09vLbXBvlEXDC9df4Tl85e6Huecquw
X9DZEKQj7YFovwWiA7MPzvyzFBTjWtuF
3JMHzErpePt5eILPKZQ3MTmHCsPsJPkU
x5W9S9huBaMKENBpwEVnhDQZJXg8X15J
vi832I8sSTZYXeZG1Qm5RDbyJFgHLdoY
0gef3vODSzQECQkTypOWMZ5meg9xaH6p
REdB8Mk97tLvIgXNOA2PU2OhtRshwrkP
PLm5q0dEuRyRPx78WSXeGsJGXp4SUskP
iB2pNCZOcZL6xo62U5fX2Vlu9X89cL7q
e17MDR8X3BsB0gIKGEO7y0n8KCfwhucl
mxWZdV7IZsfGi3VuMXfKtt0zRGyPu1Qx
9FraynbnzUnCTZcfOdwMl5SSlPc1OXDu
FR9oF83f3Vbs22zzS8Kp6ilQWnQdLFP9
CBY5H1SNlk07es9IXJsFVbQQoj64RNUJ
ELBY0Ry3V6nNZImNb7n9f73onS6COhQL
NZ3FwbOYHUox6xKYpnIwnfOFuqQZQIa7
5pgpRfgtSeqVIE8dxFRVQlSFf8rakmFA
fmXDVXjV2a9bqVx6lsFLxClAeonTaeL3
NJc4bbiNqslVzsE0iPyS33Tq9s4afKRq
DRixCOcqYxOJba04rHl5hfXV7gVRJAap
UsBdb56twYrZwha21tHqyf5CGwTxqyuF
HUDx5agWwDin7wOG68TsB5wflXkiPWB9
e9hLNcLfHv5X85iKaS7Pov0kKWa74niT
Mw3YOqa61Y0vMg27tkbVSSBstJfJAiLq
FTKINV9KkKDfvoZ5E15bXRaLCiS5sddt
S7oabnm8Wa0XRNLcWQsTvvS2rJAK6nK1
1dpWQr9woypfWAeu8NfNUE4AwL3CRf8d
Yrq5qUFUf9kDf6L9j4wz9gWXGufaWb69
3i6epSn22TNEWNqgpKR3vcYZWW8kG6SP
RIEDtymGC2TRYgoJ4KXaZzcgXrJr30tI
Fq3cTB1RI8nmPoh1Z12x5T8oD9oZMeCN
SXDSwrrwlbe1kxyY4Fl6WYA3YeGqHT16
VutE40pGikR6MVIm51KiB2J3Q6Qd0P8g
LPyyhELlGq0HzHpY6MI1hXGJOfDmHZBt
XSU6SAsmdxiJds4nYxpTdE2VgGKdRiKg
ce0ytfCLx9rDTVbC3Jiuoo454KmgthdH
hvO2kx92d6XJlWteMtDwIW5SMU4aHbuS
XJGYt1MsJ96oJybBNTdkNYuwuCm6Xwk0
jbbayFYLJQf7B6gTUua5zypatBO9RJ6Z
NFhQRj0zWIk2T43YyeLmFaGvu75OewiJ
rskNNn8ZytFTG0oEue6HaXQ7cT2PcINN
6tM6zCfsnCvW23mrIj9rHFWNUayzRywr
lX2xE3gVHu6rWUhS1gq8czMuV5eM3QIJ
hTuD4HUCXdQ2sxLOxYk4SS0OBJ2t67K0
lyK8akMUqS5VLhM9WKnWHzQBMLX98KPw
R5BXOQWEqhBbo3Gt07Tqkdx2mY37M2ew
eD7JxT9OWkxiSu2iesKa3EOf3fMl3AYt
w1eSgK3PG8wxma5UR0kwuWqiLZbJPl4O
8lmzphcOfEUF2ONKOAhVjjwikEYAzS6e
wzh3iYqjDBnJiItB4FQK3WzZQgOy1zSi
bRYXEuL1HlQLNwjlxCrN88yQeOOs7T2t
jrrZ1pnBv8UeQOzjR3XrVYHCmmz8lDfp
2Ab3hG0Ss8VY5mfHccKIYxE09K1e30OD
YBtVgYI0xM9lGBJjUQAcCjvjq33i3xmk
W8XY97QxcJMsfKyYVJt1EneyXhGDIzqP
djF4mwwyEaAvZf2pEUUAMN2vY4BF7n9R
vlPtAQROg1jUuLHLEzd5Qf5ok8aIugfO
dwnso51lxnHY79QYwpjpzzBZtyk71nq4
qmUz0GK430Xkdr9uv87ntHS4I0K5sVil
XBMOn5o5npxDPRKILMuddxV0WIF1NcyT
QZJjs9M7BoUMIQMIb7OTG1FhsMBAawLK
TOnUhW8JG4MeNIJjfo4hD65TwsoRrXgX
r01xOBdxTlHLa6txGCyiSgQdIgBs0eVe
jejiiqPk5lWBBXn6x3h0OV8rl1kDyCcR
BW8DYZR9quDYD2h2fN7a8Jnm7GlBknHM
OXgSFsiwfVfsjR7nYzfz8jsbHSxXc0WM
9kUebsBSvXXT8ekARpAotwar3t7wDT5k
QZFPI0SMcd6JNv1Vd2gzvLP0bTF53ZV4
Js116vXtvqG9HqahN79BLv23PSgPbNQE
jDmG5zalq9kDj1HJb7dAaLW3mkVcfpif
U9Xzoa3W1ulgIqo8yTE8LXIVtFOj4WWV
iezGUotFVM9xwc8YzShNOu7n8BoDimcn
V8fjJ8UxYposMxOMgA0Bppw9EeLObWeG
Qe6a0JBiKcgTKeNwTKj6akrUdaiVDpYy
6wZuz1RnNbjeU4ibWRqhtJiDh2B7GInU
zsj0LXDZwMsCRImODscjJ1ABkvjKmJJ2
SaMDDo8wLx2fPjmEHoHK9zY3w0Y0wwR6
Gh8tRy4oYKBT3of3aGKm0zIe4GFA3VJ5
TvJZvjkv0TkTc08FAp2NUt44tEFfX0Sz
qgVAUJIJe0bBlEMbJzYaTb0cYO8jau8o
PfFcx0ac9nNa1bGBu9s3jSj8Gbku8AJJ
lskbYkDrBBuCk62Z1c2S6WNJ2oaEAynN
mbtRuDE5ErP7K26zsNh10vMJXDPGBT9P
5jT6uFr9kXWwDdeBRvvJEuTTFemvyEeO
Y9LQCG7hKfYYfvc9M2Pyt7o7UiTMJxDf
OxzqELiIXMpknt5UYIeX5klvz1IDALJd
egwY15ceyYUZuCLFELVK7lVI7JsjMMIj
IbGeGlV7LEJeTiD6BsZQt8kQ8Ft6PGUB
272Je99Awa5T2hWN3NcbYplMNOFFsWX1
hS7TerZXKhdkbFNai5Y2fNNF5QG9eM4v
VxAqKXJI26YnjaxpgOHnLloO2nnMqdDN
h8gxdQnjxvxULHlCNLnipUnhbJ4ZX3KF
FTVPOMScgdt0bTKr8pmJOTPJUlrILwZX
PlcOk3E97jmsLRFi3rcufs62S9SmtPn6
P5aRlnzvQN3m12Ds889Ld2CfsrxrUoTL
iHh20nGBAsW5KG3euC7m51OrawucyfIR
RgmFfAcqurNvhSioq8IDYaYpXzUfftiJ
K6gQVBKrdBcyofWAp7mMTi34YsCMxv2x
XxBuGKA9PbkVy9uIaCAQSBwb7Ly4CcTL
xPktXdG6HlKhUXW1Mb4MNpzVBLK2dzvH
jBZmteaUx9TMkGsvqknJAQqw8lHUlQxn
7wuJO7pT4JzZk6y9lOlyi24hLwxp87Xc
rotbjDzZnppBAofvabW2baRV4RF3nVYU
htgwElXDnYmstd0NpDXaibXCOzSE8LkT
5p2qV63Q9z50Yvg4Rw6p4G0A6bJpX4fm
eoIqTe1KWEYWDe9WnyQoJTu53dIve3km
i42nhQ2mWkUlICvnKol0lQuurcALEeRD
vKY9N5HG1kgrnfSx2MWCTqS0uRvNgK2h
EwHUoWXNiSCGgcFwmYyPlT6cCEm99wHV
xGvQZjCwg7E50Cdu5oQlEzUSv3QVBBOn
0o8KDkdh2sACxh2H80p56eLUoJItAj1s
jo3Adf2X8FrPvN8N6QM7nigCz2T09ptx
szvVzY3Bk9RN7vxYHU3nrgvmKm8VE4Ze
bx6D7SjBojCdGpB7GII1k0rZfLr1Guz9
OL1daJSvWEQv0EEj7hmtY3h4j2VwlkYb
shGLTawIKDFWKNdiO4rO4x42Vu5FAbgH
c42VgvWUcrRu4oE2xbF06Y8K2OsTsa1F
b5nmpFYNwSKSZo5sopJXPlJD0Ku4mmwD
9eU7hV0xn9HOZeg54fQwpaXj7jNX52HI
Q9MHT8y6Q88kP7ZGwIReCsO6d99ubixb
J0O0SdmnKHAZXNxPp02gNqem36YKuIsN
D5g4z32EI75y11lu1C1QhVnXpYOsFne6
9cHsm5AO3vX1iYHoPzJRpamvvkoIVrgv
OfwmyPF3wIvOqRfksCTQfWikgYxW5h9V
Jasi8KoEAXXkuOdnq7AwigzwpkdNX9sp
HADf9KRMExAE98pNgO6x9dJRp1guzFnM
Ce1IHVCD4QUITfSL0GBzgnjSD43mnmY6
Z8yNIc8wzxxlN05VRYYy89UpvNMch20E
3NBSuqLYhuMCiFCdsmUF19jiEE7pc0CI
tMF512UI2X9qQwB59QKXsGVuOjoynrfF
VzBifgCNml3D2mS88zOqZgkNYRFXBbYX
SKf0dsVJictyT6aoELVl7QYn1Bob5YYh
HN1IcTfJJ2UUab8nVGUt0LU3zmwr6IJ2
0Neykjt1BBYcfvnKLnTyAOzPW9gqpwGS
qZLICYf7n6GWA1Z7mieUuiMugDCoQUZY
a7J1FmtQ5CyLKTy73En605ZSRcs1KTmu
rAFmMvKatpPamz0w8kAscO329RlPd5ME
kUKr2rOP3fwCxq2yyV7n5Lr1XH4YWpgt
DIE1G6Mi7OkynZ9inLFKnwRcjtikJd3t
7Gs8kKZ0rBYEhvEfUOwFs3JRcS04mz0k
ZcinR8HM586TfASxXgGowzogYQZ1JkHw
lPRfVRzCx81kcagFGo16tk0iVnvIaBFH
LpD0G7zW8mxbBUwwq9zT6x38XXz98NlC
tVxDu9Rko4SmmtQ8Po0Lhc5vHEM0aBAr
kBhEMWMpKrVLxeO4qC7P73ZTcAXT8Nam
udlWUPxWG0ovZUYiWjGmz9ZcI70Ise8m
OsqraNKsmmjPVgsYw1lvFpC5aviiduVH
UUfoN0J331P3vIIfVLe5hsdCFVaNveni
SL5umFPThN22R8Rq7SHBMUvgUuOabzQx
x4Y81KNbAAqxVG9qJ36lGULj4FxwFMwI
nqepdCvlYWvNlzM2RU7vnwhLWilwiVKN
EKCZtef9gxj5V9XUm58O2H6pTDyZF6XZ
pndCsjMMsAU0sSOipMnWBAq0xjzq6JHB
Aq1BAiAZpKTOI6EFIl6SJ9smppeziLhf
AIDeDLq3OUF7ZN7dAxvGmojjUwTDgDWx
XXVqPVKJ3xyNm9s5PGLk0FBtey50JnOq
8NFowIS8r6ntDhVvxdtVM7KzHFSC3fHz
fJnqGqwn5xognC8odACC9DH8bS44omUP
nZ1nzHyDCLvEpl5xUFdoT80AjrLx1h8d
ecrWcJz0ubSivPxjsgcMk5mOtZt2nezk
JEJ00HogEuZHXXUQjPIMssGgbl3i9L2B
FqKx7oi3QfOu0d2hAk2PJRrljU1ZUai1
giofw6ybB5Hk9x6jRHPDjbMe008dtQvk
MQBHrqhM4yqbaStvzYA1YgKh4D0QMhRU
nhGQJT31kE3jcf5NR7wvQaZVOSp3IFZy
XUdXCctm4pSENSLQWgOk4lbA8HndlUX2
9xxyhJAes7dTpAORJZAsrjceQ0l41MPY
n1DbincbDoGNxJyM86nvVuiSgkwZmgKr
MUYUSU3QfjjsbJmD0Mr6f8XyCvpMvecu
J6GIBF0l2EBy4tZzEgyLVCql98uCXwF4
OTB8xTOy7b2k1po68DVQ2ouOJ9MgdPzN
ryXBkXoaqsIXO0sSiXDtvPDJ65ohE1in
nyuy1sJZky09rovGRX4JfKuVqTiuovbQ
lm0Dn6eEr79yuzxzXfR5VJHsb3DWm8ge
rvJpoy5uvxVNWnnyrNb9tvUguyFd95gV
wMA66Rz4PNov6yCqZdCfY0aQveZXnyhr
Mb2s14rQhqIxWu4NRmqAKvUD2dbUWVVQ
bynLJkpKn2wyQuXe4YPTOuTyJOAoTqFj
sWnAFnTHhYzd8DjDO7uquBFnhQbQMgnZ
tl8w8YsOrLGp9YmOD094FYmy6O4IbZgN
aKrWTmFSP270KwGzehTNFLzNMJQ3IcR9
qFOA8MVwdzikfJoOuO4HXqok7R6lc9zN
s4hx3CmKNYpVZans3Hts8791JMQB24D7
8m4TNo0G6KhWJjWQOFANrzHInfmU0aCK
SlOHiQt2lo04S8MXUhEPiB5llvqSCdHg
e5APjEUetCam4dQBPdSahxFxHEv4uTtx
GatWxZWtfjtot6zeUaJKr9NMeQJrDJTU
ubruxnTv4gjxpb5gGiwBC9awC2aKvT2w
LSSw20tOQmePwrc7o53P5ZIhauJXCo6C
KpRe1btaWKGThVYddeE34gB0x9oPrrJo
Kq3bjztf1loOQKiu3HhGnhQ6m1OpsMyO
iZzA2RVQR6GmsdywFCSOz8l0BwxTym5e
eqxkMc1LGjuDfioQf7JZXSKoYIUR8oSf
ptyhp1Z3VYfsnAxiNOZtM4rqYDIXuj0T
iLgOzsZ1j8Aj86fk334oPeB8myrFtieP
EdrGZSlAGFRzA8fFWLOA7LX4ETPrWLZd
6k82mUlR84qAKpntYrJWgFNuMVEef5l5
DRA9hJ64DYwHKuEO5GTrnZBwHftzeeSD
sXlf6zWwGoXM3P9muaGpUizZUbuH9IWM
QAe4dtPY55FuQTWbsHXkIIY7YDGd8Sw9
MGTPSkgZWYo5lG609gmRDvvDBZzmc8um
O0bW5XvbKYbV0BHY2xFORpNNvFNiBlXq
Oj5h2Pi6DDGmECAHubyuu3MOLVHBUrEY
LCVIIZnx5rcFr4tg6cygSxbg8jod2QgS
lHuJpmr9NB82CwPXcf4vn7pyDVWezyWx
aNG0XmUya9hqwmpOwt8r3Q3T6azsq1b7
3z7VY0Z8VTvOfAa6jhjJtcpUuSAeGOTK
iYITf15kluoCMrIn1JFxVAUBVQlQz5Gx
Lf2euefJrWz8hs258ZWyWBVMN3mSQEzc
v7PPSxwh0F7hJ45SBHDG3ih2I7GDOm8N
exUpL3Hg7A9FChRHNmkqOhkrh0XnAsjQ
FGr6H49PhIYulWZMTXWDgwUL4bSg4zv3
bQIqohwpayZ3hHqHfICFdf5V14FZ8PCO
jFB8D90iLNE7WQz9S8gjUSP1Ytwm26nL
wCkGExG3nNP80lYcaJj3YW9S9FjoHPwo
OeeUXduSZ6FiPV3zHDR8JI4J42jfT5Pj
FIOt5AMgUL3VcCCHMWne2fHVrdkUQtky
f5s3eHH7eCqAZYs5OKxUjZaQ2gR9pdRT
w5Dtv1ps0pVRfmY6k49wIJrmuZJ600iV
JnR0FvRzxGvwDSSfBl04sGgrBVMHbiwM
jvMAWrcgPs91kXHvQODJ6YWSx0vnwa7X
rPtdXzGtSKnI5xmj1B7DT7BAoN7zVyIW
y4cBO0OiU5vWtxTzvaOaOs8sHUR94Opy
ZGZzKy2dIZBbOy3pLZfhGTHBZXODGWjJ
AgvPF0bXDlXuHsBhJ7UKDRzEPGqYeia8
AnQqDaAYwOdueZIoFEEsY3CPeeiIxMYM
fthBjhmuCT7bp8s39BienIxwNXtz3RXk
WyiLgKe7oUiA1fXgnRk0JB5Zew64DcA2
CiWBPb2LITvPMyCOfEwLwkzget1xtNws
lIZgkUzGe1AtIwyThWXYVHR3wBs8qATa
4lCAVdnDsB8b4tfMWySPe3jkGvJmygwC
XAHt7MtRqIDyTcpeEem4pbIR8GWBw1Uh
PdKhYBiY1YgQ9Vs8O8k6Rzw0IDIXIg8f
ObtPYU6SVNPEGQ1ks8xCujtuxLQncsYT
MNplY1xOEPrqABEuSr0fCT1PpkFXrkSh
z4AC6PYKoNctLgfaeefEXp7gXY5kkVto
6o6zwT8Rb0VT5SoxRtxolmuTmbE9Xp00
Ci9l5g3vqigoEdz8oSOOXOqLPwTRIs0T
ts6mhJO8xxGYsjB8GJqQBih0z4VJHWJ1
XUkmFkLpqz6DT46VNH5Ao3rq79QxZa5i
YUTSZgMnI3AI2qObeuYzy2ZM2lYyT5lg
JMXGlC9hRs1V2sSqAIVwOVnWKmTGZMpm
KMtOmtciJMAE9qjePlMIo5rv3Ks9hGtG
4MEsl2PJIF5BfCQDQIm7p8e9NAP2ZrIm
spkdZ9arzlkcjeEC76neXFEUGxp2ZU0P
BKggyrtGbnySzbVvLBsCAyLvT5tUFvWW
o5raOYaetVRbqnYupru1OvvOMaXku0Qi
VuuWBWjNg3nE9RBOaCEMVPK5Ft93l4ii
HBsN0MxIK7gxDMG4JrzdEyDsbBrbsmbD
I3XyCFHUPMJSvww9kRiP8Myt3yvtUdMX
g12rFq3bKN0CJPEVtrPyxu2vlHgM40Tu
ajeeeQXdWNkBVjY7dUUooYboUzPQvrIP
38VTu4k0rcv7kA1ilL26GYeRjuRnvZiH
44M7GRCbmjBYuoB5HPN76gJ9XFtZcG7x
MfY1m06oaQGcVQgU1heXjFYVHpaBdIiD
y6qRJnvL64C04UmzJlEq1yTOELOx39hS
q0aaA3ZwQyBFW9P5t3W445hDsaeuNhgW
nI3w0QS0yShfVMDaX9pCPFcDos3HDoyQ
xTS070dpBSPsNBKAJ6osj3s2MP3gCJcm
yroTWjSR5dEvGsGXxNiFbCLEo8VC4uuj
JoBBotY5d1mhf7nEIiqO4qeujTnxWZqU
k1qW6HO1sGQGRdLwXKJ44AGBl01nv3jX
xHk71KozGPiLRUxxLqf1pErHLRMCOEox
ZJm8JbzWRBZqd0TjtjUR9CYxn7nGOzJJ
27rGPJdkfVHTnwqWik2V3bzMqSJi92Ei
0pQRTlaFoJFd6E0TCuRbJnD1t1UX49UU
R8XZAuKYtAGAuiay0xfvz1kAvlXEr89o
rnhcW8jNduIWXn4B7qt9ACQbGuqsj3w6
ta4IS9EofoHUbL3KjYRUHXWVUG9e120u
7qB9X1BRIcCQt43BzP8yVS2GlyN9eMiQ
wObIrXijvyCwhEpdxUgxG4rGhLNVtjHP
LjQUDQGT8rhBavOHi3afTJjFUQVOqJdk
FFNetFeNeOP3KK6FIVt3wbM66kVe4GQr
85gylrJqkXJschgQbRRUd8N0uE5sooo4
HX53A0OhBU6yn03bQ4LLkmHFXdLu4H0S
9UUuVuL7mfxHGvHxf1SupEZULcBs4ncD
6o6iqomKUhGPPh14HlK10NHg4B2gxptC
3xWZOGT6zxVhxZzLIegai04h4A0FVqb6
KrpVYtvSzvcvSWNuo9HOV9REK7wcHBJ6
mtbuaK4oTpaEjSyhXSh9HJdlrh4yj6nQ
RhOIAUuszblT7nZdFa5AGTrEhjdiCC2U
L5sTasToYVNLRzDDs9ZUmclqzh73bOjL
LZiDOhxhJ2BfMtM7VSNdCDfR7FwqAoUW
Kru0pEu1bdDgw0NfJnhqXfpF9nTNQ7wm
ikIe17pxxj5MbOzJdryrnSv1IppgTCvX
FnDDDsXIiiHpapOlLYEzFinNKtUlxQDQ
2a4wXB22czMXRJx7QbSmp8yyk51phjDC
ZdfGpFU1lpqDaaflxa5mC6dpQg26KbIX
JIc5W8z84L9m4ZZU9OVJW7Ekt2ctTqTF
cITfAFOEJIAGzyz7PHnuC1tYYze5OUfn
yP9XKRDb9vIvrVSeSKLwKKwIlzjC3v7c
GQFrfHiJwrMLoblyoOGEN3PU30XsxjmY
UQ8DyVoSzmF7sbsVi39rwWhTFKu5aj79
K8eeAJNsqwZHgC3eoYmlnzTE99LB1FG4
Y669Ok1pywZ7zo7cQgsWwG6FYSWjN1G2
aSRfudj1IyB1F6fvuM5HryuxTi2fAZGB
C8tvRbvhFWEp6RNr1n9HuXMtNRxitHRh
9Jg6VBcZwupuvOdCldqUeKxJC5vecQGH
fJaebyCiySZJubKAPO9Ymk56YVCWwHYj
gawmG9P6PXCZPIOdbzj275nJhJ75GTxn
17YHOvT518kpOVXxdeBAwHGWBSRfQlLr
01y9aDxr3WsEKUzc71Vy7N8I1gzIipGl
kMjuri9tSTHpwFzOYuR9KiPebm5E54LB
5hfsSpD94Q4wqT7IA75ItEsgFCWD4TjA
fF0jmpPErclvbsRyofsDDa1D7oVzcHPD
ZjrJjLmIl6MR6JhZRDitreCuSN6UwV8T
a7Th1as7yJs1pAMy6XFQIDNVMnPNMIRz
YU59XyfDKQk850aTrkFHNT1ztdy0VwlA
hLo6cIFAWOGhGiruWv2zEqtnMCXAOMn4
7yTluH5GFMrNWw6KjNnzKS6nJzrKuSrq
KwtG7E2y3UElxNX8IVRgXoeRhOfQik08
hPFz78nZNWWYQevrCN0o8wZlwlLfFRgn
Jl3krgemT1idSgQCcDmHrGFxoX0Lw0I1
9NkdspqWUP8hF0CRRx1ZIbymFxlIh56F
oRCiegzdJmIqmTb9PQY7Qnu7RCq9Ybrv
Hio5dSkU892HaulKpsYBVsBkW6TdsjSp
UyHHfxpMX5jhbtTPp8u1mkf4QqCHZQgK
H69QQOLFp0PLJGS9gfpyAGi4zmgAoNDJ
gUdpjs2MACrs7HaUC3KzYz3jNq9kO3R9
7GHFIiwfMLXpVOaLUTTbJSZxillUT16b
NGd2xzWNKivY7YCy5SYJtrh64aQNOlc4
eLsOJmxG0IM8IxsPpJn7Y5VL4Mg5GhD3
JBEx9hcIGgtY8ACmi9VCYf2sOLd9KRCb
xo7BhNx1CYy0qPGvQI2gjtsKKjTSyhg8
jZmnA5BbBl7Ql1h8NK5XPJfu16vOZJ5a
k5enGwWyC9QTMx3z6HYCAbzwxR7TBOzd
KdwLde6UQVbfFGd4xMWw2YIhvKVUxYVg
db8swk47hLNDlLAol6xn7jwqIMT0YIDj
FCLXAdfuvolVrEAjSRzHFiLYK3zZo3tp
InUt4QXCHnXYkzE59XdkWAPnUZIJzExf
vAPNb2j6LmSWYikujyc9glcVHrz3xP1n
BQ8xBFUQ8SlNZO9ceOr5eczHqhbOPWXa
sulvm1nvw6iGjgsTnB6PsyHBwuVeJ1Th
kKlx3z1Jdf5sr3FqqMjCyt4eL3TLUqSM
v0AoztexHaJYbQdkRSG2m0QSzywkzt93
xczMTXWDsVY2aQfUsqxWLdRAkpjDP8wQ
cnPvoIrVWATAcANoQqDoI6fSGAKd7qJn
ZgFoam9ROpMpCxd7ndYI8sbBfW5YnXYg
CmXrqyiv3aKKTemWGhvRJys4sIOiz10F
0O7Djz8XUv5yXyUcan5ivXFz11M761tY
LjGjh9Xsbxrp9agby0kjnSxx2Nez41FH
Kr6MIZvQvJUJw3Zj1r0uV4RhvTUp6IO7
vY29P1PCFXUXXRtX7Gr0tJMJhaEnXS7m
JsIHP6jcKvXBahmBZDJkw1wPFLUEhVyz
I8UHwshema8xKMjC4ut0l33kK3ablqCg
CkfZuOgTWufQEItMaTtTgnbbnfVlIS9b
KECbiTwBVSnBExd8fz9uuU0DGQo3LuLz
UKBIYo1pNAFtqFDb5UNrx39jvAZQJJGR
c7opKav7MpJ3ycBcfG0FxqhX36gchebu
bReW9qoPI8bQXcbnLuroPDB4KteUyVxE
8PSteCmNd4gHDfI2c3yiIJxuNSfZ90FK
PYSt5pFocNYL6QOBg5llOsa8WHMvFmHx
Hdt171uouEFtJ7TsTHySG63Xv2zrNCbl
ZkS3wmHgfDnk8l9LNpdt7tqavaYU1NBb
8GMJIYR4aJm6PMRmyhuXjamD6lORfnGQ
WQA4oKRLHobP1OiD6bprzv6xd286Irvm
OT5LOcdBzzHJYotpUma0sbh4iHMtolJD
0nTkyTBFRemFPuUiQE6cHsnVnWBzNkL3
Tfa8CcLlUGGajtq2cafLTPLIntxS2RtM
Kqd3xkPqMyhJi7M0XKURVIP0sFXFsn4E
xnMVgZdQgrAuHwh0vFch9m5Lwok5f3bx
mS7avZyO48vZwrTM2aFeX8lvKcS78OPT
he3IqDzzjLWCZgggxhN7XGCQUyq0cGfa
GitpOiU74baev5WJ5Y6Shcwom8HNiLgq
Hshbq4hzC1FS3QWivdyCkIlMyhpqSqX5
j3KUT57gsSgplq6kbQg4nyNlbbOFOV9H
ZD3zG7qrZMs5ifN7TY5qIf25EyWXPjlG
ihDIHuFlBvWUuESGnpiEtHRkkyEU2DJ5
s0GqFW9XN87ONsJ1MYhniZYQLtwAOJmT
N9BnCSrYxQ9Oei1bUnfvjSOTPIMlFPjW
Cw9CHziDExwqOqDQiMP1JE2OsuwJPGlH
n5LrDVFe7jmt1xLuLMlmoyySN9gcOmBv
4WmWMefXFAevV11VDxActqFd2QC1t6CC
dIMqxeNnfjHGxII6cEYMjxgwpuKGhjTk
tgtS3LKowJELlX4zhI2vv1PDRxxBMyxq
FQmwsec3bOyQpc0pc0go0uL64rPZv27X
sqLEmKwPV7XwM8BlGXgBZQcc6pcBJos4
stya4Zw8W4kr1WoKVbDdJbW1fRkXMNbM
LWyz1UXd1xhdAs7tXgUn9rL5UNiX7RvK
8WDsxuyZ0sRxPvxdOvDQggSncWbDDrEJ
7pbG1DY0w14K0ayswk7xmeR3gC3QQm7O
y1KfpZiEHq35jLhaqLmiklhY3KBc1QYC
9bL8EqGCaxwOwdyV9Ypf86EiXhBrx1xT
5nZlaFAMhMsjbDaejqxWxnc8EXMgKN6W
35UYUQGTAicXJGIVLkX4eWgKEZ55ZUN8
Be3vtzPpxBrLWq6XE5UnTLyXSbzCAYa3
gqUZcjBGRaxlwn4Kzor61SHJ2MmoKGt0
6S1L3dtaf1naHq8sSf6P1zqngpv9Ooi3
csIE5GSyhQY31V37twj1I4CDrRexXcUI
mrAHzbc6ZQtFcfMuPmVAxrsvoKxYSV5V
6S19PCpmL9gb21F7tBig13qKZCDt2E2A
cDnUH78vPpnkOrhQJsPTeyDpsnfqfdNa
qHTlhMiEyGLCoHEzk3T9gO2lwzJ9Un45
UtSHgnk06tZLOX8sKPwLaxtySNoEn5el
6a9dsc29MEoh5SCYieuh4x6Qic4Qs6mD
QNcNutqMarOY6m1oFykqiPJTT9OSgG3p
lcX43nAPQMzX7E1ROhgXWLoTBS0UPOz9
Qy5PbODuY2ErihZSVyumipKVgymlyAMh
xP5kIloIiDHq6NQFBnvunWAz9I9cX8Iy
mytzv0uXINGz4apDvYUQhG6EaQeKo8jD
HCcX8Uta16gAEhqwK8YQuYaOAN5rTqQ7
ZSSHZEFoNsIGzEbojMdwKWJ2hBVBjcIn
Y8TGuvW7X0mBx0BvF3a1AXXheWGSszET
jIq2wWIMD4GwHxU89zCSY5B3VfMiCc5T
SGco2kmUaxsBHah63qOQk2IQXDcjrFdB
ptISrJzT7TYcwFZLl6GLurnCQcuC23OP
VodDDznEYrlgFIaCSMF83dnuFykJU00G
zYnMgE5fCHUwzQljr37LfoWi1PfeQray
YkrwvpRoSjesKynSlJVRfVjYoXRDyFYa
C6Op3cUSh8OzXYhjQBaZr7gzDKceSuAB
n3SiuRkeHYty6zIWLAfqcQjRMxmGFI5H
V6t4DPunQt4nltF3cfe3ExDigWEUOB4W
UGd1p3pryjdyAR5InyDH7t2w0P0XCtNK
qgDWf4gWQQzgpSlLAPOqfs2tqdp6Zm3q
dKfpvPaGq4WVj4R3Fr4cf2iphRWqYVzh
WtRj0aXPGnCnfYUHkcsv8J4BshSpQJTT
e4qkQ1QSmE6Gkob7fdAtjLE1L7mIqb5x
sIeLiOJYxGRFRayGrJSnlgckGmwU6KuU
lKfRBXproV1HHIeR8pxydn1hRWgUeGf0
V1EfcQuJ3VcVWs3JYIHmeMB0F7LpzbTP
g8nyiirNakvaJ0aqOIoYlmKM5uWnRrYA
CXy4YTDuxqBYekWmA1K56jH5MN3JFNOB
ASkte9GJIbTUnbjM21T02oIbQpNiBcRW
6IESIy0wgyKCmrEETAJeIj1Yk01bvLhR
Z7dDEQLXh3AJFSbQK3NrX05LpI58hkNO
umGXqV0YfwUH6UN2XenwNxaz6VSSBayf
bq39c1fYEcy3nXIyv8Jbm8Jox7KprFQ5
1uzTiwCdadkmRCk6U8xDpbYdvJZInDAu
gtJirAaXm9JxTAxVJtoV4PRZ2h7Qtsxg
txhSLdejF8Jw41sIcCA5eouV5m2s4ZQk
jrZrceaY4ITNZBdvj0AJUQVe707cEZmH
DqXpqY1cqIzvg4nSmY6gqrWdbxv9N8kf
RVllUKET0G91EKB7hlgS9Y3CTarxHIqK
ywn14vRVfzfMtrgFio0zy0MW2Lrgi7jQ
ZUgAi6zpCdBYf3iwN5qc5Fxq8m5kG9XO
Hnm4GhuTgELrsVhK5vZIbG9aqWZnTsOk
t0BzFLh2aLW4lOxsLAsa9o1s88K14dzn
TH4n3FUQ6iL7BnoRIx8CP2Ja70GaqMEd
oeahl6DjZMFizoCE3CVrDuhzrw9FWBPe
t8bi8CpWHxklG4701lnFokiDdMTb38PJ
ER0kaxwYHl4baSAwEQVROpbde3BP4lbA
wOANgKLi7pwH8ACHKLqFmYX58r3YxqHp
aAkZH2G7iptpU3Z5jzRQOKRmAiT2FOYy
t0aP04fZT0gcSa28VCx9ZF9r3UB7sOho
BXZxW4OpmeVdYWfsUcwEG7eYBMsAdNFS
xxqz0veNHLzyZwl0pk3yI2MLH3VNpUNu
vDBGte4B3HtiGLRBomH5sxcrD0pW422V
gqJnhi9zrmOEhb8sw3woNPBGZCP13vvQ
WXMUtr9uPvKOxurx8sJyEYGpIgZi7LOo
KQLL2oyiDDyAH8AHfxzNfV8M9ewdWerm
4IBJQC9lTQI5p9XlZUmCX3DLGCnwqYDZ
VyQqLbZsK2bCMRJnUJQiz7udJgrDzmHM
JYLrQ9ePd3IDlCTKFziKLzytwsg6d4ev
3XGxiOE5RvmteVThJ8zAzbnkdwDy361l
9Y7yedRremH7dc7NlMOLYmPPI4stNKDt
FZlTQmo5o4nNqLkm8yB1jbZds6tufi5r
gsHtahMW3w8MNYvTqTmphcXl7GECX7pw
nVoiFP5a1AsatyT5vFXlcTDksfjM7314
39o2jXjMcuKdV8XTWmdEzMFYvSAkG7uV
1BPvgcApUEiQelcSCb1dbgiXhqeqP3UZ
wsVqDKr2IxfXsNwQGfizQNS5xEJa8Gat
98O55wzflKd4gEUTpaw9MwJDGPbyGb7L
nYJAS378F7a76o8TyqKp2IrX7D4jAn49
gLv5SVKyop37gHlzaov0Raqf8BL1A8Cm
RCj3IArR1XPFloD2PV4UqKbsh6wOn0Lp
apJIoCIjEyQqAkLzLGFZBksUTb0p7JhM
JLRKZAeNYO02lWILRgY7vLWGX7eH0mwA
xV5KUPsX9DIN9khXZo28Mp9Py3harOjW
PQopyAHYt2Ca0uP4hmza67InypQkubna
EqP7AuGxW8gzgJsMoD8eIn9dvHsBw1kY
Vrng1yHlp6cLSQr5BU6104i6uwc71AAw
TSmAlco1sFPtDNaG2tXEPAOm6za8lTSF
QGMZbLc7AffJfNWKND7nAbif2f9Ll8ek
HmjUB55JpLCFzs0s0YPInDxmskpaSIkG
bumdKXOZ2KjvimtLF6D5tRy8ViQkOT7X
G4MOsUBmHjfXmIuKaxMCWGcLDD5vLd90
PNZ2vfCIIz9asMLVOXjrV1iKraIYejJA
lmDZlOiStBaAGUD8PopUpVUX7RN3c66c
JpOOS715k0wAx2XreBbfZbhid5EpqzSI
TpeuDgiRVqopb2x5kPMe4EiB5eJeKoKH
qSwjcNvin5XJ4z8HTxun3som1r5OWb12
r6ImOSBy0cEE0W2NSgAlJhUNiXKaYCZG
RVf232fPi4LbPcac240C6nhRGh7r4vqf
kEwBMDdX0t5WaO7GxHO1tcCTh8PJTh6G
C873OCqMhDC22zxZEMqlTDCTnheZaOUz
aivaGXODbtyIs1AS2Bmu2vGdTFkbajXR
yHon7cqCRQIv9sLBs0H7WfSlN0HipNnh
YZwfQkmqGZ3C8zjFcgGwIOOj0cXTOEDW
fgN3x2tuv1Lg8QF1idCF2SHBgdlSPwnk
4uRmWeUAh3LQg3wtOtUlJOaG328eB8LY
pQcs1n4jTpj83Ocn1MeMJNqxU2eLcEh0
oFitpUkDProFl6tA3QU40OJqZte4RyV1
F3G6tcISlhx0OydqHka5o4GyTtFllVU2
M32PfzdiozBAo23wwDBftnqmC7LBfclY
9xX1L2WWlGHpLPvE9Y1gyUlnnvoAkG9z
xsL1G6P1SZw7ukTBYPIlLsvH1FZUNTVZ
2R39eJy0g6eK8SeP37I2kjCEjOplR3Qf
H0bbHk1fjlbDdYOR3sVCS2RqZZmqOTke
mWhQtgFX3BUYdLwjDL5ZAgY462363zie
E8rO0VIC5xYrRaQaw9Rdya6DGid3FDIg
LzG0iZjN2jLOff9zKFx7JahP9BdIvwev
L3DtuvC4GztL35gfCgk6gGQZqvJNmJmj
uHyubBViYCLXWTFCHyaRHglqzZ0zHVwv
devA0EtQtzPnqWT8QckGWslWjSPK0wch
LO67s1Mm2SArz7ucvaUg4lMHyckaRm4O
IsW28NUxrgi99DG0htGBKYZXhBgFhPWR
Xoit1KmwR2T6IXAiJx9E8zYyK6BtYBlr
IuPaEIXxF0VpEikWGAX3SsM7SJPFllgv
CGin5mtlMB2x6iLERnmsmd8QsP53wtrL
iypAjmWlIEDEYvhuJG23QtOg9EUiY4f4
bD1gql7CVT1W05dGRLhZStZPid8RBRsN
KYbpLY414Ro8E8tmvH2gxTTM7UkpOxxs
QooDcwhbKv0KW5GdquxVwjt4hJowHHA6
zC6CvyePnb2cpxsNX9WQL9ENd6mXeBuu
wrBAsGo4ymTx45iAPh8GQvqn4iEVDz3H
jZhEvTKgde9EDvS6M7VFIMn0WyxMirSr
IavjWcIiFQAZbTEpZ4Qci66WvDQwLCYy
PUc8n1OvlEN62chjMAStdyOPJIivUQKN
5cTj1PgAwK1xFXSACa3P8vpmpPSuIBaw
Cu2C5I9UOI0lsvMre9NZ4GCNKhuuMQKc
1dcaJXEF4XcYvzKnkKd6rUgEwC8c6RKk
qi75MIb7FUTGJDuyflA54RPta8FQ7FW6
KMAIDkBV7dTlC74FnjrvmZF8Ayc0OLoH
FRlLgVbfR4Evh51x7ryMZDw35WAxx52V
Cnan7xjALAkz1gLYASpC7WeTe54NsMNT
AjkleBCuEib7Ozhm5A6zJwLBLUJ7jV5L
ksgE5XbfSFnrxUSVVFTaOhkWNadm3Dxl
di2F9pCGSxEhVoju0MhJK4axCJMiWHJT
Uk4lwhJNP7cVvAkXU0ONqCqXoF1gBDr5
WcTgBb8rnyvqxI4fUEIFW1LDzl9PNnZT
MfLa88HUgzVp32PD3oJTYGvpNlcEahGj
xwY0h5FVsKI3noALlRwXtDJz4bHVDE0K
10cXlacsuLvsW42u81IzV8xxuSeMifdc
CzmH4fuNhyHN34jIhpm0bdX6XWfmLNuv
ISd4V3gbzsuq6A7wGwcjzbNbdMAVM07E
6iyZdBOyvacACevkEbSglYTRwxBCk12c
STdLtxk71QaQuOYpPMnAKKk9mogQN7nB
ccur0fXJWYbYRyO7XkYC66PFfsAGLXv5
mGvDJfUqtWSIiT2tHyvvAT7OdhuMVxsq
JFZdmX9BT6h6Qs87k4mrwzGPXIDvbKNV
eZn8RrHpapR1GGTLWjxcFhNuwZumcVdp
CBLYYMaK8S0Mnc9rOkkEyCOlrw1eEZE8
7ZtjfISQUXQCmoAMeuptHmSNor2Oss9M
171CpMdPUFlU96D6ojhOIh1RttztyC3K
S24SHtDko0OEcllS0ZhAvN6lLDaiVrdE
QuwOyeJQjcTOGZObQeAOa50ABPDmBrmo
0nnt6ZUhnkH47OMXVLqheEp37wRg4gnK
62CPZ4aMVH2Pa1GuPhIDxzRvuvuTaFJ5
S5SyNkWcfou8sMpeHM97jPgkjJTbb0Hp
KFjtE3mul1XK4FZ0GYKsyl5XIZwwWn5R
tCz7XvP60L3DADbeDEnATEFP01HSvncM
kXCWqZO9X09WgOKmaAttZi2CdDX9mOsM
FZJ9yjgrwoToGvWBIDpxZlp155FWsuUs
CKnCdPCBKtsJRNVSfzeaY3hekiHL1d6l
d33mjJFbHWfJZTfRwA2HreuZZ2tm7ybv
yFN34b2v9sZmgodxRNCCKWxPV8IHK9B3
SrOhxrSgL6duueDm049jxxrDGH2v3anN
wiYgbpWB5KQCYh2KpkHarxRd9P8UkQ4X
pvFMwOMpcVHjFVWs8b6hcyInzMmEJup4
XUbVG5hWJcJF98wN3goglM5TOiz3HHgH
eDP6CB9W9uMt07bi9xARNJ1HhpvzQ80v
0g7LBM22gcLeJxEDUbEhNYEQMPpQfDzu
BwT8kq6STL7D5flk3Ii698Brud5irKdW
ASawTzmCjJYRjv51KXgWGeyZihQTnFxh
KVXSr3XR0gn2MADg8fpCi0s4JuppkU3X
Ro0L9BRSRo0bgUzbqnEpwhzRnBKPcypj
KyzTBNUrbC5EQbQ1B6W7ToDXZL78vfVI
NOqOdKZtrGK3PHiU7xqYKX33BKNVZe9D
pbAAr90HAvnHaNtyYH0FWY6XhUmTRHYJ
tEQNAhr1GPkIquIrspRACutZrPjdYAtw
g6R8XDx5qiJMAZupDB229gVYLx1Vallv
q5cUQmEYbboxBWfdQd1z8QsavROWC0y7
r2d0v0SbWSOdY98PFrF7SPk4rIh0STjj
rpj5ar3YPyms96xsjhdKAbxZj06fKnxT
SuMXXP5FuDqHVqW3lDq55lpaDOgcMh09
goBUx6eqHLryG2kQXaDXe4IXHBmxBaLb
YS84r1JPDtxjYiRR4LGN5LoM9MbjOZdW
cge5LrJblU8MyF9KhDoLIwRuT09IGcJx
1PJiLItKEm4ytxXpn82Uw4MMtwPFV1T5
xBoPOtbkYUNNlZ6gt45HZ4RHCq3bZjVi
9uFySwoo6dCiY0wuIFzz7zWEDnDv8Xho
TrjjAQIubx1FWZ90eOeZMWi5FH9zFIO4
CE8soZ4ZkGvxcLIG2QLXBVa3mfc8T61g
koz3A6kh3nWMsqtIsoVVG9YPyrclYxLd
3Lzg60r1kV4S7AFMar9tdtVkk2JSpGUc
iWnIQD2hIeOaN7qem2LQHgnXtDRBPU1K
g7w7BgX7Ubddx25I8ykC6N1H3CYL4dCW
plfZa4TrM3LM9VGQL6ck7QILDj8eTRC3
XyaVQrJkEi1RaRyA7RklRjnkDgWH98wg
B9MisXVY2MSNBLCCQpLg4SlYpQk6HIhR
JOrfLetpvWgaQkiKaRWH9QhfBEVHyOXI
uBZuqJfKYmwGuMEAxyBDVsKPSCYpDvlT
5yc4qUNsVAftKNWuApokAvYoFOmm1tA3
aKtV5eWuGy5E9FC554gvPR4rRui2gXCk
9KPkN523V0b8WRc7iBooLWMvcmRJHTnq
Uk0ilzo0Bi5rEdt3ELEGR4rC6gy4WaW3
ADxdI5Mi02F0eDFLD7TFJGE5OuyCDEZU
IIonVvPrby0jRxDfux7vgGOHsVtiUSQE
2uxC7QdwtME6zHdvpqUQRoPhzWutY49m
g9bQ8WNfazjOQYDKyfY3fS1lk76kZsQr
kfXCtDO6M7ptyIfsRnCSe6V0vk8YOtN8
Vsnw6RaBzcjIfyfdXjWBgLOeh64NHlFW
anKQ5gMD5OEALznBwu9KS8MUKnT18Q6d
BeFrVVkFO7PEnI6GjpmDPHsF8CqnvUm5
7Ekk9zw7IXfuI17cq2jW6LaZVvHhx3VB
EJOzF9zQY8OFos4iBB3PCgcvXNkgOUch
N3jB9wFHZlFtjhHq47Md0190pm5nQO0w
l0nLLUtYcw1ZWfRnFYhxmLXcSQSBVAyb
IppXywEdJoMAfVeGGjmW3jkcn8FSNddS
ZsQid78srsIuIbis4NHYEmgh2hhacdvp
w9m709fWC17kevsCdHluz0Qib2saz9Au
WEbrpG0DV6E5NynR9GQI6adwf86UIumT
zogVj45z9dBjX8GteuJq0AWtm882h4Rf
fGA74tAog3cXZP7Gw3rYyyePTiXFH1QM
4ADFohK0YHG24vGSkJw4SlEGiZlKxpes
2aXLjJoLNM6pDOYxmsOekcwRCAJfUHGp
2KI8unyVSA8xUUSEq71n8yzCgvXMPXGY
aYEqPWHW8rf38sht70NPrGaaHPiQ9fqf
5NtaxAPSTnO1D1q2Xr5fSc03LInFutrr
rTdE77zBXBBCrGzS9PCEYcYl5WHXtzdL
jdDrXutx4u0dgCFM5XFFHr4tChX8Gfx9
yUeZEgW7UuZCrirBYKWB3jh2DudjSnOP
lllahO6lheinmBIjxbWsos4Cv6dXZYR8
QAvxajwneuhz7DRjAFGi1bnrWjVM2J5o
CNGbj1pVYGMYTjH3n0MoUB1vNMzOYG2d
Q80b2UK4SDhAPdxg8De0qHYm65pCB1br
XAoFyWEtKJrs6smTGknaUwhl2zZ8nLHg
xVmcUGzoDzNFrnWvt9RxH1dJfXL6jvaK
ug8cBl2ucNddKbQeS1JqPrtZgEAJoWzS
pyBB1KpbOx6QCW7bVta2ajU0bQP5qboE
0cJmzfOniVriYUdep2l6RCFlCVARoI6s
dePLU3afp0nO8Gurkhpxormzg4W5dvsJ
dnokBeeNN9vKk8YsCtQeXr24lCRb41fq
iRuF2kDWOXAvcrZJVq04aHGC1S8LrEB8
5D9VdNGew2iU6AmUwNvBFzrOBuZWXENp
mtvjD0NY6xzMiJn4MtQ6fnCpIcXZMIHT
21RrM2E82a47JHqhPb881liumz7QvioW
z6u4XW9g0jjctW2mvzQU8UXtV1PCCQHP
Tal9jeTahz8MnUgqJJbSYPuOS3wK8Usx
1KEcO35btovT7z5Vbk1yTWtwR4RtfAYH
JdEpLJyrOH9MRT8nYD7NZdzLMteU0n03
ygR5PN7QrKl74FtrK4Tw0yPOAE6Z64V7
LMKWsSuC8YOktPujVV1y538ZHt9M2Cqu
4fC2cCLt6tlFryV3FWPIQ6lVf2IqpJ1F
Z0wP62fvgdKoRXcCT2CMMxerlVtopQIt
mugKwuxXxuOCYV9WZkzcDPimMEX7olpy
r0bm161k2LAOmwJAVDgzEwqOCw2Qx14W
9KLQXsLEqnPpBJsBQtVWEPaicvHHf0sU
7kezrDqURzqfUl14DJxgHEINX2JSS23H
AKUTf5Fco0hZbJLPtaDRDZbkKS87RMFM
71HPzJtwkmtEhIfj8JTpZ6O8isisB7NS
u1zdga5KbZJVtplwz4oUZsL65HAmwoNi
LmFRTnqvINWMmdo2A2vfGqs9oO7lqyMU
6aUGNH1jAdYVetykF2ceYOZO1Vwyyd01
tQfRE99DmA9O6UktSLwpcYI7SqODhJE3
jmQuYHaLKo69UL1VwS5DIW7TpKxFnyrl
7eiaLVeTXsKKB4B7gUYOHvoceD7Utbyy
aseJv5x4Y6YQO9KU9WXngKRvyzwzbydP
CbHz3sWAHCFyapmL3N9zKQQ0lgfxRoqf
G4dbca9v6cyoRjnnkwFi509zngHZN4h5
1Gu948NAaiZHzx1gjpuYcVFYiqX9kYEE
qcEWAZJhXn26YxnErrPytakYvqPugHmq
ifcYtmiHn6gA4FAQAOTn26OPhGADPqrs
xY3SnDMdDVPN73ty8Whh7aEyAqAZZoQf
RtJr837oc8kKmkpPRriMdfPfILPUIJ31
cV0luu8EjJS5WkaW797zuVDxHvD13Z09
IQ6IRyf4ul5klLxlfip66JPXRkKt9HXL
cdr0vbGymDP8WsFgRWcTGwYP3QkhUeXt
oJq93BRJkyJwFmq3RdCH3HUzDH7SzkZS
3U9gTAyg0fZ8o0aaQrdSX44mUV1qCsEK
qRZ6kTGjblAZ5jWpBLKnfdLZSTKqd4oX
RfYee2F24QYf4dUjLTwbOGb9Bj5cYLzp
pI80oHusVZjOmZfo1jxrZ2L3g1vDXrTp
5NYMNOHjITW0ecQJoICmt5sXEv752YdC
TqvwuvSXvnxbiyRLMkXroN7mQA57w6b5
g9J0DoJCTjbXdEajlQ4EHSq97qWBQdjP
0tYv3J9kNejK4XnsMoHKSppoXXuvwt2g
WKEdynIK1DtqLoVHDNp9BGCRuytINU6y
MB5YOnZYKTSTE24KonL3qnlgB72BxfkA
yYJtqgsoU2vvMwuIrtuVRK8dEHapZa3g
odgudoYITcs4VhiCsYyJenD9CNtHs31a
xxqwRiVlV4Y0zBnR7hE0Vt4BAXzcMmk0
Q7qhOWHPeQHFzEote3cL6YzHUSux8nvl
35wE7WzVYgkLq0KMHHlhJ4z4qLriVmCA
yglQJD1cJW6i2lK2TpcPldN3kN73VNKf
11Z9xilQFHRvw6tAdGwHtTiwWz3TCBU5
RpGjVEnhpki0nVbCUrbTXqIWTCQPtb8Y
ajXTFLSWJqvj9LrcKfx6o0Bbhcm5f0EY
9HNKwe0D9MTosguu9284pgmELqngt1hz
JHvbys8Ox8tc6n1zNrjAWnEEo2Cv0Q6C
3mKg459Wu3oolbd85EEg6ZSXhOozA9f9
wzAQyFu4sKQ8jN8EtBXl41hxFDkBC869
jghWJhkayl4iMe6M7ehAspLUTmN7IRMo
UAY1gDBaoYrjfmZEuLzG4WAi0M6kRTMH
2m4wsNbCpuLMq4kO2IYKPvKQp4oWet48
MNgv5VYuxv2hLXcvqfsEwGfPA5VTnB5y
yCEg8r5UKcCBj4y31R84NUBdMl5FZMVI
vo7DODrQ5WByK3qWSXCOV8nTIwTVTXAk
4YthRx9zFici6pLm09dfxXBaQr47VRG4
H8ExW0L9nCJAoQDQE2A3zZb9VPM00Jif
FJvt3zkPbyVjEsw0tka5oWjsaTZadkmC
xTIrdeC6ZNCk1IW3NxtsQC69Up6GYLGa
A5Y7ZffxFUqna8aZtHHdc6fbcWFku2Q3
h3s6cqAW7Ut1y1mPmUM706LFsYL62FWi
V53ooiD3k7ihsdYRyvsP6cI4IVWpolqD
eHfFyfFCJ6K9BH3T0FfmBJ5ZiUi3bdoh
7eh93ZzEzG9SgvNZDvQtVHY2olYZFg6H
71B2df5vcr03pxK9bDmNA9dLgoPtJzFi
ANleUdX2c7cCDLVD9kLrELXCHYUPpXP3
NxsxZ9XN3UiVCXvThJIhuHDt6ROIgu5O
MFCxd8sIZM80045m35zYWGtM8JU7tfk7
Y58UgubsWEzQSMtXUJ8xPvt1ChdPs7ro
raf2WIP0DLIfa8DFZsU69gxXuflkbCsp
HOt6Ds3RhUGCj32wdksA3PFKOeKiX8Rz
NhCz4gL90ZAh6GU8QdtJRyINi5LTfaZ3
7qh0CKUSBeQNzZ9xtk0FUkMpUJWQjD3I
07RhFJgCMyg6IeJxQzW2Vhq3jLB53pzP
KkZeNsHnTUdLCxOY1YNzRnSG4Mi4a2ll
nF9jCoWCQ6sxQcpmpK2EI2EuDFrc7tDz
MLSHPv30GrxXDrWUcp078Vr5GLXR8QoV
kxAJWsLNp1WA3legVuYesHq5ogRu3AOb
1izULYnxEY31WJJQMg5qxdND9sIlYSpD
2EANz6dagqpSjnTd1Nzund9DEMGDgcKt
RuYOWz4kyrtvyGetTTyvfFNxu9j80Xqw
RDuSEKK8hLNGAF7BBiLFpF4z8feLVKdJ
5ZBabsgfmnNQbxpFdARGLOt3vXXijEs8
gyrVv69oC6RGmmKna5wz4UzDFn4rGkLH
myJ8ZwvovLt9seBMiTQhrBcT5G0L5Vsb
dkn0XAAXAYrzFn4VtIgzmdhOZftY2HWE
4JiZ2row5bOZP7jFyJMbli7aBI6u9PPE
nOozMiQ158dtAVS2c8QUd0jeuQ0SidBt
nFZ9WHQSkMwxepHwdSlHfl9DHxJt2DHn
l2xLG4ReUvaqA1hSx1pyCV4KppxjKlIP
Q18BXbd4efbKiqICqcJyoVsaBfQvR4v6
R29uqSBYi2FXmSj6ELCRNJ79KOVKtO8S
RbeCl1o7bKEx6gqWqCOlN9FKhvY4hrKy
1chCEf8nVVaZwCd8AhP6NJNwZOfY716h
fLCzBCqoGUeU5KuYT2SZAovYbIFQr8zc
5gtsRkrj93EcJpWdKzuXzt6ApbL3l3As
UZOy5U7gcoJ4U5IdRHJZJtj88CRrIgkk
TjJenJ0UHQeAgyhUTtnZCeE0U0BlBwId
nBMTvvV4nGpvf6YmxOBwe9yWAj1KGI0f
JTRwiN7Uvc1UCGVqnmhSsTqLiy18OuCI
lpYSxstwtO4w5pAJ3xbIsOHbWV7Z6iEI
VW34I1BxHoCUBxljuALEMjNSpXgE0xEh
vFaMHH37kQMJKM0EqnAfCbs6fkTC4zi4
CRUfARpOZDlP7Ht48GDAxueSvhTxoZRp
Gs9GFJPfuiqQBmTzXUMsdDZ4FwGx7jjO
yJ6N4CiaxCcEhGGPZXAVFFUNuIZRfcN7
Z6h05fqw8R9F5D0CIDN9rfcM5w7EYeJT
qYIeZWUqp8qB4aBMl0zoxTXuz69KxIDE
8M5rj6UtIukfTlKuXUY6cj3RT4xDq6HY
lxwtxnMYTEe8Ng9waySIA8ZaBp7TzFab
kMD0R6LoVTtVNPneB4QSIt7gzGC6QONC
yxKwVLIpTMHwu1UomkDyc9mw5WaYM4Wl
Q6ZP2YAgjWaG3BbQOLYn0Imr614xBg9d
OUdiA6L980NwNt0uJ01YFEPRahZEM3em
QwEfNPmY9w7IqmVxJlXz6BXWANdw4nHy
8AIdosnJbmxofKJiXLCOi2fIHIscDeXl
3ZXdryErzV0mv4PPVaFQEFLP5NQHZz3M
7PVS4QwSGtHMlvtRiKcdi4I6ZahQL6m6
Gi7n5dEJAGUeZdSvzp8AWxOH47Xz1IaQ
la0XKJRsS749tvKDpggI1JvBTt6kqYNm
2lpJOleROEIharjgmEQSGpikmGpzR00u
CJLXuiV3UP88XCcv9oxKYqKWxc8oVtl5
3pkm1oxipZv5W9bMKLJKd4VKw3MSquP6
UIp2DsAF2zf5b4zSpn5NGQfMyPARehVe
i3KtbbURphqwK3AVUCtSE0FCAO1E9Mqw
lq494ieGAPU4rTDyOml5Uwe0eeGco1B7
97mwvyNgixESZMpagf4LJF6xf1uGVyc8
WwtmsC19ODQlERg8xu3RQeCgNDcjLYiL
qL6VHxAviJHZAwxf95dWcNvLMDTuCgUU
4zUL7dWL8T7M4joim0gHA2PSlM5Jb52K
vOdqLrCXh7hSv318bK9G7O70sUNV2zQ6
ajv6Z33pZ46HrbLYBiQlEciUC6o8nRbp
7Xu7OLsjm45N9i8HGRS8tTEsEsy3ECi6
8TBnZO8aNDNbP4w0LjQcrIDGe7pcAj0s
shRvdBP2TBDjJmHqEaYl0jR5p552TSCy
dn11SHBddRBVg3IF17NuoBA3Y8cBj4I1
BXA0FXVeyC3pcvjgq1Tl3LRccZmBZIhe
xvUwv0HcPNp81qOl6rr9sPN471LU0wSO
q5C35Po4OuV6nnDp0bTRKx5GLSBuMhs1
mF77efyHDpGYOe8PzhMQ1z5Xjana6QDo
GiBa2URg4sx6v5yqRhyadN8rilH06Af7
4cdePZXIJQNHkB7gqqQnUFbU5tWTMAia
aR17aSbWp1GU1AC8PP99XEXuoRoSaTo5
zZjmvpfg1EsJ6PXZiPwF4XDX33wecgDE
fhIF2Y7Rgh42E3WVKCbI30LqxZMcuqJ0
oZzdTJcqUCpXpyMvlXZJf3ayulx4BDtl
5c69zKMWBDrLqrh2YyZ3QwDur00SUIju
HmRtpEZV86LH9cQLlnlo3OTpaoqAruhp
KMG6KYyadVfX2pFsgVcnkpfe72F7aaVV
WwYh8mRcXmQxv5FTqeh3xuIisluScC8O
3n8vz8yMQUpxdzdldRBRdr7xMcgO25eo
hC4zaQW6KgeDgPq8KdphEjPjMJBpf6Pi
bzclTfaYQrsR48GRc4WRwaElW3vsdy0M
zuj7Y6bSF4ojlhv7PpnHykkQCqbGMU3r
RtpPgdJm9HHVlzkCAW9mpbUGFZt05cKO
71uywfNCB6dBLz5HlHS31nrlNQHl094x
uZAghwnXyETM2oJw6TMliPofAv6G17Zi
LvqgekMj6JdbsV9TFrY62inngJ0U6kiR
MacpzymKnR2afU6mzHjJZBXCC5Sq6J1R
SFMHcMFZU1AmLpmKPgmDMJXRXasBu2yz
RHIif6VOK3FzAeKpAUJe8dfmhgeXiZlg
6okrXXvh6NMfhd68a4axJzSVfxZP8bMK
wM98kotVlit9MBYtNgL8f8L7oC5oiX9x
awlbf6qRMp4KyQ56fNvdHtBaBKpNTNU7
MDKvVCnsqoBbJnG6kx3uKin4E5OFZwcj
dlKoj3kfifQJ7hrS3ysumMN4WqSb6TZw
O4HiWVA8zsW8gNoZPhnzsy2tBROTKJq7
7UonDSxGkzL1LcHcLbhCHwtsraG30vEZ
uuhCohtOFMpWoEAymea0vnkr9ae3Jvt4
pR4WQxvQ02q5ztUc590teA312ej9iHld
Zz1vSqvanCnyduvk4ovObGH1roiZO1ga
vDCJvigxzUyzxAkuWUg0C0y3lhzRU3Yo
yN1wWnZe6t77kbu4khrJb1Jwsybpvwet
TXT2O1a3WfmIvA8LlaWgafKIYkdh3Lxr
dFjFaPVsruECJb1JDvKn4Z33qnggQJKh
k1FSaAuNCz6EotnYm9dWWFKGsNfp4QUe
1O6J1JyW2thDcZTttoFnpi5MFvxBFm6v
Hqy4D46TVcs3te8thZxane1L9j4UZqbF
5jsl82kuvfjkbeSKkLPSkhMSyieUIlK4
dUImcSqIddWpPZ9PKMWUuRksKCgEcNlM
qDWOaMvuHc3F5OTrO61Z4Zhfdjso37uP
X4UJwv9bQKcsesIgC0MQ0DLNscwK0Sax
E0iyRwVEpN0bsY1lCvGwsMTIz7za3lf4
ttxIlLWE2XOIGEhzhkMBSt3uQ5ETk3Qe
nueNwnUkErbzyM5ClUBhS75JJkievrMJ
e6ag12ENZFyJ3s3Aam5nL0wvXarg8fQW
2CFZj2sI4AeIllA1ko5UwfOR3W8MuLFi
GNpFN7Ow8eOTW8YGNtWkCSxdZonpTvaS
wkyiNU5hOMfNeQyEBOO2trCF8jVhGY7U
66bmIMboXbKY6iucYnw0ejOoUWKiAfb7
hh8PXLpQJMS7nib1ZiFKpLrJ5GP65jg4
H0b5JQtWL5iJypySjwJSj8kjxIKeCHih
DbTdy2oFuCNu9WC4Nac9t3bsFevx5Hfd
NoVji6qlEQH7Ti5c933RMf1SQEtle4Ag
CtdT7J2OG1KX7aIAsT6boEZTMg2cBE7L
gLX7Uo184nzsLMnKiBAuuR8FhhAIS1be
w2c1gsT1wUUxHnK7djp0wWkIHpXWGqVC
5cTE7Wi7aVp0Sl6CbhxDVPbiOfP43zEP
KifWi6uDusoR1rf8EWBW5Nx26ESqVpqD
8zokOWq04aKJU9gAVnNflTukszOlIRb4
gi8FPScEL1SkHJXEM6T2m9saCWlvhMIy
lp4U1SHdx0ILuyu9pEBpDFtwV1E7AI4G
hKyLgSF7E4dJizMqgJyVvxRBoBmpVKZg
IPiL89fbZJhAOec0M4FZFrL6ClR5sDYt
PTTpR5UPi0JqZZ92IPZIzjgCh4qPfIuX
GyTVO2nKcU2jO7MSltvNHahBEHIWAhJg
C3mjxLTFT9w55KfNoUBrShC5KXTbyMDa
rpAb8L0Qnr9liuI3T4GvYTmTP49BNP7p
OoLB9WVHAPeU0Qq3yvQ4hd2s2mqu0wD6
OdLdjD2QZ1BexgpJV9WxDvYL9puLADny
2eYT2xc52IoG8mk5y1QyRa6UPG71keva
UyyuQ96F6dBu57gSXS5MY144cIE5ZL09
viYOmDKj0fy0yUbzejq1K0pc4V9DpFdu
eI4Ma3o2nLSsXtFbfp3UgK8QCO9i60Jx
ilGkrfntuUoDbxywVRPwYzapCKAn6sRm
jGNtLOj4EmterN0SuOTCqOXymC4nQn6x
T7QW46Ipe53W3w0e6s2r39U72d8ahUhg
Err9mDdhiCLKd2eeMIrIqKt8U1BhHCjb
r0UWwxDUFZ2NUVGV2mpllZCjroHZGZr4
j72DkOx10UWBHI34cjBiulrYfkif0VrI
uHYbpIfvu9ICvshoMysQkiDmMd67doR6
H8wTfMDxLWfcy1vwQ0CyyrAzfckOLPS7
jPuMWd4mvzKzggjkB1Lbv1EqtuHXcxWb
JqjUJf9B8taPO4d4rW81v6MzQE8qYAkZ
pUWAYmgRACJY2BGvK8NyrzzW6yJ6glzT
ZVL46nrdZApdjXHzNRvy2O6HcQLIoo0s
fa3TcV6gIORIKutZCuxT4qG2qFjwvsDx
jnbTk0wBShY7QbTULcdX7vNj9w98d485
4UpDgLJZN1fec3h1ax77saghWLzm5jyH
W4iDlrOM2vOZb5ZBlBvP80ZFVzDFwgKU
VQuuxj3c6EdYSzOiCzxPwpi0I3RyGCMd
0I0pQ2JXrtPabXdGA860OOtfXJrHPgzx
iBVrXkOpeDPjf5HAcHBNZVNxs74G56ET
aOZ0lDW2IDR9a43v5KTIwZdSZR8sZZpg
B1Yto4VM6TpMvnDBlx649UsAORGboIEV
gKsaIqJlYmW62FD0x4p24EoAYmUbQOHN
YFc6uGAmeSNlBctF05ub365PftJw5N66
g7KTdNT8F6vCLJCjZpaeIxDJzdCNWZ5L
9v5CuOAykXR20SuAkRvlzADPq1NRRcHE
ca3ZvGRiEpaoGXB2eb4TZKPTaYLSFN2m
g7YLVdLK8SNmsQcw7dL3f888U0DUSdmS
0MEbDFk9VOB6x1zVDbZ0VqjNl04T08K8
SlpoRILOPTiMSqFI09sqcjaixPGrIsaL
N26jkUOF4ZJgLR9keODBGL0mDiGbSV0p
sQzQhVqvJ9Y4Xx0aMo360GADRIdax3Bl
R7GNhHNddRpUHs0K9Kg9EoQMGuOvvINs
1rXAGl6ydo9RNg9GNQwSIt2iK6tDjVZe
B2EjAppKoFaEPcw7ZiHuJeF6z4iOVfPH
0YQGMAY2eGh9nIEwy8Sq4i2zBrkdRSpn
d2faE4r2VznaMfdDcZKjy2hGVBXMH9Vb
H0OTOewgytFrlF6l2AsIZ3zfKcZHCrmV
0f4XianBqCLFRp0sJ5y1To5RmTbtPIB8
ycZdEczHurObozJw84dfemKPeDXPsxtn
8rqtRZbTPL5UvXyzdbjcSjgJTX9njX8H
kkOvHRyOJHlI8z1I8eg0Rj3fxbRbfOos
NeWe7YWEbAKvWsfc1FzvsOmmwvJwhLQB
JrQyjVT0NgiRg7w3Lfdz0roYkQp2SdtS
hPU5GsmnOjvseQQJgYBmnPIy1JhUYk8h
8tf2TX07oalzwiaDoQAVLKF2tIabeWi4
36voxotCR5jrVYgO3wqhbnVoAiw7KZVz
dlVT85YWTfa7D6ORJPzOJE4JJbpHzPDj
cuGpgXelfPc7SLUgG4EcUsl7Mgo6ozkp
pvxJGFSbK4EjRjPxMLDHN6ZOr00h9yfh
6sB9NlFEP0bPg8sm97kFVwklmA5JZYGN
L2tMLbQBGCS7Gf8m3pEmHb9DiOhsdseK
avYvqDWJ51BGjmxNIR2XOC7dHmyQi9xg
pbruovL64xClN07hXQwWIbXBmL2Va3at
g6i4rtkiZSOBGouRJoyrwWlGqjSIsZ6l
3KpLYCeWnmje0gwoOVODd18Hl1rejdBy
QvJiyBd3KhX1apLEeL3Bm9cFPf4HuYtu
mCy1We2UGUUHcMFlIebKlzrPFlAcl4p2
Upyj6t9BaOgkVHuTHXI3X15ySUnCDVc8
SLOVn3rc5qQOlUfHE3aZYDiqOyH7f1m2
kqqXsNqqo41kjIdCWTrQXXeEwIbIthNB
JjBmgJL5zxTUKZHXIAOdkOMiGMNy5iQP
qvEFkOovHRkM5ubjmbOQElO5Y0BF7CUx
HLBHGdKpT3W4VIVaysLh7YnzF3y3UplY
LN85pTsc7SXo9J6qNfR6EHGvSXu6N1cC
KcyHUdxMb1xT6ckWSAvgdnJHoqoqM79q
XL7UjvNgOc5va2x31gdrSmclL5ab8zac
w9nXMaDHauUnU10eIXfsgUMhIOKQWV0b
9pNQKQHCaVRkmVHqt0wpU0qdxrX3cgWr
y5cLxdjJKylqsMstd39FfvE2uuDcXVQS
CbAFGUmxdQUD28KNXuwAXfkzJCmwhNOS
tBQELSpDEm5oK9KS4p2OWvvyJwbhWcNC
q2GXmCXMHaDmv3vuZfZJCwjuvRFB3VU0
hFvXFRuvfx06xASofw9psBiplbAvqjYa
ExtXbxyHhX5PX9amhGrkHfreZP1Aa0fl
0NRU4WgeaYbKmLiNYKbtDRnYhYjEvcsY
W7a0bPI6iMI75TrRqbbEhJPsZeUSP4qx
VfMtwLCffhGqfJ4kGCEN8rSAcCfvwrlx
05LMUpyS2Sycy6vQax4lAPvogpyFoyQh
y05BFGmaPHsj4OVd4CQxEJ50hEXFOvCs
SvIBJrxkteIWNAvZcGrs2FYPzyqiSEMa
sjT0A8Npzopmsdwt1l8wDZCFGQnQQuuC
Qo7mJZnzFJ7rp48ybtAx6CFEGsKQB1zP
ZzDBc2pqTgZNo2VfOaT9fXftS4shXgUF
4abm4NsteZtFuK7KDYArllMq0JA5uGEf
qiWpvOWhUBqe7HeWSjRih8Ih1L7oecsk
OvBosrYjPJp5qTIvxNeelCHnKzIDvh6F
AJyNEoAQh1f1f9bvFMnm86DlZhMuqkUt
ClZ3NEhsJbKB64FPU4iETdJ9whyi9qwL
rgrDJOPYrIRrbcpmCajozGdfa2tpULvm
JbWSZAptKrNirVkpTnOKidtz0f5tUWps
EGzGf9TWlGap2hSpSexmuKp8ydUMwetV
B10N8mWvueycI4yTuG5krOgQe84LnhFW
ZmUeyX7RlcjcgPmNKWfsj8OQJGUoBUBJ
SmoHMu973Lm1sAByM1OF2iZnSyXLEL7m
D6mYxtqIlG8lPgtofso2RmcFEC9c37oU
ZbHE9D888NUvNJS7V7ldk7fSPBP0H7xD
cvT0DkqnhJk8vLjDFvjOzgPgL1L539IM
Z0j5U0keLC4lPmwugsdFYMIlLRzZb57Y
lzXwllLIj0wLdiIIIxPli8i5HSaCjuwH
87ZiwL9i5ShIzMOgrEYBXsVonWl5PJQi
tvjdSlaoJqtyqX3VWHZnFoV0FmNdxCW7
u9nsP1U9ndshdyKKqF2djkt4BnXU9Rby
YmI61a9b1FS2ZoqW7GVq8ltEJDoaIxv4
0euDhOztlXRks7vVUDLq4QbQ2cY8LhSz
BgGCmJdFN9mgtYnWTXCdItGVlCxpjPPQ
ClYbN5MkXY1FSIljPhGbvOBctaTUu6WR
o9g5HBbIvww5hKbtfyfQclHukqmfAPuZ
K6QhPFpg1WixLP9mzla6vu094Wgsl6BE
tkaoiBqQE0UQDg6DIET5FDnLW1BvfH63
mg7e6g00okjLoGFopf3RJkmrQ6keaymT
3fuI7kiNguV6WM0Q7J43nuamB99hBYCy
KSUbOZoQJMUDw2rSJ7PorQMkVG2Ifr3m
OG6GTC4F8HhsMiDDdVuTrTTrg6agk17k
fgufT1nuD3WeXoBopYmph5oC9c0WUuLA
zVtRNIKnLjE2Lq6aXd7PndqgUx0xSVfL
kDO5Bf5PzeyHQe7GbfJJsUlYrLn2zjMs
U3mPBCvIewrnottmaNWt9MdX3PrXPrrA
Jb8mzo3UTEbmq1JW5JIlFC80rTF3EBks
C6fysDgIMMhnnWjJ2BkDDk2f5ZXaajaU
EHPyqWnGTCujztiZVOzuTHxkTXFCO23g
8mg5h5FgQ6TmsPtij8NLyc2HWx5PlFME
tm1jiTfPOR0EYqFK2ruYBzN2r6iHkay8
UmqZ1RSdEmcKmVDVcwpB4Zr5wnPLH4hC
Jyr03NmdDYZAVSrnrcoYjRWMwUXHFARo
Esv99dLEPIIzQGgxMMu4J4BjI7bDH1VG
dT6iaQqwKgr7pCeSVSonjqHhTCvRM97H
336qZBn3M6vIzEDV64SWxcxV812AWovt
ZZ2ykJcyBIOgjLXHGVOqVQlvf4cVlYde
HFvySLVCxYOLEzNUiWcOp40nzsYxC5u7
7N5NEd9KJt2evZLc0D44ihEZSGNim7cG
WKaEYavOfnPapy25qXoakMjJ3JyopEVI
aP6YwxOV2VyNVs20YGmdo8o8QgsI1NOW
o7cbThDRiy5sNtQj5Tnj1u0rUHuIIJe3
FQI1YnXkmthfuYjbxpjjbbBrwWjephl9
3fSM4kvqBZFeGM76gbxxdhig9MAeN75x
H9DdzZ49DHvY8DrwiyO1xGQi82sx8Go3
UXXL4KhEICACTyCauXrNZCe4axanXvdx
ZPta6ntgOOmL5gPoKQIRuv7kFiJMOjpd
RXl1EGbgTorkltepdMm66FvDAqg6KFGQ
xxGQP9OT6KkhP8mmCuE8ItcJzSdGe53Z
0Sx0YpvIEzuZE1mvhsu0pa2DuvDwiuFx
11Rio4eM5Ttrgm6dlUFAO6D46d5aybiF
OHgmbormVN7N67amB3UFDsCuLjoWjQHU
PKwNMdGZI8nkc8FZbGdzLVSxR3WFeVFb
sI3cX67aIwuMKNCpogToqRJPMUvAflx4
x5FK4U0FwseJEJBf30rPYnc9Htro8hTH
AHQPYPOjWHPXt08jU3bA5qAoxtPkasOY
MRMEq7fNTLia4YoqFKgpZgqosQahsS4k
psVa1Ab293QwqkRJLBpMiBIn8Wqka8Dy
KcoGSTUd0qrVoiTSxP31A6OR0y9h5uK7
0DaFnoncAduHMvx3dyxlMU58DawTuu9B
a2xzKF6tWJ5FTF5XcrjONVdCWwKszfrp
M2PmYtfOVGZIDuoZmAJV8BIWpw8nxKe0
wROSnhHkYiXShSlVIiFppGDZftic3Qde
aenqPRQ4ezAvMcV1gUL8S86cCgVTVx69
Dagzx5cJnPK17aUxQ5cMrRA4ESIEf733
dZ7sATZsWnCeXu37zWofFQqzErzOESkx
K4RTOLP2Hhp71aByd2ioowAt3Uzd9w7m
PhaxuvYPYrJzxPs74YMFnvXIN1ExjbcF
bQmmCtA2TKgvGNglC0wn2PWV7eFOjZPH
CUfe9Cg8jMXWxaAx28enk7mYrK1ti8BS
eJDY4XWzuYQU6k1YQYgJKS2oPwYkX8gF
y7i92KJeekmoEyUDKD6688yv0rsJBSfI
pLzHZ95alu7bd0exckxCKMBQ5OvQ24oi
in5tKnLU7F7CZhGlLEuDh6r1Vi8rlE7l
GUEFMqjFBFBLWaNs7J575aHZKGr4GKYh
yTcPHA6oC9wZ3DAku71XJvEREOSbHojb
vfVP6bWw68UPL1usZwsIibi5g7oYlMeU
6TNcpdG43XAvDwicPKAELaGwVPYcBAGk
zuKxvXFYvKYWn87oiVEnJ8FO53RLc61V
XhDjZvHeafFTJmgskpWrSAxyvse77nID
wQi9GXydHZ9mt5GGbqPFRgS09ZaLAgj5
Xbw43Agy8m6N6X0OVzqBHibkpwHnHRvO
7HMX1kuFDPq2zW38ZLqoUHOdhIcO2axJ
h7Se46V4cpMezDbFzTqdRbY7LHki44gC
9dKxwHfzOaoPT63hkya1OuesGbtDanJg
G5iocEwu8p0eBNLDkft5zEgNvqZWy03H
xobqg93gRQeOwOpdIbnNOED89nf0HDW0
hrC8CxTJqC8LWMOCMTMkAI7MtDFx9q4E
P9rbRqgbbNfPoZlfxb2EtXcn29LhZEr9
lBRUDUnTZ0M4cxVrBgEv8VBOCzZG3adz
akWy0W1aymULtABEP6TgtjyNIEXay1FL
Ar5dL65OiaFxZdEqiMC1ygICQik2W4Z4
jKHAIyAIlMbhSnflBhWGwujfswnoRO44
pLQ9zpgBjG8NtdbT91sYF93lMsWeyg1R
ppPCQRCeybDhOPCvKRWLUswQPR7QsnjG
x78b3sD7SBvC4JDR2ol8TAYVC4d4xHeD
Ar0bxcQv2yzdX7WQHBWxfFYVEADLKUvA
lDd84CMnkaDOaIABJRoYHxmF7KhUyrJg
kT1flTZwK9P2oV6zoeKD5Od1YjXqODci
mve2n64UZFcyXIsGHGBbxX7ycYtK8gCF
zpBZMFMqy1vCIMvbawSXubW40MXcASdZ
fQK2fnpC4mavwRZO3TRdkQfQjYVwtgRZ
gTS35nQGi8jVYs1UazZsOh7mEpnt7fxE
VjDgPHFLx1eFdJttk1HfHtgRt6mJy9Jr
Ao9xeTY7yLvGDEha4srl87TsTtWHkcpE
X3Zsqg5tfwP5ef5QVMsWjM4updOf3bUI
DscVewFZwNGDNxzC5TXjzx6Odme73cDV
W3xnUGu7qgElgZuJCMWu5ZTOCqgMzo7X
DwChLhFOVX3eh49A1i4ATAbaQNwaKiPW
nzbKLlB9Qxi0Ozqw53yW5DoQdrEe5mVd
B9dmNUxKPg9GB9zlSoH0GhbGLW4Xh0Ho
jIm3u0bXNm9S3ciBf5l7UsBiDqaWHLh2
gPqejrh3VioTk2k6zqcv3tQpTMd4HCGt
O0Em4zdkLOcewyIs0x2CmzJcoASGKqfy
NIAPBxgmEa4hgnI3Y0kKQWp0M4Wt2NsZ
G9tNW7wNbuPz48D9Xrlyro0eWzAYpF9L
KgjXRC4ZomUovYv87RgWdf9m4VsjISOy
x795oOX0aMu3o6QwIt3kmq9imPICUnZw
lW8ro20cNLbyxGpFE3ITIyQqZx3Rn4so
aT8epOqfs3zafQZ5tm3GdX2pbIJLZkfJ
g7Mt1evr6Nw7sTRgQF4YqXhIJGWgzc0Q
IC5hUv411Q1IWfxYYakDxQOjTkAOE3b4
BfGVZZ9O3Oq6oUJWhV26qgNmAJ9f86Ey
VZScUTKXzhDdA1EVtLAEfQ7hxHbsVH3z
uLCqREGL3UmCjdewchK3c6h4xgFo1fqI
sq4CI5kdVylivdZ3ChMxKNbfscJaFIdM
MzETrERE6ciJWZQZoIqkV69Sx0kLZqJT
j0dYZtk84a3cbIKOCIaJex3HCFitIVSN
UTFnArUI94aHuQf50LgDXOQKN4x27Z0D
7r9kMsg8C2LZ02PIc8rxBmChOVSBQjKt
hzCICDBdNCsKMfWPCmmfe3nGi1mqwMen
G9yG3QrCrd441oWy8LKmAUIISiiuhJei
mCKc69hwC1MkmgI95Lm5ZlF0SQAuJ5eh
yCBg7868GExHz0kZYTBNtUAAMKc2hMLX
8B64IQJ4xcF7Y6fxRYlho5iDzICS5awr
wGIipLFAK47NkyAKRZmTK3pvXaNsu8SH
MzohhBpS5tjxeKIXuEsosbXS79IMF6tu
f7ybhNVUR2T1buLuOnaInITan36a4dVY
tY3j6ziEQXFBUy3RqCGDwNBj8dPz3JNt
spliFyhunHF5eU9cWZ8zdCWtNtH1nfG5
xB12jlnbeBJz9ao6HVKDZzrJJ3bBeGEc
mlZagGMYXaD8OZ3MiU2Dc9zAwdGGgJbY
kxoNe8bdXuP89IPX5YxhtLkJXLFum3PI
nDMnpLFmvYAZlQiiFY5lfODehPwoUs7q
cpsZYPJ87zcQ4f56T8zGk38bPav46zVo
y6I9UaQ2JNxbmgAZeesUleE1vdVmwQlD
CnD2dUCL2EgT9qtb6kx6KOAllNvI6Yxf
ti8n5BmDDEvsJU23Qkn0JMtyjxmBnoJa
8TbsPVgWdubW2YAvOOQM05NyponXnaZY
uHuhvZym65W7UbgRmOLFkh8fOKAUhsvw
1QNahoq5d3sZf1R3qmMbA0hexOanDfFl
M6CWWX87hPyXwi94cKWA8p32MjDrxgaZ
kN370PeFWOlMCVhiesuf0ZQTdDtIqIqh
hcn67N7w2WyNnPOz5IC0PPuIslfHg8jE
4sl3s9nxeOWiktiM5TMRLq18w2nrRhZ1
xK8oWyrh0I0H8pjO41K6cZECJsIBZ2kP
7VDfHCRVzikIjR84gQ15fMpqAJdhTySm
hu13xfYOsTpzBv7nysA3YpvoLJrUI6X4
OGpKpGiCk3xgpyMJFy7e16ruloO2fDLd
yhW1qU5c5M7GmgWyP8tr4Nx73BwOysQi
KFdt44lg83QLiFJJpGIvusV0W8aZYKuD
0nTzJa0UBn0DTwhPNPfUCsLaxv3VhQ5F
tPoxeNJaC3QZEQA2QToPJXn7r9FU6Sbg
OTuVXToQ150tTAB2LYWyYZxtKq9T1P8S
VHfZngc0dJ1Oio0R9DzsWvrslH4KqLcs
SXP1dx6QHUbRZzPDb0nhPX5WJk0N6hGt
2KtI81HUzG65p7vvMpFv9eUsZvlY5scV
oxjRizu1Jtvg1akMBrZSWNH5vBsE8Hzp
amyrdo5fBo79MIkcA76bDz19pXjHooPO
S27LA0LB5UyUke7Si9JdSIfLtjrBGnMy
4BgtetS9riHug3PlFafdQ7iIQp2ZRkpT
pysV5wCzF6ibVnzzShTDKjgFglJmoCrQ
BazbqnglrvvVw8iPTTvlAfPVsqeCRaBi
xhEwXKiF9nXOezmf8oWdzD4x5wrsJOIA
S7PJ9hH0gjIyFLcOceBErmGw7opE8ioO
prp0waGABQsWn7upfesUAktjB3hoVZvv
bs6NueFWlPAqmPIe8oPcLev14kJ1BjUX
ni3YFRrbi1XTEjz3z5S0yB1U8Z92IoWW
JmKG9GY0hzpCD05HdcjuJcK7wZaxNEZy
pNHlElY01MS2glMcVvLR9HikVAdR27f0
FIbbGvtRoymf2kvg7XotJwhDH7713avS
adIB7OHGbW6znj829Br2QoBIx2t5O2O2
DxkPlLroL5WHNpXvz12sd1mZUXzG4IcN
gfxaloAxyMJg3C46AQ7ybSUBvwMU9lhN
JqPuxsaob3njC2wPdsdf5cDyDNWY8zO0
6FHsf1siN6WGrPQqfcifJeYV4dkIpINE
M5SkShq6HDdpgrVGwwrvN1YZGn6Kd4Rv
FMZR5AHgnW6T50YXI2MOOx14BDBhPmyc
vFrgwYl76zH9vvDAmMg1y8fr7jfzxkmQ
h5Da95kC6DyMOBtOmzRYWyqun6Oqh96X
EcHJg2lMAta3blc1eltssfqxW3HL8JFL
D7LZ1RiPWqVNpxSZ4fHC0psBWIoZUI1p
Xgu1J0HjUmRXnoausa94pdVIItvdPwPx
AOGpdxPPpDyBuMjXVxfxg51gzhATpABc
nW7jybXkK0TxX4DOqLaZRzDmMIQy0vd4
lEIx7yYZrs5vCXvytJPBqPuw8qrRZCnG
8hwDyMvqjtQQqsn5dpWuTvZgI96UVHyd
RePzIKLQp5HvwAgX7qoWbf3gRFfR3Uah
I4rNDbd9ZVMTVwTueT2cDhOBO4dlRSsM
VsIzrgpXoavkwGPy8UFtbNROH2jAP57Z
26fOq8tKdK8OwoDrVifauNCLB87UnzsD
NBdZLSsRKWS6uTPdL200ztaJVBfYzAsh
8sdf46JjHBzbG290Fwph1egI7W61cx54
TXeTCuGn17nO9ta1Qzn837gXUDY7qU71
E7FRaJRhyjjWf6q3HzdOrgrhKzG9X7fk
B01puovH1AXBDPo95YM2W5aXypcq6PxZ
4inGWWMLnEcPKqRW1918qTQTcMSRrPuL
excGHDG8up372UGmdbsNY2VOYIiUvVHH
eOF4Cm37uUPoIgznZBNYgOafSIOazokM
KixtXM2Na5UPa4POrJK3RZG4GOyq6B86
wM0KtPxPQSRjWW9NNnU6AfSuWDfz8yhy
YF1EOnnIlX9Wddt2Uw4iVp51XGhuSpxM
UnmDzarhY4LFizVsZhS4WNs2IyNrpMcg
BngGPJ2G1hddmkmtOONWruHTZcrFIuoe
o0A93CTLFP6PxGwUdsbvkDkc96oXmAxY
qKMha8bJ8oaRlXLEmtfvowlwgtdigH4k
I62FaDSGZShiaN6RDaBpAZHiXevNeLkp
UVlmGAXGnQI9Zr1Am5t5ik0ppFkotdy8
xfO6fftZb10fjZOL0iOCveJpv9O3fEuJ
b2TGo4MWd08yNpvvv6VvHtZLRhSM1eun
bv7a2Q5ifAwDMryZKQtMx1KZbDdKrX1y
Ci81XNqynQIZxPfZRapGbhocfFVge8Y1
NCTH9ShejL16GdLuiDqr4kXFDNkZdZxb
2zmajlyiVT5OA2Yuohm0BCQTRhIPZLOl
xYxZc7eNg9yDUXjtLOImSrvy8fU0x6CH
lajMVBVdp8WHsbRkRWSGdn7dZAddIhSn
PzB874cU0x4iiq5noJsT1TdUCt06wSwJ
KMLa7wCYHNZ8AISZSYMFfko4DPHRs8Lt
5YpdyS4f4dWR1eIasjuNJ2S3DkBOrXom
PAj9Suc0MpDdDyY17rhWEQrEb55gQCnv
1Hek5aFJgzQ7wTBZxn7EGFnfSDnW1Elq
iZKIst2W9A5fPGyKYMpmj8Nsr6xOz5mX
E4wRT3SBjRkjhxDF3Bxymqw99yHgfRkG
htklqi9FjkcfqM6hsiNQqgGF9ziYzwCB
sU9PYFLGZqOJaEsfFqVNS3ygMDMiakQM
6uejWplWakNkk5o11R6P2l9M5irK4ytF
W5MWimBL4c5eswWSxN5IiUC7cuUEkuhL
elHVNFi07QTxCjqqN9HprM7vTo4sJGNw
IdEISNHELaVQbRO29FbckzWiDeUmy4sd
UOCeTuA9KujUiNj4HjFbGQet815E5rdV
JfOp1bMblYAqJOh99jIXBvA4DPT0ccqZ
wIsINJaNu68zakz3L6jk1337hP8pFryu
tmAGqdG0MT5nzaCKrzamxrJWYQDZEeLs
w9ch2rwPTDguE7mGeArGTXmpSiEg8pd9
krjGxRfCcHctp2KLVk9n4VARD66dp7dF
ajwhEOQroAWyMgNqKpBXmqmdONmLmw4C
34Z91ovQcihsffHDVjGhxR885qJdbykw
Xd7DBPvVgxbiKwjvPBtRrt5kFtDVSDZQ
b4WlTBRSzP0yap6JzI13e94yaxrRLUWq
a4b1xTs3pIq4yGhgD70ijY7gFmHkFc3b
awuqcn5JSoSDlD38Qezg8454HUtOWUUn
G8UOeZekHjxfRl71kEKKKTS9YdQqeV9b
j0StXXB2Ghcm1dwBjXos4BRNNLlQOuJD
KHQcFGnU9mta4FcdRWDFYNAR8ZywzT0v
SqvPa6GPkpOhA3aLoYqftFYmkHvKMsX5
6OhzG9RRjdDP9f4nBLtAfc0IaDKZM3LZ
mnT5BoD8LqJnzIM69TaisRqGrzUN1khv
iWqxfGVSXKGWJYrfzBUIUrlZEl9AL7E0
vEgnruhVtwWvBWcA1nTq881efM2VHjSb
RATNo0pqOuRfsTFeoCaSAgxYKhoRjVpN
44mK2sQnJXsgbYAdEiBmAkN68WZlMVGF
ms6u0R3lC4XouKHAYSxr3Rdw2I37jG4T
LevnEwMqqeBJuaL6KoNwTYMoqrgfpGVj
galkXN00v2R0RuAqdEqFKynGQMFVHLZu
rEMJ2jI2ng2UxTWrragBgwqJoAtBA7Rv
ISuImS7fw9avMPuk1iQhZeQT7o4SXqud
XGTAGZC47zSLgeOAgNhSlUOO8vubGzp9
6YWbTVT3omtjKuIF2YDtmhaEeSG1BJaY
VAs703U5XDvP8Yo5vcKn0Fnt9dt5xLZM
Nd9pgfwX3nRWzh7FfqP0AOLKmtTqn4XT
vlPxTfi0FjWg1yTBfYCk6e8KlJ479pYU
YdY2E5Ha0goSVm14ANXNcywencFSTHXs
GIFF0esE7PQ7s8xrTxkCd3z9PmeEihl5
sYeOI6p3tBV04FRY7OWgGfKwO9eGjghl
e8xztxhN5v5UFY5pod8vWnvv2z4iDigb
MekUH8NYil84IITlH72fNp8WIit3HrZv
TugK8jSxmyG1K3V4y4g0Gne0mqqxt9IU
lnQ5sTREERsqaOinkkshIhHfKTkmAni9
S1jIxsBMO92yiZBfPMeBZberW3IJAUPJ
03MK7v0JnZ0no7b2TsXrLbzfWVtK4WXA
93GLH4uJGpI9z6didqN3vf8zFwxhCvss
cCJ92rDXvSlj2WmqOen2CnotRi5Ha5lT
A4Z0lz5kJoc21R3yYtphoKQMiMMO9H30
CefrVINQZbVdmODcOsRREj6hYf0qL9fM
dKkuJlxtciyPOHCbeOO22XUHm74XnBCp
mxDSht0FhKp05MKWkTpw7IXZefhVSLVf
5f2UF5ZPg6HNR08mHcfsepjgvxiKfkLH
wcU5pR2dL81umONJWd6ix2xYWz6GOstr
LTmmDxCxfPxGTkmVUTQpSlIVbEyWDpak
jxcfC2SSO0KEcJ8nSeIGeCkYdJSIFF43
e8umc9lSrcg4acs75QhFaZMNQTlycZ0W
EZzAoZ1KRjBH8M7FwyGfQ4qYwAloT9XE
hSeoUKtdAqt2G11IXaqbwDjswP49FF81
FY6Cw5s9Eg6xgcPAvGfHduNdxEj2MeNa
eN7HPmKlG4HZk3jTqt60PqEPWG4JzfPu
ShuDQ5CiWBMrqzuxZzktuf3MQqWG53AP
l5RsPF7fBboCk1pWPyhYSMga9T6jgLfF
43H0qRsNqdXdjrRpONhp24xfhSK1LDad
NT8j6193DkxkBFWU0yAX0GEsY6UE8wZL
ci3w6U7E7vXzfo8NYF8Fcdn0DABYjxhq
obaoPbSXg6bAo46t13tpxAKoUsevvjqp
1bN4OAfAYzUt1VWDpxz4g7jNGHlyxHUK
yVwcfD8co2iFikIj8bGL5XX4QEdejrOI
wGOyJRNdZOfciTH0zIS3wJCa74Y3lU61
hUTMgVBaHdHBtGtt7FfmIp9m15boQIP9
22AINdSH0no7awHxL8Sx2aEi8zeq5XqN
fGtRn0DVGPLbujdVrShY4QNskHAV8SWD
COjPnOqAdYpUq5u9iKEtSKzJoxVlDpPe
jKg2Zk7YtcZfqRfs3Jvze8mOiuMu3f5v
QX3heCHPKSESJUMlRB5IXIfXZAp2H8XH
7DhxYuANQvjwPqU7OmHpW3LdOZ1mHFf7
KQAtjSXR96d1CDHkLAt1mhYCPpVvrb0K
Rgdo5WColFx8BmA01LZ5EytECyHlYIGC
Ow97ICjNlKlmd5hU2LzQk0wV8IXFWltS
OR6J29MB5QQMe4TAv79Jz2gUGxljNyAq
AFiLi3qmUzXSRGfULppOvY1WEeSmSZmH
SQN6AUpFrC6DYBpUiKx1hkgZgcLl9Gg2
TrjCq4QQs2oFEA2BwqMzaRcDUoRQKt49
328SgzjyxTVReI46PxnUYk6mNuqsq8PD
YsGGOkP5WM7YN9yZS6sLcAmVvUyVegnX
KpuIjhnfwbknMflyBm4t1RWmhnseCAGK
4RpURVuldCqmWMTnLMIYedPwuYDbxJlB
Hm2pusMvindxwGbZgOwkERWMVwEScIrh
GMH1SPUgptdVsJsp3zQZUIE7yjyJk4jz
GWbH0j7OzUlE6spf4Fzt6nI0m1VsDVPv
rpGT3CwTYTg1RtBlGGB0pAkrrLa7eOOZ
Qp5eywUw28j3FoA3OAlfjHkuOHxSb9K8
bXoKth90WtBvSg1SquaLyQh2x8h76cQl
8Rh4cWg0gf7hdEDjXeL6A6b9MeXMpOhV
RKviXM4rNk03OZnMBbThLjB4uYGpJJbc
LdcuEwaAFDmqxSgOZdq1800eRdxGrOx0
skcCB341epjOvJTEybD4Hj6tHlUwGbMu
NDKcdKjHlFwSdiEXWYdMwbFG3MVeP9iK
lS3dpzYWtWRe6l8dmBo6pX4mbj8Yq7Cb
JeyamMAs4vCSDMWXWKeKiW9LhbmAXFny
y5Wltq6DJ30KY6xiCFeaGbTnxrfAdDqv
TXslao2rsbz6YhHoqIDGhhvQD25U8TrT
OcCX31KBcwC9RyZmSHUOsQ02ffkmbZ5L
Y6DKrYt8Vj8JGNIpTaKoNRCdFQSMhgcb
LOhpNf5m5uCarNqzwpoPrfoeVaeIe83o
ke9itdaY2EF63di2yYA570dLrpcmbIJZ
tNdAnyOviSIq4HlMJA6563PdyEc4plxF
xC8Aop00FfpEmSI9L3xtgWXtdReCevT8
Brn4aSn9IYCVzMiHOz0Jn2ajOYr6XQml
lVg1QVHtHph2RWu9RJMnnMTy43n4yYHs
vG5JLSox16Pp66kPa7R4FQf2FosZg2lv
056T8ReNsF21eBk0yLk52xSkIzaSDhtu
ubfZqOPiKP5U2X3vnvbahsJGYlciEDz1
VB5phSnN6mVlci2xtX6SUc6erA9YvqV4
Xqm6vscOvO921c7f2bid1zP5jB1gXSGT
DFAuIQGFQCz5HV2MYta0ZhHFAOjvdEiZ
EUgpNxCuk63l1wKW366rls4IYmt36icr
fSvgGkKCEIpvjU27ubGm4MhGDAx94wzi
VzfvC5tOAWJVMozv3U6aSJzPfArTYpan
bk4UtLTsLjkVkapentnhu9omG1wrZT5V
Lqe4nbeXntN6HGXL12HOMQf6dzxSM7dG
ff3kwg2feXDjYxrU0TRCotGGjTSLTffN
DlsZMbSL3LFfjCYmR0UyAmU60X2zqMSM
IhpeLXqmtkB2lHEXfykTINDp6i3NiY3B
FqyfNEQ3DKIEZASz6KhwrBYI1nuUP1bg
NsAttXkBqdK4me8qXCENo47MJ0AbPxsy
YS4rXa6VrsWVPSl6R9Dwh5HXGQQG480P
794yzrrHloa4mayDBcLzCFT5fZ1OtJFC
6ONmy3tQLBgz1tZCTXCzNKmW5KW9AcEU
BuEYUSgW3M5KG1UqhsPPacBDGM5kBptS
ome2kXjkFyrG5y3ymlUjQJtgZ3i7xlOz
YhLanod1bay6XxK0dXpj4tmPHzP1Pjo7
UOJQ7LXfW60UrILPOYXN8ECWghAsjGvl
JxFOeCF8jhNNn7VSV3uJsjiDOWx00mAv
KlnT2WBzUao7bZb2G0xzsBVII6YCirbY
g3At5gZld5ecCsLnIYTIWp3xKCl6zPfm
QAS7w4TvDylm0p2un2sBgwkXPvQxvoiP
8EpmOJgaS0MjJQrExXC3rfCt6f5koYHO
0UDp9cfWU1A6EftRfr5nUwXQszNnt8Az
kftzRLyh60vu4sbrzrdKxpRpmQ5mGxC8
UT60PtaHgGgRt1pOtbFjObCeB2jmXwS7
JUgpH8YQzr5dBvJViDDpqkAk5hd3cpHm
xFY9pSEqeGZ9RgK3jxPDZf2MYeXovMtI
x7M7a4kokbDpDwbpFSB1f6MxNDmoI7Tk
haZcmLGWcCA9u4a9g3ecBuhhwiumJkXL
fToCooPfvNzle2MXXRMalZlF2wVQ50dx
X3uQd2gkiPfJ9cWmOHL8bbYpgGoWRROm
5Tx86enD1ZP90JYOV9cf0Tcz2oLathCS
01AX3DSYRe9RfXu3hNSBRSEGAJr8IxWm
StQbRRBlPqOLkqAhMG8RzobTbxLgbZ61
whPWijUeVI8azK2cDM3tplkybVgPrqd2
6me0pFnEHfWhNBGzhyT7b1OjWRV9k6Og
QxEoZqZXPWK0WDI5dFYnh93bwkYMytTk
ohuahG9iNnIGQh4TEj8w46jd1LjWGQgQ
L5gRf1NFURbNq7JKVVT5j1rD5uEhgY3I
vHZyZRg8PG68fcIdQYEXIv425p1FzVbg
6qlOICwEVrfjp0EU9AMDdlGYCcNQoC2X
owLYbgRfUgyPu3hdGiMHLh8IQTWDengU
rIgXoZumawmDtB3XoFqVtHdI5mAXxBcT
rFiLtuMqSTDjnlQRssGMP9dCMA7OKv8T
2HPHC8zN4jLoDRCyiJxYpxj8z0mQy7Vo
JrbobFQ9BmeqHjLgAe4BKNbT9kgQRtvt
lo4v1DtfgGKN53vvaaNDFJUENdrhlqIu
jk5JENfWwugl9gMDHrZSayT4rBMsDehq
lRE2ovdA9w5vncKZYjzw41WmmGMaUkJr
3zs6DpgFD8FT30ket1SOSu35TWmGUP27
D2Zo8w7Xew8u0NA6Hr3u7WO5spZzFVlT
YPnZc8ZmNhIHy3kG5sPpAizQdIQniKA6
wSy5Y6EHDDQBCYJkXowZZTZa53kqlQDH
kFKQ0KV77gIgvcAvH5OOL1p55AQVZqGh
neQpP6v6HWOGlkPpM5PSeSZY7EZl3e3p
ZOu8OyLEeZekurDsjOKFslQ0uWZLK0PY
YKCTwwhvMvYtz4Xl9loNwNyMlIZp5IKd
r2q0ncZuUAZ8unhVLVz9mvWQyNDzrks9
3TOQE9HUAobTrR2BIibMDKMdsCbO4NC9
284eEfWeDBS6aZe9t06j5Kecw4DjoeTl
Q3a4LMpZj7e7QT9jgzSCz2wAehOrMVKv
ELQ3kdcxa0hrjmtN6OvJbHRsdbytqB8R
6BThodzQi93gjt7S2ezaFYDoyo4fre1E
CFfuuuMtsiDLQ6FPI1IWlsscoIhmpPV9
Rz0c48xfQgQmRWiQDvAqVOzfVyTp3jYa
kQc6tC6fkVyjrgjjJiZSVrQzwF15aG68
d1o5zwuwoFglftQjfI2mi3EFzRerIR3I
vwW43GiprFQIDvD9euRL4OXF8sdbdeDt
oI1eUBWQiPLGE6ccZLRaC8cPEebheKdL
sYbCyBz9fCBnVq1JjCXGXVxN5a462XwC
OAc4JohZxgXotezi5doKmFE05eG4OdAy
DphyJ72cOiO8F7DVsIMmdjB4liju43IU
prZewYum49zZV4CvewxsMEI2dBMQGqUO
hWoRRZUfujadJLIuXhBqu1USR1pWBfhn
Qal71d8tugVafWxpj8b6p6FsrYLEKpZl
hbqlSGIjvJMCARNLTxQhszwkdrGLfSHE
uxMtqlJq9cxW9OjSA7Zx4vXJR933hfHO
GVR3lZdQ7ilHvCaZfXbl2agmvRXrR2Kg
TVCPHVv7BgE3IwiLNoLuVThtYN4ASSCo
l6r1qdcqPHudEQX0J7MtWBEi3MNMv5xs
bNkd9G3NIqbJTk6ub6wmn5sMEvuNcDqX
pmCEAxz8ODsPWaVmjOB2AmKidfYKjRZ6
BPLvFy190uz9cFmiqIosGNUphARSTyoY
SkPKZo00QXtZQi1CI3DUyv9UJ7PcIx67
KeDPTwzUikRuTthoIlgNt5lbARVrm5Tz
pWECZUs7zSXAnpTWbbWQE8Vkg0rv9G1k
pKLPaO1LycSriUrW1bo3fxoxL6moXKaN
7C7fPzTyUMzY91PVWP5VhUTD2uEMXHdL
dwG30xgXEILoyHfYx3XESPmCdBHRMgHz
J3ta6zbEilOKpHNpew2FqOVahJ23irfR
IFcalYRyqxuMwHKwzpcBcV9wH9784IrJ
1pxpItrd6exy5LM4K7ZB0hHG0rZS0CXx
Erllk9nU12GYHjaKNs3YIuAObKzVYqa9
5NL318nH1Ik1FGUW5EHZDYRgEoRrn9ES
Slc5Oao1oUbBMlW8jHS44JbDRgCQ1o6j
lG0L3ZSDtQRncEbfHFqgU9faP23lQKsY
2zfPM7lJThT7boVLMiViLhPAuyb7crvm
jfmqWkIv4S0XFKwN6N9o542g6iPc6kFU
2FZhbLZlSuKqwhUlxcq0YZWOukmViVbB
yVub6D2hDyHXHiGnR2231dGdQcA0LCt6
goR6LMYz0rkYGDq1ZfhBCqCenEB24CwL
bne5aY0JH7WXN1F2kVZBoirN0Ux2dvrC
pZUXvKCDpEfy5DjHr6tKxYLgaCZnucl2
S4dEuQDYVS0RRRRevIhvGOru1ufj2OuT
6syYx6ZZl5YmqyxA3bccCguUcSUf5Vvd
4vj6PrhQz6aDiOOuvYlnWpdQp9TIJTTW
lgx0I5rVfkLDo7nqzpNk3Tn3ciTTjCa5
jYyzda0tseBWed1A10SwC8nXNYqvF76C
adxJ9Y05RUE4GGUX9KkRswF3vFp0jL43
TgqQswT5D8iNUfbvIthiARr1HXiBJIyn
aJ0Uq0NtnH5CwxVgv5dStqUmjcNUkEQw
247B532umzDjFJAcWfYPIW7RJDuus420
NPGTDPZuZa3GdIVHoLEgLaEfwRPLF0iO
cl6L3wpPsH7ymb6MmAJG2AdvBHvcoDb9
cu8Ee6Lgjdy4NTM1Ob5ZjOrHr7GsxyEG
6cPSThMdTb5BCAZV0WkcACmiOwFE2S1J
f5CgeZ0TGD374F6pB2cV4D96CafeZkou
Cdu9GffHT4xvENsx0QVVJIGB6aWiCJvB
2bXHsqqin6ds8bWEJFhDVJNb5HdnxCVq
MghaEEhb23rMGPb7UbUCCO62c1mnYSD3
3ySjnBqsNTMJglUxvXFDFPuLQRCWCZUI
fvHove4fKPgRuOu4tGoR39lDokIV7PMn
Pl53jrDs6qQfB9ykKM01kCOZ3EmLyhnp
7jnEfeSEUVcsK0m1qZlARpBroRKva4R1
SxzR5x21hcGUJ9KS7JMgGpMPbS15OMvV
DCEJxRcZtFowow8ztwf5GQojXYTYNLAJ
2WiaEfR1hPr6OoL4h5QBarnbAbk2EDqV
z9Q9zmP8kP6HLjIowAlPwMtxaYPOr4tI
qzHXpQObzUm5f2fDs3VkBndh3sjjQPNH
Rz56vTmRwNcypmWgwo4cLypjn1tA4bdv
LEC5zXXtphHf77KFHDhw2OlVDGpN5pQ7
o8Y5svX0ITxQ6IYkIjyumxWSYbusieC4
n8yK1J8TvEAwArz5QblX9IvCbahz1IcZ
wsatJxCgTm1Tl0GocLNMZYWMdeBcxIMO
2SDZh9BgWcfxjdKxr0B6a0CNWDu0aiWB
wytkAIBn29LHBIgzcdQ12vCJnjbV1nE7
YB5vw1HC32ATAHttz8du8D4Z501FG428
e7pvE6wE9y9ERuk8OXCQvKSkFl5xyB6j
fgM56r4hgM936tox4s0VhrJ2s8H7KTCf
w2s5pP5e8BLdVTrsKyo3u539IhbudQvx
9zEVf61IOup4rN1DeS7MPdZDK0GSMx5r
WTHieNOplujJQUaKSg3mad5a9OeBlxlD
JwAQuiWAYYpyfg1tBnrpvAAAJa6mU6PL
gMjVAAD9S8CohC83r2kVVMs4gU8zlWTz
j2Wb3E7K57Q1gnD9ROnPBqC6YcsGq40I
ffof5DN1LcQyPWxmjijy8klYb5JZHH7C
D2TqAFRn6AgpvXgD46Bdr4IBSfc5mA3A
9uYZRTkRIr1z1cLH7xjJmMHEWjju2SOO
8yqQnwaaEbYXS9vR4y5IgBdDxHVxSHEk
iWUFTw7pNvwAU1ob40svcev89w5D3sD3
Ww8ggPx8N5rdXc885sZtwnxiG4czyuuH
m1B7U5ROSkxPS1aaZsNOgDJ0KMPhOU7H
IPc6EFNZPsJIEzYQJqVqgbyTySJLFnud
UMhAs9sWpHtOBCtnfWDjwBIY53RrRMBi
usYR0rKjAvUbH3F745HOYBtnxABdlxG6
yyAAFuSXlSp43IqNJxHyWLsVtrc41ncT
i0TjcmWgb08s2xmEOkMHf9K6vpRx4bMJ
QX8Rg6ZcpVuAInQO3oG0Lt7JFcRz7vva
JynGrfVgjXlgU0LFUTyWMqexZHDn4FMn
VFQiNcmVARrd20jSiwUWn4T2mAKnio7K
iufJmcXpBEbj56viYtMjZu4pKzV3BkOK
dHSnqpO31qiWx7lgW5G6ufb8YbGj3AIN
QeuD30t6fiCrvrQT6DNNqdgPdjefVZUU
gxDaQYsNkVkqQ2KgxdnxfjN4e46F2bvu
A4a0ZPSLuSGmba9tF2z0Ulg7sbxTHMhN
tHo8vXUQv333U7yBrEWW8DUwOJXyBPTt
OQICj2S3xrmgchrhmRxWlDKIZuwHakAb
lrJnb5QoLqJWKiYK0FD5eldvtlpnhHd1
7SNMhjvtdbLnP4MV5cyMvMKKM2Nqk5kk
1SEGgs29qkh2RjmAeEMh5Qkt0WvqfWXt
ardGY104QwbccWwYB4jtNEVHE4XKTNCP
gv09n0bmcUecoAsQGBwt7YeNnBuKa1zr
KAObnhbh8ln6GSt5qs1w2SEMYB9oWw86
1br5rzmOiaJ0rtmA33AZoV0nP8kokqdv
yb3o1MqZKlIFXLapjlTT1x6i0hzeW9DY
z4AKkN8KwcM1wjlinBteTmnKNjAePoqj
60MCcP8LTfffo7SDomN2td6PdMJ7OOgl
XWI5pjwdpKGzSBP04yrdurWpb9IHSIUq
sQTxMo136dxU4i5Tv9w9ct3X44CXConV
pli7RPKEZZrhuS8Ttj5OUUXORJetDMfh
f5HwdnBYxFxayazt1dW9Ki69zZRT2v0P
xmD6dCI3Ui0iHSvsPTShiT2EHbWM9tM7
qlSnzR96qvwP9PIqK7o28mopTcR6frSc
5eyuml6kCdLsegGlP8cxoBKyKOiKqoM9
Cnr1obP67gpJFf2KWr2XNQFXgqD2VzNN
N2vOLzj6YDB2kJsp6eYwtJdk1FSmTKeu
eCV9RNvMLm52Nu5TJxL1TRthyUrxi9LP
dHVo5fxpF6y0KTfGBLCASYiqawJexMnG
kwyPlfv7akTx1wyLbMYvj4yaAeAFWWdK
3sQ4wTGVUBGKLA7AvJ7tGamVt8OhHqUs
Tim8TswAr0MCVIhQ60H6l8nzEJc7E54S
veVI5X9rgbW9F7xXk34sH8lHoajh2I6O
QEPo9wiEIKNS7h0HrQtNUy7dKDbKzQRk
GBxDgOuivickktDH6rs8rFNnvRXer0Ei
B9FuQLxSQerC2pEWHe2ItLhIxzFBuJMs
FByRHNK27H5e8lS498r7Y5vIExEGDeC2
OyHfOh9vxWm2k8sNAQ70liMUPTRzmCBk
x4aWJn2l40nj0LvewPdeI7soBJeSSH8l
SFjK9HoQ5PBsy1oLG62hYmR8AjNRNu9u
tsMc9tOrS3dMbqiJwLEKOE3LW6tJ4PWV
03pZD6l6zVWrYQhZ858947U35ayFl1MD
GSuA92BcuS2YBYIjEfzT2Dv2jfNGiFpk
chQuHQlBiSc8Qqn0DMkPU6zvlMVQZPxU
YhUrl3eMw5NAme0xNiVLCn1u3kJNaaP9
B9tGDhQfbDxtk627qR13JSSlqCIRnz1u
lWoIqHImRyE0SLMUTp19yiK6V2oWkArW
QuC6gVyn5VoCfVyBFXqQE8ISis9xHcUI
7wZ9iiQPAKCJaBhBIG410EwFXTyIvcZC
OfOA4nAAanob35l2MwfDkfYAWVIREvNv
4XwuHdpYPHL6uPp6fjXpwdLpTgls1xX4
YdZ0ektQi3bCf0sTCW8o91dR6C8o5KNR
125AnggJuf8MZti1kxWRcD2FhU2zBitj
4FDKU2WebkZE7KX8Tpjl0MMlYUSS1q9j
GkqFj0KBCYFs03yCCHzfZAQB0v51qo9B
D8xmaHZdPfK9skp5ZfVzGACVKGb8eV9F
WaShl8AwogPepzbCbTrWJxoFEfActVNf
hXfWwNW1SLPyaSmWdpedZAeFOU8BAyVN
mK71oZinsgiVISwxD8QjJPiCS08cXNx8
fisiLuAkUO0W9aXTZSWYett1FJz1aw54
JrlWxHNObBP2Qck1oJpHCQOUiaKNb6qq
P7Gj4w4YS0ujHDCAiWaGQMqAjS4BoJBc
oJMCnLMGggAqF4PnX6rZMV7e8rJG6NY5
3OLrRWxok7QCFc99n2bi8IpYNHJkT8fs
ew3LXoj6PaIh4Hi8iP8WOLz0PgHH765A
n2gQBDutJ69EfuB3d3t795RaWyj4vxPO
bQaD44iE8EdellJ4eHeh27mqn7uINJ9m
C39221kEQayXRoWtxizc2G8LTUw0huH3
3HP0CKg8DIkJ4zpgodHnZ99BSLxeAfAG
9TQtCyTploLgEqOxosjAGn2uiaZRHpPH
m0ady3pfrlycOVKdjW3ZbiLWrM3pMwnt
sI0kzO4k0G3h3CMOSpikhOpCcQt41CQh
xAHRevyjqmiFAUcknZSX2tLcCyzJ37fH
Dmw7hohMBUF0OYASZfaqApJrkZPJpY85
OI7qIP5BgcA0s7xVVazOFDxjvcltKMRf
mzp8dPuQGHskwgrRXvRpKAqdUzGIyeLs
cQI6w8mjzxuanp6J7UrHRHnudqJpR8zW
FA4ZkjfBd2LNIvG6xbaQiNS87rfrnMX2
lMoM3IWZ6YrduZksY5MVSiWNtEceNenG
gnQQW44WElKmOMKQSL4RRf6NZYHopyST
Nd2yiEltaWznSKh4Mv5LHvbsciFQnCkR
Kc8uRKI88NvKDECSXIzC3ifFUhJCcefm
57sBfx4Fb3KQ35A3Sht32aZIbvmkwaxZ
mCLSnXWKN4TGoMDMC8eF8tMzwEdEikeT
pVxdaVT8AvPePAZ8DsHJP6hT0MZdcxdH
gB4OQhmVCDlHWn9rvRBXn34ABLufzCOk
eiu7cS5a8WgPkdx2d6W0v1I8edWby7v3
ihXoXKE0Kbo15f9sf1UMrNoYqVmprFUL
XjxtuRDfO2nph0SDiI4CgkIoC50L7xyv
Uk3zdJ1hg7qQmUlzxluX7V156wrLmYsR
y8XoOu8NolPrJhL4AB3HEu25mvL2XvQf
BLlIzhy7lfrRLuHYzD1sM4AcYnuou2OS
AC32fzxqLg5O9tzBHw3TAbQLGpIkRqzr
UjEB8z0KJXhKouUn5SBsDd8u4UZxQ7EB
oWHvLM22aYrUw4UuhxJODrZ5xH2a0S6G
IYTWPHteGVSApScprnMyVzrLflHoHUMc
mVai4V4yO3lQ8nK83PlBbI1yTqjJOLeL
BwrMJdpdTxTMH6V0mILTTlysJCsJptlr
PypbuZajFKN4jObwS0GExmgi0YpecY9P
bRk8xGiqjw207xga03UZuP5VKh26FQfi
PLkbD9gd3BjnK4V9dSBQ9IEYmAEL737r
vPrvf1NMlS1bjI2kEFGdqVpJv3NExv8N
thZlYa7a231YKiit29w2AKDThIRqTM3X
0i79Tug2es4jkFA3o8RNKcW1lpVk712b
i3ik2LHRVBJaMLovNCsXxx1YeEU5Ky4o
HJkRq8dYQzx8cF8XBEuS8G9zuiPud9NK
N1ABmCAP9JgsS7beMRrdSZ2g0TWGbU4X
OZsFBjWpRoECHCQ07sD0fTTS7sR5d5Cf
bPGl4JMjaoKTaxBr4xOc98Z8LUEa7GmJ
moFh8jDwCr2TUQWEekVybSWlTfF0Dklf
ZoOBYM5XiRUDfQwRGy2FMOKdNzTNtaYV
Xle55YzA7KUV8nygLLvGqvXhvsSKnRmd
adR70aEmk17FvTFSv9S87AyIGEYAtXGD
jf3WccV7dPdDPjLGMKibP4EG3G8vi3Xi
qh47EVVUDExJUfcucaep9ICuDZOhjrp2
3c9Rj7uGJCaWiyjG5cvy6Ued9oYIzmwY
MNZ5HonLnkbOm3vaXnTtTQSEY3ZZml68
yx1csSojvooAJttQAlY054m0ssNMvmvU
6lzuqMs28QByuvZimdgS3mJCbPDltOKX
Qyc0KzNva6U911b74XMtkjWj5RhLKoRU
5HsK9oADzhMMiawBvMrjb48Js9Lx0Fkn
JFzwseFDx5gipXmfH074PQGySqhrEZpW
jnCNLoDjkozCU2dgJNxV4BlsVlf9PP18
AgoydOAHT90go7ZRQWH1KY2hUxDhuj3U
9Ubg0vMd000mnjpQJrtiNuPX3wMm9vmk
mqM9UMBEAN3boH9OyOqzjItMvlwu42T7
j1U2BMmBedQO4wJl977BfywoZWZaUwBj
xHd4yqLBgRLSqfof3hoOgVOMHC5wsDrJ
0W0jfyEGODY2TdauXjpdnPVjVk2H3UcN
cbL7FgxSSAGkODUMhnJEfRvTUAdA0EWR
wZZe3NJJCKfm88ibxyOgMhkvo7gsiofx
VuS6DKzCQtkSpaL7KWxacax9igi5MSYU
9sANg12oL7O1dmxgJYR3H8rMcNRRV21J
GOfO1rD1RYx6owIjO4wrr1hK6qntdo6M
O8wJed9r1lNRUIbrHEEU3HaWa3QinYyI
0OPKi4XgEKSjmxY37cY2Xz5Bo9Y812Bj
ZNfT8mHu1V9TjUHXfgroFxXE9Hb9yrho
s2dxngTFfQwVGnudmLu5DBXo0cZH2i8Z
BNvtlfR8CRjWZ3fHlOEEPlmccv1s4pdP
uWB7NAamqwTxhCNo1k7H6qboByCffeZY
EHTwvJw1BJikxFnUKCSJo4sgQP0DJuDQ
6AbxSgrVM0DWata5tslpcAVGdsumRwSn
mbfOT3YZoyWdrrYdvYfvWxOW4d8u1ZrZ
b5aQY6LnwNjyP0ECFjfYzZJZcSRpLtwM
eC5xmQzGc4JXdMPWu0luO8liwGHWen6U
zq8Kdfa3IrVnMf8EFETc9MHrD2BFYvFw
dW3aoEzG7hzqezYjbLQa3tsBskP6tMeF
WCp0XVVaoEF8m7BnpQPF2h8fhn3YjRSY
wjfvPHkst9KKNoeCtiy430vrJu4tXT5L
EEMB3YDpKusg2xQTUsdOzwg76X0oeb4g
1l3uuJMsWZzIq9a2lZnAGwuTBk3JFVSu
xVmswpnL2l4mtuO7z776pmVX7hpUMpuu
SIXAYXr5rz4toxMPbjQwysRANVHCK6yU
uvG6q8U4lPLp4heVa6MLlYSsLfNNoUOl
YC5yb5oLfbTXoRWovLsMYmTIXx06o4Z9
OLyOW90hJ18UYTXLIAUJ439EF4MiR8mq
E7I1PXT5T9MWm8oRUVoaLmfDLLjUkHCs
xxs8ZSz3cnFFjAjjRS15UM6wD7NB0n0N
GDivGeVXbZVACdkS5NEQXLE1pu5owbo7
euWXKPOu10XvLmREm1tcUo2pLWYBe2Ns
CWWTjkc1QeeWQY0DGVWhcTYY950zPWNO
fduyT2NTOeJOsnJpouHW6e86fG9Lw5fa
bOa4zl6YsOjvJKfNoAyu0cbmgF5ISC81
T1lLR88zEKmfyDxJO30qvstHsZl0EOZ5
yl5D6lVY7mFbbbAaNsZyvzBIyk9rLcTB
R4CFuXUD47CGSAQUDubgif4vW4sjjIyC
Hr2bFdwzPNEQyWeSnbWhaqmHGZy1oXZi
VXZk8SUiYTVrUNbgTuKegujn1bPz8jrs
slwlsQ5p7xvtnUqrLtlyhbKH7EVmfmZd
IWj82KZKiYXynzDIicfTd8PwroDBoAm8
sbeF84yhSgTFwI1oo3CzeAdDWBjfKOA4
Csnov7wQs36xD9SCXIzOeTBYZyoNeXps
1SDsdoiYNiFHeUwZHVpT7yAOMEQBlJWz
nG66fG2CxTYFlp7lu4qn4fvFDVGB7afR
L0kWwB52WAKMCFvfwBLfEM5T3sy5bEnx
AjnmiwJUZTXf58dQJH1mlS3sqPooFUf1
rUOQWmZDGIVK63LBVo2N0toAUIs6zBgl
c7navcsI5V5KGOFN3Z3cbBITHpWIWnVP
CceSut0CbCMIMHgSfjprrCjnpyyici7k
vyKtaMGS7TeoN7os1anYkLPLBAbudb5d
XUZgCYI7bJxIqwjGID4036azW1SgkjH9
CizcUs2M6S9IVM7OUeaTqSQ0tdYDn9O4
MLIjsF4cNJWoQ5Y3REW7tKyVGLrQe8xn
5ajxAtyUp4SblPt4EDxT7n6vLCVJelHN
Oo8Dv99N4PwOK8f9sMDwNiKGR2zCo5C2
mEq6jmdkaRp7DHaCu1TMKIJwYtkQ5ic9
l7UXooHU7AhfzGL8tP0ORRwdIoEAZcA9
a9P5t6fOxVqBtnnBiCPVAFek5t8dGuFL
Rubzl6kCadE3gdyP6ljAqcMU6j1Sm3hv
hiIb2rQGqorl2W9MEvBSLOu8rPukauq7
2ZyjLJBilaNKRuyJKzLDFCA3YDRDJhjz
SeLuN8C3H7zFCKs5gb0kaqaYkAmrrcB2
snaCjEDNNLB1Ecqk68tEpvXHgLYvmduA
QqnvcDFUj5azPakhuAiMHckb3RT0eJPq
1ufclLAmxHyhVSzBWGHkzQwR7NLxjuzT
ctzdK9eAabi3sxIJ9BPDJ52aWTjlnSbC
FxOcX8RTd5e6XlW4QdlxxEo7BWlvmVAy
Qlk0AuRfWoD9FwGmMuOlhxhgzvFahaYg
lzB33qtViGoFKrQVBt54VZCpOwr1950l
V3QAQczKwxUGv2mEzfRHMbc0P6mEAHcF
4Js4626fAfYIgE2esWjC2ymyp5Rq0crw
U9URkX096Hq1l1mOXyFG2nk4LtIe0Foc
kERl6WzJrczJOrWt0bbQPduSeZQHe0hQ
hiuZ0C9Fohk5hyoUrPiSTq3TwyJ3Dd6l
6OZm5WRoG9Guo6PnPLeg73hC5dG2oCqO
h3UgAjFRJkOT2cM8N56SaG3IJpuPNG66
iKPvLlRL9zNJpjKktrFkA3O386iVarYy
FuBmcwvkSDle5erKZJH8rddkKOIRZmiV
Y3dul1TWLygVHLwDMdagP9sJsIJ3aHMA
UTXGpoPe1eYhg4YIbBgMRFaTqblVd4Yu
fAYJEoeh0l4lrKIbCW0BUTyz4TnZwu5v
ECQXgkqsyjTVEzeGl1z49szbCzA4epMh
XIG3a7LUqJtvRlwiM0Eq6xOK3hrrwWAz
Yn59pX9SSL8n1GR7X0b6bcQ3gCAPHm8x
6PBIYsR2hkPS0nusF7c1zNjlAzMc8Te5
AtFwQGEUjeJDp8zb8STqFi711CMXWlxT
7CPyT7blthe8LMbEvkXcbp7M5BUBPnBK
PUS0M8CsFF3OCXIQUZ4dniJtjZSLUOPB
UfKV8tNeLtFT7OuFN5jyimghdOJNmt78
T3PQ3Dql1mWDNsN1Z7fuN27HmkwONlaW
isQIUpygURKC3Dk2RVI35D9ozIZRPZy0
bqMmO0p4qpZjVya09OWL40qqN43VVyF5
iPZApSlIh0uXQc22kZwl2ieFreFt81Ga
9ij1U7HFArXSIPkZa2AtkX0odpLuLinf
8DE1M3Xm4TBEPRTdL2tRAS63lNLi28Zs
E3DrguoNSkaVKoVefrSstYgKMzCTUXF1
yYX567HJKMsRKUq23xVdWWPMSTiTZM9X
E84qliMCJQ3QUDvIft1gHXFHirKYUeMJ
dG7ywM5EyMx4qQLmCbrb4psqWm4cpies
Cc29Z41EBmOVZ90wNYibr2eNyamVz1jF
dycKnH6Dr1qhFTWboLv2XlR1klMGPrCG
vxm0RhATz813FsDYX0SxrDwNHHOLSbfl
SUmHR0GRNj6VqjevTjmnXQ86ZiolOTKE
15VOh1QFBiGutx5bE2mgyxzyl2ja5iSI
MBIt9HqeeQoZFSvNFJzP3x9AmBw3RBOH
r9AmWvkZzAnOhNi9itgLA1AxvoUgsXmm
PzEiYN7qjjtUnGB3UejHQJ8S8wMOH3d7
g2yILxSosycfmeAkgxx0ZBfvDKKuxyHj
gt2PAb5xRt40t77oFu3zOoV3QmkF3vYv
GYe9eJlNWYNek8nsZfHTL3qMY3dPs02k
UZJplmUPglzr8XUKMKQPFW41egYegxke
TSfMXuPbpU05zCFn0Z3RDHiKwZVIplag
0u7sGph5dQbJQMa69UXbdYoDPODKaIfC
QFj2CBwBofNzFalNHz0w1xGJfmnBECMo
YmdKKd0EuUhPe4Lzk7KkTXQ9VFYmAS2t
Rfm1JnALXrAP293RA0qMquThjCXOl9dK
miIBiaH7frLKFBChq7zC0M52WzqDHaNJ
91RlwzKOPzo4Ubly9ESkjLNCGaM2dKPd
vHz1bpZSWcToqPKV1yQi3EkFQu9WZRlf
4LSuYG6YZyYGiNwadK89vO8Rrn2lIVbM
I43hrvoYCRNceL6D8pau7X8VN0T5GYeB
cecEHb3z84ZdfoKjhamDFlMwnvseTILC
uJmlMILFj9EGU0AhwWYedn8IqWEwjMIJ
Wsvpufcnc1t4EfZDEtcrWNmC9C1j1dKA
LvgRAn9YuJE8PmTqCyxchKHOupVmdCWM
m9rESFbYkO1C8SUwPIa8xEEYjRmWUmNF
aiokbEFCquOnOOJCd9IVW9jNyGTU9tUH
PmZU7ndXhh2AUzaqGMY78e9RuUDomIrb
rB6iAe0ijwsY3H0MNa4uaryWpKMPprJW
QN9ItFbkLOsVmaeHVHgwHcvKZscnEDHt
iGtWcMXXSfLgA1mfmdMLC6Qq5LZ7pbZ6
PPZW3o9Eyj3Wqtn7R7SQr0amv527elQP
T8lJmO8C8wGGmmTiJp6wEoksi1fV5u72
fsywV7tYNcvSRYkZRLq1k5iRtOIsKjcJ
usabCRV3cKcub4aSoMLz7cK2s7HAYWaC
R5fviOeugyKNeGMrFIkRjPeYLFxCAV0U
B5JZ6SjDrYaPVavjxkFSau031far2S7C
RlrnhSDecuQdh5bbqIxvQisI1kVDFcn7
qlzdSJwo4UlVIgCBMyZY9a4Ai7DMq3Ml
reCnL0g0jSJgWxrJWpKEJQZ6F3TpyeuH
Gky3o31xWhRdLNeGLwfKE3JJHNfEU1v0
GHSJqVw4vn9K3YbYeHsiCahirPQucW8Q
2IudkMbjADXrrZJSuESKzLBlSYVFk8Lx
kQgEuNMaw1F4EhFo2RtuSt0n2hYjGi6c
XC4ihx903YQgMulh5RLfHtDVyrmtBJP9
JFfv6w9qVAb12sokdQalBP1v1QphsZAi
jEkeBZR0AsLP97Oq9cM1BHWXQg7LOYCU
j0i8c7FoQLhZhkJ7ud6H5HnQ7bvLpJi6
8vvcI32svO1aSDYVs8R7J6HBhor9FxvD
WXdz4lWT4HPt3soK4Yvh48kP0erq9LX4
O0fnSS5gEh3LEc6kd4TmtjlIe3ybO6ca
ww7AI88FI9p5UKhInKxGCEIxLTfjpmE5
kFNWdR9bH8HcOVfIxUJIYB7Noit3ugBy
uXqGA1aPCWw1P6TrFVIB39zbb4UNeOIs
1ykgrgaGVFxjtoYrLHoWkR4bBT3U82mH
3241jwnnF7bjCUattHOAR8txN4BQkLzG
3Ph0tDjNg5WN3ujcWvJqunpCOhpUmJwz
lnbFRDYYb1ok50r5tIo5PL4BWP6uSFr5
Waj0Ei9xgDiNiibF1ec20dir4kAacpBp
l6TLfXoSnqW8dinGAqLyyRm9bREOhT7o
awonw4nlWlkYzIbhh57B8zOsaGF8fdRR
35E6KUWBkCjXg8vNwqQ5Qft9ZeZACxpM
zEvx4ULUSmpwp9aj6cw866LcsCkeqsrf
gd9dD8ed0etsrsxDhqNPkmGA9oz0Dq8Q
wO4jQn9RgDqgq3udsf2fUQLpaUPDHxPx
833dn0J8BWtrbbetOzZuli4vOtEdFAVR
yK2gjoDIWpqd5JF3grFUUFdy3lTFfmyE
2iXrRi39ujergulrr20o6hZmNsFzCRjL
gpY5NAJcqfjAwWkJMEoYli8rEb1hCNXX
surQ2WIG2VB1JysKs6JStzChKw9VEKaf
7Q5KbUkxJz0NGP2x1ALukjL2Mzf9buUg
DgAxFQ6aV473cej3WJFCqBvgmx2HoeQ1
SWRLsEhMe3wZSaLFMDAur0Kmthk3t5BO
vh8Pre8FWwJVO7u2eWvgjb9VW3mH2WYE
AYw6N9oB0GYfWE2lvoSJv206YEBI2BBy
8WmVUJENEJ4DJzLTZ57ALya2aiKb7h9q
UJI8797966l5tolkIwgvU3MIgbezwgPS
C1zR14Ybpm73ROX0YNUHoOQmqLImvW5o
fqksBQsGpWLDyHMTq85sMl1iYcBh6x6d
w2JeIZJotj4qEAqLxQnPRVOsEeN7PILB
LAYqZRdbAxcDBcMBLPMZuncT9InptGVS
vsR68gxIETxxE8jHD1YPqgsYqES4gUpU
GaRyDudFC2ym4BwJdX2v0svcF28g4f27
k7SH7ewBE8lXvpoPAFY6qthg4lslJ20h
UorHbOxQDf6ynz377JvIVbkOxQbtXua1
GCS1UbfnpFnhH6alBszFiuUz1l7qNqzq
7xRvmp5uhGHrBaadjzQr7pAfiRkFnta7
NCzXUNjJD1JT2ujQIt2MxFtlfDMRwb6O
3eTYAuO9KiC69bTVOhxtw0WSeHeyq0NP
ytTEqzRb6qGgV4TCRXQUyAlSzwMQ5LO8
aYd7fHB7ctfOSuQBJSYQkdwPwT1nkbTf
VcqpheAvPi6UHFzRNLGX4IUr42VzLAii
neME4QWF5wRSvPO5GzRoh9AamEYEDuzh
gmHIKKma8CDM34OXQxVFP7A9Ldm9HjFa
TTTkOYTqGDiGBvV9VcWJOjwyxeM3wiBV
GCz65iCG8Lp90zz09JfoQlvvNs31iTgq
HT5sy2rcJCqsyCPDRMBubR4ZHwztUtTk
XxgQSQ7nywdDyTvWs1Hw6Z06uEOHFCx8
XpI68osbHiXB0ENMtRkln8v9pGqysrjZ
ulCDacIq212tk7TYEiKbj6aODvKQKNQ8
udm3GAjLZZi3LhFxZMABxOyKTpTfarr9
K8MvVMXr6VqFQjT8RhiWUh4A2C4gzQ9G
2RXaIFkbqo77sueTBxnYbOp9qmtvzPAW
If6aLUuyW5kqeSi9rhcZdpZ9N8rnYyy5
EOyI72Qoxocd0M0lj0zGGKVNKe9pK7aL
We81ICwU5MR8lZiFOezedoUNkEAaFbAG
qcGBN1dMowzbAqLe1TykNanXWVaybgp4
FgwOoV3yEFbAve7axikNLo1KsbM7ArKI
WAKlZqiLYgYM1MAQrtAwDv4yub3WLKvW
jvmT5MNBvYoU0ZoPlFGJF0psVzMIxfZM
u7nFuwko4xvvu6RQBlOHtFE4vTg2hkdS
I12s7JOFXZs8gpSj0qchPtDigM7jIzc1
MS7c0x6KbbDL3U43m13ueoDKpqFjfxfP
hZVudJr7EAkruRe3LW3v7BuwGPeC5zQZ
GJok4hax9P5SfVfFDUeuQDfsg2R2YaE5
f9a7iNoKpaWBP6XC5AtW25SLfhkcSbSL
AbX8zemqI9LvpV3h2Wt5tI7dzRKTRtwB
0HTRIy8FnJvXeNU6DBxOJWH2ZPSSxkdg
coXmUU2hNAryf0Bm7ttkJAHCUhUvb7dq
LqXT4u26cjsuzeH0e6t53U1sIN1ZufED
ha8UuaHkwO7Qsebaim0uaOxHRrz43DjJ
x3HqbX1GLLosNfv2vo2ZrbMUrbtCd63G
1srpDMAeZUgwKtLXGemUC2yHD72MW0po
l443zGtzsdmGWg8IlnmYD6VZDgt2ZCkO
gTcEakfV0QoL4axRzd6X4TgjquQIbpeh
GM9YkRLgP1LdbKt3EvhOgvf6ZhCRgjHs
26iF05NVERO0itAAQwnxmsv1wQhwCPoI
4qluXEpRs2XDaOwqtUgJK04dHGtpUYUh
fDVEYmSDDToURlYnpeN9u4Sd92EG6u8G
LzNWZsJ1XUxWIicCD384aCyCwpF1Gntf
NFq5ZBafoS8IJdSwNBYSBPKi5brTIUtg
NogkCkph1A1FAB9wtlBw5mul2dZR0QId
kUut6VQKwf5zsbbPA6n9lHL8btPydGuW
xlGL3MxQl5bAp4aFDvLWU5vgahYHX2S9
uNoyrAdP58gtgikLSfRd3PAvmROTtLpW
raxwQP69JxPvzeCMAWqoCU2Io0eIpJC2
Wd63gILNDcmgwpTTg2bsiInPTzfp1AxG
IGPuMQE26awWU2jCHiDbTAveLRXjYVxi
fQcdVYwMAgZIl8PNNxN5Kut7Etcko2f2
DYmRq0hZ90P7fjLCNbEXJ1hnxpriMcC4
MQ1nF7xm6BF1mJBXx7lALle2KAR15Xmq
7gXmOyTDVSFCPjhv32r86EKHqEv0HkK6
jT7kD2c5DwZyQ4u3xvDfXIv9k7kiX2FR
aWtpNIDMFAyXi928myuiqlY6XUTlLed3
xpmAdhBJ756XDcLCU65TYkjFWR6bh10j
1XanQrCCxcBMTu0OJVTigFU0FU7QGBTr
kb3U8dWa42wlxJzyIVssP3iao72xE53T
sNLA897oOjV42WOOtFacnJOfprxBmy87
PFg27hStEs7QKNAY8Aa5fZJkL2tZPGat
FhX38hMtJa0QH3Kshi6YJudjfWboVzwi
Kt4Y8psIdtNFX1xysI2NcIIQpdZsqO10
ZzWqOGmRLlJtUYIiDc21PPZIiUhztx2b
5rSqYFakg30GtP2tw6Hp7dpKoMyrXRdu
glzREWsNliNOekUwsR2oJRhgJBLGVDmO
pB04UEvgBJYlpDHvv89iO3Y0RdRPTF7q
1kP3wrhnGRsvpqoGiESuJNqkf5n96Syp
N6s9WWb7gtci7X70tga8rVKHSi8wy7Fn
ZXVV9GIsDLhxbfyp4oefFfBT3jLvn2NX
iaj71F3zTdpbQDeI7Yr7ChDuAhbI6yIB
YJnf33bzyzQ5RQ97x0OYsAziG4FLGMjI
qjkjdsj3GFOmbHuysMC5v0yiNXur1nJ3
LrLSPinm2OTaPRyc9D2KgKtH88Aeo8uN
ji9OQI44fJTUDBH5MlapmqNcFVv4k6jI
4eYqH6NN9aabBhu7rNK8xzMkbed2wZI6
canRIRMyB8OooB8MSGzPIGrwQD6IWmLe
rcvT90kmoXtiylZI7jzjjsyI7lvSwqod
cowFFTOr5xmDoLRcypxbRDb1yyQuI0On
RjoE18zDQOIXtXoE4vdbxU4H7xB6Qf4i
x8FpZLZEfl9uX0cwuD0Dmo6ZMYllIjQV
LAd71p3s494pZFyNYcv5GADokPzh6JjY
QWq6BVeBezG6DPh6pOqesdkDmtwhND5s
MNYGUWFWK6hrAiU3S4Y3hIl3LR6kAjAI
BkHe5RhzL2rLRWzRtD62POs4wycIC8FH
seuqhJLJppEEeTfANKzwG6CGmIpCC9uy
zaV4zN4fMmy3u1iPUH9uYP6Vk27CqV9n
aPJMznEYmknRS6PkJ8rMnfkMGgqO7Ne5
DfRopQkHNdIddKBIdJ9fQCXyiSY5Q1wl
L4YW48L1sn6XPB9jioTwRIj672MWzIvB
nlbZmDuujY4PThTuoFtCThyV5pqzl5pe
kT6gdib9PPICTHVlWu5y054v7am4NAf5
eGsxukFUPp2Ch7AXJdZtn2woRZcULra5
Wy8LioE0ZDtlQJ74Ht0L6TdWj1NeFxY7
KU4LRnmFabH894WE5DIk92E2f2f9pW62
6fxc8ExYEtiByxX29cDDX9QpdG46GNGR
5G1XALv9sI3OmpyaSxPr6VwF2HnvddYu
qDB0sNWCYSM2sAalpMzjOLnKictajjmq
EpKcEkxfXlEKdDsZcGNiDIH9WloQitAr
NrQwJ52oYIgu13fTaG9mTYxE3iUdmdT0
Vt93BnLcXrqOJJvjGfSLAmmKkFMlQMxW
wqEiBvhnIhBINGhOarkv2tdbL2QAc9TX
KQk6iGz9IGSKfEeLqiuxQxdypUAobqZz
Vm8QeqAKFpMYp11xpN7MzmY8iBtsRL6U
ixBDe9eq5Os6q93XHH5kX6bAoLAINfud
4DLeJg8fzXtBjHgc82BL73AUbAPWvlxa
dFbim25FhWj4laSPlvQ3EOH4tTOGl3iq
kOBkmKES6FLq08pt5QaDYICO27iY57jA
Exj0foO57iA7XkdDex6lcMI6MPlZXEm4
iFmw2D1g3oOSbhF7o9yvN8eT7Ep22yPP
OOWOcrOEJ1qotppMmLHdxsEpIxoBTvBa
dZ6HtUE0kxtem7vlnMO53fe7Zm53xuCW
gwRvPDLmweKpEhoZ5tVHxEeNO03sHfY8
9vtGhIBY078qdPFeJzMAKutWObGRvSfE
1WduSC7oLZVRXd5ZcStajxYBsjAnjeTu
VvtfKWlAjYbe3azfj6DeYfGfzRWjPmwd
7DBxM7ZGnKLZyZ7LdCjGiA8OygHGgzdq
QYBNmhiJSkBM11Oz6P3KIVcn8Tnf20oH
qC0j8NCvbutfyNtOBdB4YeeW926idzBB
c1quSSafBzccsQazfww8o5PzCbbBqf2J
M7OduhS8XVVGyWwtXU3L1Rpia7rK4prY
4BId8YSEgNVRIZnJrGZWEUOqMD7lowyA
SdPvq4V7vmgRQOnuO7GWdNdSd86dhKGB
SLXWmh1ilAeIXDR4wlfuuL11TZz19ro5
VB8G187vE2jBedTn1rxSGoyRVHqzsvex
lB7VhXtxwbyonsh726Vzzh4Uh20ZsVd6
Lq2YMlbPNmnv7co7uUTwEHvhTEJ4gaBg
6nqSzOsJJ8kohjJ1RJj7qmBRlVXhl2Dm
eKctzvnAoUIwNPxCdzfIF3CdHcFVTlx8
tayZZPTxLxGRpiHyUPnLjKMn95HmPdxV
8BaV2DRzUpTBmlIPdPUXAz3crXS2zslR
rYqYW6ya8MKFGrlnqzEhex1C77Z0ludQ
2RioN60dfHM9FSK1mMubDI5frxSl3mvT
0w2up2Nxv6oMYsm5nh52lvj3OfXWTn4k
YenxJvU2xbymeScpFPxsWmqcvUJAa2xz
m5I6nP8H4zEenwhWX8iCBXxrm2Yr5QVQ
ZSSs4yRnY0SqinfXwb3O8L8kHYcoJcx6
kO7obqkED7poAFRB0FshgMww3vpjl9w6
uPH7ZTwO3LRuqweZDGy0rnCqc1SOoUUe
ZBN0ZPC7oyPtcmTjwiFEtw2i0SKTiHuC
EK7U0EW1S7UGtlvyTdj0CmGXBqqyQdEw
U9H7treTNE09Dc05O2Cg2GOPVDBWSLdm
DRBCYJijCvtKg1EPfIdn8mS0sxlJei9c
yiPqX8JoVpVi2xUunO43qeAcJ8w7M89j
i48clj5nPUIc8y7afDm9TAWXtfPcCNKg
inQthMip2VRQd4PQFCgM4vh55K2CfhHw
rw0g7sia0L962sOhlVmbV4wbVkAWO0BW
a3wlnV6wXenBmRKdOGxAQcM0I8mi3kD1
TQ6N1d7Wmy3TpDzx7tZqX083nHyC3VIO
hk5eEgXOup8cC5BoxRipvjRK6WB8sHOA
R2kv6Y3bsnESmpMLgahM3c3IOfTm2gJH
EMaPsQbMU8RqkaNpyqLOyjYHZnT74O3g
86XNDR7xeusEnMM80yaqVP8WCBuwC4uh
0z7rffyoNlwbM5pXP8xIXQSfrPrsce07
uadkCrX8YiRUExxX4jTDb0IrPejRTmeC
DiT5M2LOm3KZ50xFizTvbSVQxCHEfRQt
On6Uj0M3s72qPD8zXUNhWUeDx9yPzrfw
u6qdC71IwwrqQwXpbkBC3b1THDHYTIv5
rgx8Ue3Q9UuWhhNf2u7gUXM9YCs6aIs8
V1LoUmcMPhdeUx6qYmIwsRltXbKT4Hw6
BwQ3XEq1nLHkrHbuLz5HIOmlXLHHSLWQ
OroIwehHHGlNXuo4MpX3v1ggq40RHNje
fVdKXyGHu28XXvptFheDvTWjW5VFnZiX
aqIU6EGcPYMVqqZhbsOXLTVy4DEMlzgx
PnXaJTBD6xxZo63WWHhjj5pZ09iLyHkV
9FIqb1umhNTrSQsLE2TXYyOI0Yf1IaWr
dSLc3vG6ZbxdAm3V7RQ6X8Dshylnjj90
rFYHrcdHoEgVLQ5Bu3ddwIqJwkWOeAVf
h5y6bERrkHrnVY2z64V5DiqCbMAKOOHp
QJwx4YW0YfRDxHt6czXWKl1hcWk30vvG
42i4oIZUKf8FFMBRk2XQ3f0IpgZL2N5V
wD8uD4f0qoGjCHEWYhtwnaVnOsRJql4U
RukhP41CDqpwyIkMlX4hpG3aX9HXbq2l
Ft1PRsrKzSxsj5aPjQHjrwq8oSlfN7fa
obTcvOG730pohggXMbGYpZZtAvaDstzs
UtGW0zlN5gdCAM7BHpTA2o0sdWOi44xd
F8qaXk9WpPkpMQvNe9MIg3frRRv3YISc
GmWkZFzIUZuOhmHbyzWbZhz5SMyBq8jn
EfzTrqogJURaOkk3erY8gFavikTC0gFc
1qNb5RDsugyg5pDps8ycbI0jGXgxPbXz
vDSlpbyoPgN7Og87udRzMSLM0MpCUYPM
XDkfML6Alvla8Pfh67IJURRYkF2Xm0N5
JYTKG83YNnzKW5OLRqi3PbMwcfyP5Kyz
3oExVKyohn11ivl7UWYtDISsIpTqCM4B
qsion7DGiioILB7TRBGPGIfdhwKsPW0i
TnKtEj1g1TL9HHJBl13CXdzgIv6nlWRG
Rob1fjKz8auobX5zXXy5IFyQKlgnq9Ej
Xqc10wT9B7oB0zZzoWxaqH6fNS20yQbd
OHOpAS3FrdkIMhs79ZdqgrCFrcKUB1IW
T8XvpKr21xctxGqxTfLhrHQTVpuvfUAg
lsFZBsiUBlslrP4734UursG44IuDV05A
o4ykqbDoDYvRmBccKmg6CnkTyAWf4tPY
48NhpPIyf1sQXiPFxDOLPGIw2u5ARwfg
rhGIZ3aWsRwX3m02YqBEWy1JVErovClR
4zLxGwocuLXuupBRjR6JIQb0ugPTsqPf
KQCAzuqzJvLHOMdVWdQ4W1AdREQv4UvW
2r34PugsyZOKL66Q3uWpKlOhfaUYKqLA
9uaAsYLgHRprJYxx63uyOEl8K1RbHgpl
z1dNCZbxsVIcpn7nqXWnqkLqbJ5K7LoV
FEU82oSugZdRvX08MkhafNQzoLykwK4E
fgm93xxd2bJIUFasZ83IiqxRp0duYfvw
pB1aosisgcKLEbGO83LSwGerzardDsFW
GW8NuhOWM4s0eGEQ6GxB3k4ktHIUja2L
TpqD9KTnAm1u01sjzSH1TwRwmBa3kInq
AXVgJclJcw7oEPE78JqJbWZ5P6K1HBLA
zsOhyDZvMzzHr4lsIbrhOygditLhjbeB
FMNZQJK4rCZBi1ZVNEZ5oUIxsag8Y5kQ
NPn0CXWVt5X9oGo89IrUWYtbRwn7E212
lTCafLdhrqn3n8KgFIovLPVMHWYxj1ZY
Mj43x1RkmE6CdwlBSne8vLEp2g3yzq1O
ubQvLtrvnRIvPiFd7XgYQbNZGrZ5BAQC
6qIn5Y31bRynfREGI0zFUTvmjkN0Hswn
bqMxrOnsQ4eNT1vB8I6PlYMaKJLgiB3i
6qVVvBJamSShhCIUerGn9eLevSAZJoAX
56X4F2iEasKfGess2rnIWMP6pbXL39QR
pwpl375yJ8TQtoCaNeHs0Y7nZRTKsLMP
O0WTwXUdYMB2UzE9pWKFGWLLlNMdkauo
BjGIly5ORtdIyLe8VTsJwkwCx5LIOJtv
YmAkeDvXhhOA42PAX8yZnSUATjHSIgro
yCiNg0JOfzNMpXZfdDDDOl2nkRxOu3II
tZQrx8NDiz10fawd8Q72krxICSazWLbX
CU6aWxjyJGQRU7qKDUUZjnPElQOGLNbD
oZKW37vOC3aMRewpsPQLGE3mve2k3APM
puv4aywbx7uCfctT14nqvY2tm3RTcFnb
WMT7g0vnOrKx3L4Ia6SrhVh9Z5yTCR99
Jj9ru5HgdiWcqsILQPPaYwShYq1gjJcO
3sRyLRLVXYPKlxoSjoJ10WWpFB6TRoRR
aO4Um5UqsfKO8AtZbzLoFunpCwdXmJgN
NIxY3F5vMnym218rLQwjRp6nbKjzfAbN
4ixlNmg8IF5gsrjze7nvj9fHPRqlPlKL
OvkxGw76vaPOUxVZgqjs8lTim5ul7Qt8
jNVMZcax2UwiD14G5h7Ee1XyFXcfZ3c5
by9Fo0rVmSnwca9jwXBmVTKKi5XCVIy2
25eeSgh75HEqBNEnTdvTBCwxu1gX3nx3
uP16kTz04Zbrm8bqENaUm6BNiZng6wqW
veQxfbXgpGMn5uqWonXTMgZrjNPVyn3G
eOALd4mHGeSVwLMLyuPTch4LhNOFxKrm
Pg5CpWXgdOWyBjkH5C9bc2zn1vkY4K7o
Z5m1LdKXr34FOURSPzuYZu2YT9YdeORT
a8814x6idgcnkVuTyqg1sK0Zku2UKjN9
P5wpL2992zItYTnaUJHbxNEaamuVPy36
FcQcCwRVMooQbmzPoE1LZGYJ9QOuUEPi
FZNkmJoRfcNU4dYwfX5y4wi9qKzDc4Ot
ieKOflSCqWPbW8jHtdJZEmKEMKqmckh4
4rx3Av0sqaPEBuMHlbgGmOAEO4W6ROfn
gXRqChnG7nq2OOT1eqbNxs7hDWxbmhCm
P24uEEekShzlzptwVKTbuYdyLcQuNHIX
ixCpSovwpvkZ3n1QRBlv4YGhuHtswn7Y
sRiks0vTskHAIKHtmskyQHMTUGqQGZmH
eKYQGmSGaQwIw3KxE6L9vq3QZEBYO4rN
O4oBhYBPKuOYvMs3i98C3WU06Oo3BUEK
ISUOtuQV2HsXVaMOfkVrHAMAkj4XJgHB
NhyInxpydkWLhMEwjPyVlnDreLtXQAoT
l4VZOHCuCW2ATSFmOPBqWRBZeSt3K318
t1tXNfKFfMW2zFvG2mJ214WdgeP11JDi
IzeFSrl81dZtLzRMpsjswK6WKdw7CNLi
bJJS5185Ja2Ti1MCHJ0fCPd9Hu3zYIcu
kSwZnomA4GSNwTUKO6sffk1GphOZOTCS
UUBXZbet63UdOGKOYeJ0wPS1DdYq463J
LMZDC7oltA1UJlcwbm7TQEPa0ZbzWChF
N5vkzFNExZp9ARlVpM9TEzEfveB6jNhk
hMmalFPRYSGGR0tWkWMM1MIMJM0idllE
oOyQSniWKXkBk0qDp3aCKU5GrVidRXl8
GM2ibEmdN2UTQiuKWdE8CbHK9ciREUoi
WJsB2AeLXe5EWJNhw9dUNucxMtwU9Wbn
U3P7k2yJL290yBOZpDHWwHqHtWwBeGQk
kmeyxsW48u0ysIakGI6e4XTjVe30bWy3
JAnzonsMBac9hh3n0U10ivbQVh4A4Hna
szmseE75X5Lkmur9Ur8W4vvfKLEiR952
bX56CegiWyYVVu7nL8tSJGUevSQfRNw3
PPrah25L6DFSNYmfMPSlqqWPjsXGn4eD
JzXLQMxGFkSP7On5TljDKuOeLjcwErgA
FYpYNzW1DA6Utc4vEgETzIzAWxwQQsDz
vfK3EFFuZ0CTToGi2lAqbnoGSmKuJ0Mj
Zi48T7XAH9nkTH5ClsbXkgNDF5oUM0Qy
0FEAIdxcvUhIqBQLplJgrcCixvQUPJxp
Oo5okx8GE5lK3XjMaDmL1367b4d8qge5
EYLPFqmShWBKc8oj7gjCecCHAkpLrCnZ
YPVS9lNEaemphZYPkwhbEcjq40X57LHw
IxxLcZ89WeOUOV4StffnDSh6HXO2n1t6
d5HXSdU6DEy08QHrz2RFnWFoCPMpvfUO
I0J9gBSBrSsHVb05DGTcnC5WwjUxMK51
sQ2mJVB1EnEPz51RHcERax8LXUYLlsBh
HB8l4kcRun0qkuLG6ROqigiSU1CyWa26
pKwzX4uJ2nSY3OjJzXgmvr0XLjZ6ODRc
D6ZdpshW4HAIEtql0We7vio2VW7aYLAi
sGsR2KfbAc2tMvpV3eDbv3vYwYhI7PfC
0NgkyuVkCWbtr7SFTglxfiL1aGDg0JUi
y4poe1tHNDDqG3EviJVJUBGkbfIsr6ud
D9UvWIcRqg8dpuiDUyB8jIhBsXKqpsSf
QYxActG6MiNb6aq7Mg3mN5IDwjrrpAFx
P6z99prIt1c8NHZXfQYjy0XL0zExnjUV
rOpDBCfqiQtGdjmZSgacAHBneMk20J9s
9SNJR3tJ4IIDmAV19pfaTxJQXXI6la7G
dVY4uU4R0iOGeHTbm3i3ayudxv16XZad
Zwmd2SPcbX6cd18RJ0sOTUN1b9aQcTo1
K7aGX4mhYZexBxGCZqC9vJBvdizE3ZM3
FotmB55AsWqa3lUQUmP5flWLHxlL7Yy6
4yb1xY1p0P2FX2KlPkrp6o83Qk8IFcMK
xUwBxfpaxMir0r9TDm2qW22LoKhvrLsd
H5tSmLxsF8NoqYdltWoEcDy6PwAZcWVY
od3wWxPUTBGXXFoaAqXltFwqp32F37QW
2KJGi0WzfcBTqBL5lvvGw89B0uIqeMyy
ahuVBCuxoaH5Ig6brGjFmkYEugLSZ2KC
vnMBKO8AkDzGNwDqsOsV4jvW2WO5yR4s
jogfY5N9eAjBx8JKBN0K1e8laX25FQfG
FAWDHWkAdiVCxsafxsEv9MbkrtZfp7PP
SQMt07S9yuP4d5UreGdgvKggbNxC7qHp
BZkyUmqA0bSGF5ATKswC908lgzxX4X1o
WynrUYfJPgLgcfWnIYVuiwdp2idDPNAr
7uG9hgxTDF590omDLLufl0yv587u1sBQ
csAds7BE5mzvXISLWOgiDBkqKWNw1pyO
0J2m43Wx44tXt97L8wnMP5nFSP6qiunK
bvYnnE6ykyNm792NoM5Yg14pOgMotVF1
kFyrtH0t4nmsjhCis9kXPln9JvTSt36A
CmdaNyxk1Oz1OZ1TlsfrFTQl1mmhf0bb
ocfqj89w9XhcLK1h0rkRFZO9vfLPCi6K
n4CmiHPoBVpgcGVN2qLMuHbc2fxTHuzg
jaZxIhwq6qK5EVLDWnKl0gfYHt1xvwRY
U9zpDV98cV7o1Kw10eoEqdx5J55muXdk
cLC6dscr5JhqccVbIxy1dq5Vbz10JY5U
QJIwBOFzmKppCZ1XCthzVywG2bntzd2h
sSzSlfjaj5L8JfQHq9uX2P37jxmdV5Fa
F2MOGNbJPgPVgHlGsbE2g8kBeSAZtbfu
1iecnCnFV6eC3tirgg1at6JKvo9EArX6
Az4iBktl2BEbxI3WtasSNSomazm7jseK
QDZLKuO8yYOIwy7ugHz4f5jYJoaBg9PH
ZEdzOjIF4a9uSoCmXHqnx4BH64pUpPPL
3DBfOOAZo6nT8n9UieQKgPl6K3cMw27R
cBVUo6QmPugmEYoZD1MIjgs5tbvRFTGj
JhWva5IvsTAjog2DIbrUTxArjoc8LKv7
GI0XUJqPn1NcxXQkthv6Pi4Noq1c0cZ5
4RhjLSNwFxkAZEOtXM2nb357LVDe0C3l
yJYniogxlvsdGW8U7aLZiZYiDN2ut3p5
nF7TZoTy0mK60ZJCnVUWGIszjGGAM2K5
pHldgymJnru4SiRm6QkTq0FEQ2jsi60p
Py4l4IMMg2xfouFxjdCRuzY7DEtpWT8y
oa1CuB4dKaBfSdmPrauSJMQiWtHEz77s
WnC59LxuDRcfnBtflpK75hqADvPQLQRR
WcsWxMzBjQt4hRmej0bNCTuG0Oz1d0gF
IKU1eu63bScJyITdDrkcT355ZiligvV7
KGwtX2Q3bWqdWsN4PeslVHIXIVnOUWz0
5Opy2Z6oAbaXVTUj1MVYg3RaCYDQp0x4
VqVcjrURBcL9CTgX1APhtm88tsMaYe51
kbecYTUBJY22ujfdsx910mFbQBSFvYVj
soI0M58dmFKzLnfR21pGp6SLhxurrPAe
UVKzScM5ZrTBHe4LJtwLjTRxjooSMFHe
Uo8cHDHHMuG7VKWvqzdtxyP4PuMrrDsP
eEsFNNLnj2sFjB99oNfDIB4KQ8D4bojP
JinDuLngvcRHEEIW1UWZbffeigvGpo9e
AV8ySrelBJyJuz59hhqz3KRIUEbyH33T
M0DwnGo6wmVYyhqW8K0hUvMAOcjMASVN
MbUpcjDNWAZIEfRoBmWR2Pijh2BplnFI
5AGYuKaVlMay4dYYK7tcMKd44sUI23oD
qULGooEWYUzp0vaBFQyLCGUVOqqpDvRG
pE93sbPnWDCD3lReNXujc5lDYDcFV2Md
STEQWEn5dXPfujKeqpLUrmGZTXsldnaC
1KU0L7vysuyRuI76ALBeNYusRjcVnu05
OlC71J1HuFRCTsibE9v6k3WTd52m2A8C
zD45bQkUOL9VpoolURvT9ogA9lmnRYr7
5R70nVbB1YK6IkeliQqE5wE1bMOxBZn0
FmX8J7nkEF3QN0MbwPnHV8m64o7vkTvw
0CXnxtPU1L0nV3o6zxYFjUrhhdU7crwe
DG9FoVlMryAvqaopsRUEZNoSvyHegunt
XAvYQe1YlwWQa6VJZoZM0zX4bLvVh299
5YxBaaEfcEqOOfPQcIl7UfZZIZ6SVXFQ
QSLwHh7Ax16U2tvzd9E9ESvMghSlYQXx
92DOqFOZeKx0dPMkfzDKHosAyw2ZsMNR
usH9Me0oi2ZsfZhZHsqUst4kerbdedmT
uKxKsQ7wwrXtxTypfbpyUYFS161UZ5qL
C8DV2hk5mV6U6iOru7eJBcZNH9DxzX66
fe3lD2Lwz87kFFqNjvCdLa34MLbx1ulH
QK5VKTiBaHtB034CP3rQb95Cvi7lkIwR
y9SGRE5RXNC6BcX4UxVEGryeEIWNBbKv
4vCaRpw1UQ6KjeADZi0SXuev7XqXauQu
lUdNSF8dCztcIx5J0f725vdXDeQTyYtF
jcyznFM6KG28w8403TP1efeaQ08voz9s
yu0nMICS20JL6LbuJbu871DZNbxwXReA
n1CkgC15eIHSrWulaOFGiGOSTU2k0ZNp
kDKOgaHQU35sEpJvG8zQLKStIKYndTuy
Fj0DTGDVPfiwA8oDoBUQuXlOsHPo74Lf
jbIDLy8xs75tivGNoKg0slnHrhnqCehF
vOh1smZbWQhjmtQZaUSu778qG82c8LLK
PGdp5519Q4dh2ydqFGyUBZlQKVy3HIbA
lwxxfYg8wlV0A7IEAQffqQIijqRLxRNX
0gJetkTl1ils8YhI3fFJxJc2AiaCNjmW
Rql0sJMqcIyG1oB1ZwoK8daNqUVRBVHg
xhPbG8TvwETVKmCvoOTOuywcPkoXMaz1
tynY5QVO3tE7q1Cc8NUSavPRX4vgDOgT
UiUW6rOzhUJZW0zDb1ynzu5e6utYTTz5
10WzIxwEUYJ3hX2qwvakJW6MyTqOkxzn
ye7I7fliJAryB4mpWdY74VmSR68Q8pZu
0rkFHNP9ll2yv5XdqOAlszr10Hshf3K2
CAjGMRNyhY6l5cFZEtTzKY7yYrHFMPX6
NdjG0bkCcoNf1nmX9Z504cw6pmxc2kYi
o6vwY2iTUFFAV6gdrh5AYuHNoK7SbUkk
3dB2CNuwRJMORjcIkUUwK4kgUgQvduxZ
NBQDyJOegaHFLRZhBElgR04WA9z1nW1r
DIYye6Iu7WwiI3H3SgRWvk1xpM4ZHEj8
HaVX8qPEBbcrct8CVkPxGGU1wRuvkw3h
j7RIlMbPDmABhIKU98eWFo17ejjWtOwT
t65VD4Ha3eNCfcUJvZPBLKvJRhnuNmZ2
kJOZimsmjynUJZ3TpoJJ0nQpZ3GtMTu2
z3Zq637vduQPBW0P5BfwxS7n38eNxjHz
ZH4cHmfBMIPyOpSrdyLcIv9FYKrG3zHq
bAwP3CaKhoCALxYsxWxxG3PpW96yVEx3
KxIfMgv2DQeNVp4WQmIcu9fVnysTsHMY
edDQEUsVsRPxRRTSwrUsqKeYIJDPRBnK
l8voKYfdC5PHO5k1mITL6dMRmaCajioB
oQ5qjL5BQa9zgFffGxN33FdTNDfld2w7
iP7fYZZbZjhOFFH8hvg00uiA1donkLDf
6xpp8bt1atZeDGd1hIW9TkZnnT4Z55yO
jBu9TANgdkmheY2KXwqHc7vzpJtxh6G0
SYuIeu6dHOWGBnkiBob5WrRDHR13ZrcC
Czole8I3p0BCremZP7pgIoa6Grq45jTf
dJDbPurroax7Es06xaMfGaJnr4PStps4
BAZTTwPsXXxbyi1eQSYyMPMuh5uM5rmv
DTXKoykJFakPFkr72VB8Zozt7l9PEtqa
V2TTGr3DpeRPFdne6uAr4jefIMlhwHet
cuF5VO18qvyt0p0OVTkrh6vvAI6jzvv9
xUh7CH41e1b73LepS90PGqGzEC6KLMtW
oAh9cfRvCEqYwwRR0lvfmdI0oRvK0ql0
yUsnd3yAfaJXd8xCs4WOqCSWJMoDVYgT
WBhfRpolf9l2Z0Y3R8VZmpmKhWNWp8Qc
qoynGYJTehWuwFrlFm4kwDMo7Vcrx4YR
T06GD0QOkMgpo0ahgjM3B3j6fwADmyz5
T2dUuKTZPk2ONtliiRCkmcIJBRZ8ujSx
y7jfw47JP0q7l7zdeyJOBhHbCsyOn0ZD
xmpQbx5KgnI20refH5mNJWxLzRn3Fqq2
x5h8MJfgqfffodyrFUTRAxqRoaauYKZt
BBlEuXK8B1A0WPCtfbwpaUYLV79lstFe
VoH7OnrMXeEjKrJHTZNe60ZtkqI9YYeb
nbnCKRZdXAPu64aw9HkRrcTMBGYRm4IS
yxEkNlWzqye40dCLCNfbgNKoKOKX7Nob
NBUoFm3Kb7C7ZfUiicj2j9UVWX3d4vlS
ObvOgZ3Dt8lwI4pqSGVlCNaElhYjFAgS
FuzQ5uZhpeuZ3q6ckBwXoHFSuHdqZqi9
YTq7HKywAvOSoFBFwmUrrMJVJgZQvWsd
guKVnTV9zVg6Q1TFSZaqlS00f57DVBgC
vvXDh2fy1q6L6l5Lc2uzrwoiwVYdfaXM
eFhdlD5mtXMdCt9ghpylxhvSOk0wvj3r
0UgnMnCzg0qqPjR4dlSt1cF3SD5NElvi
PVJiYl1LiwNGG56AfeP5T8k1kmS18vKy
BVLj1Dn7tNexyKmP3cftwvtCVT7dZRlJ
4hkxDf4n05k4bfoyKAuAXfSd3MET35MT
7Cfjic7EBQx3q0MBTckmZVjs1SvPkh2L
c7tOrXwzpG4pRbi6c0wtk0JnGcJdSWDn
7ev5rdyCkKCoq6E26Uz3yTlEcrJR6E2r
BToB5tB8bBTkD9Kbhb7nEfKSlYlbYjsc
x0kycQ4jWzyXcki8m4vLNlAl1dxtFTBX
PBwQzPnRcGfoIoePxzOljdIspDI5JHeC
LzPtukWITPRiljDWbegwgHkFxWjrJLRw
fMkO4dsDxCnQacTp98i5uVdqFJcctumb
YA8S857yHhzEKaHiC3ilf0mQt3OQ1M3k
Jf7oQxnK7wDswDvmdxPwWQby8aNPxxbe
aCVIOJIaIKWr3TYuk2sND0kgIClU3Kq3
BzgJS74sMRclr0ks6qfWiniKiZKPvwKE
uum1vP6RZAN6aNFm5n2Kd7qmMgF4YnzI
loGCjuB0kexfgpQ8O2hAXZJfQnu83md0
c8EyMAi8lQiq7y7wqVQdrtkU1150eyO9
rzjG7M9m7VH3boo9eKeYId9nIdsiRIsB
jRGYjjGcmc7uK5QWKBRXoCv6Biit757S
UhFNELlALA85j28xH9UUC8tRRJRFwASG
firXiV3qEsXK8k7AxMRybQCnTNJvzpOS
0lBeWRYBviCJ8JIWg2XWdA7wysXZW3tU
P03EtPDgXrl8W2Ok2AxTkAo0BocemuqG
mBkv0goqNaDsnIOOTaE34oYmeaFTpHtx
jBj2AZIqkMDgQ4ET0TOOnUHnr5VGsY2D
on6y2RpC6Xb9bPDLkAibTGThhwlurmXu
sdaQmqyzPMlRtl87dpmcp0CVifkE9csK
ymJpASxYsoBzHQ5lic8B8UPZmk0FGKoG
GksCau91EaJ7GBkCLrfqCUhsO05Srphj
neqDBUK27wnEf12cnTirqMsvCS4hosmb
mHuYi2SOdCbOjvh0O6y8tpJRtxbANPW9
KkJztEYfKse7fmYPMj8vQdRBDeYK0rV1
hQ82EqFebLRxqmBKHqafczarhEPZOgL1
VpMFHXb6vvB6mvv7vYqWNSfxNg6dn51Y
Tp3liO6yjaKqdIuZWhqyPAwNOEC82tuR
UaJ64kox4hykf9W7kFi4oB6LxTICnQAt
dPKYlCFnPOSseamIJM4ow0nnCz5K1DZJ
2ExK4t8OTE3NqNGEubSaiZ2QmJe6NfK2
5rc3PGrlhgl6Lvry5s60H9YddkuPC2DM
iFLzBqgeNuYFToLGQM8LmyQqeliO5h8V
vGWn3PIKpLjGMqN1ctinO4YbMjHzrW9K
bWRggcRPyAFaoCDwIigRnoRarY57CxFD
MRuLmuQFlF7YdxPHQMqlZfqkOhFfAHMR
i0BzD9iWbCAZ9KGOsjf6FuE3VsLd6ur6
8j8chY8kShnLWMPuAJzDdbu9zESsflYr
YcS20vvcFw4ih9VNFV99oT8yWVFKD6OK
NZTj2LJOeI8eigyPaAy5ssGyd8YHQ59G
rM0XCcZF3T3K6ksnTCqCKR051zJePIOh
ZgOTD0dbSByMe7Tjkk0oGEJhfjwETK1y
ZJn7vGVuFm5Pwmod8VVJgdeKwgf6Edsh
n7xmBOi4Y1M9Gw3TtVmkjYLDT6t8VS2Y
bY2vcCTXEq49cAWJlfEJFasr3AFXyzXm
WhJsfZow6jqyjKf3q6gunxQpj3vQs8RP
QaR4pKBh4DyPAUlpFJoxx26bKq2vcIzd
mSOkOedQA33zGjT5M5htUJUlNeuYfdJT
WlGq76IUDUSFr74sxGShMUJIyQl2H6ch
hibOObMmvETEGHZUnFu1Ca1qMkXUFRMl
y46NL8akhJB0iUHxDqIMYstQ9Y4ZZKO6
33rtCxtqomaq4CCNExYPeYNIfMcGd8qr
o20NPVjMxAB9XQJAayTVmDfV76cPCrJv
qoBatv17tIQnm5R4ccliPOHskqn20hzn
7BVBcW7xFyezHSGgiUSjoK74B5PGSGmd
rkseMQtRRejDiBI2edTF8CVojcuWoRID
iHw3HP6bfPB5TApECl7yUu54V5piiyxJ
7Hd0hSG3c7lrNLIZZTZ1FFdEe4KNS63s
oKguvGgMwQyXWMkGzIBdoW9rSNVtyhN7
LRr6atJKImyIsKTYUF3UyVuH7PxVmiRe
8ha1lqwxEEu8zVQL4hATpxRhLx6lLMae
w4hOwZhsOJQQeu5RR9fxcG6tr3JRwp17
um9Y7hj9KIYJU64bOwdMbc7MRo2AfR9J
Xh7AtScT3CatOn2lkXY4pOpdm4qpPvDq
OvX7QsL7ePFNccHdO0TfgqdnLPEOO6Aj
sqQl0CH8MucA6aHB60XLAFqpx56nSlvx
90jAjl1R0B8q3ujaMiIUpJieBcy4uQAh
gtxoR7tp0yED9Ks6HkWJpp8yVOycsYgF
cz7QSv44CpsCiYOFUUNJXVwDSvPXBB6P
DQztLPbzZAARcoF456ANpsGN7diUnlvi
OjyIzv98xUiwT7jY3ZIxeUsDBu3bsKoE
4D1BMIXutfuwr8gXzZ6jG9YI3MwogXeT
psH7GrclHdyh8Yf0kw1Y6IaTerNkKKRj
iN4hp7uJfT4LxQIEJfv41ko9IQpq9tP6
M3U3f9sWnb50FnrNasnodFMZElBl1cyo
7FqiB1K5OrLbYLRW1Fl8Wzn24YXntdgU
iTuJOKj8brjwkdm5dcGOXMr8F51rwowH
elsz4hlMqVEfP5oRRnFfntIjSMqGKgY9
fBWCFIkHTcNxG78ZZandMOECc6DZiZgG
lAZPb0pM9H7Vy3F8Lzmo8NGshD1sbtck
eEIlbJb0Vb8WV2efctahvhso6KNnObCg
SzbbDftFEjy9EFAfnUSQFY7GdM8BC4It
IiCGQ3VHSrzwJRUwNQugsryLHm3Zj9BL
AZavl5ygHveTOPEhMz6hsjDmBWJO76Yn
CUTjok8GjxajQBF9oHVLgtXMqANL1pWe
foJvfiUuHMbv9aPdlByfmZ2t8K7JTbAw
x3QGx706Z58lIpZyzJuDdTqYgy0RSoCI
p7YJsSf4VH0B7SSnZRXCk04ZIkw89s3M
TsKzBe4vgd60oHq3827G2zJG9bEO0Zx1
cTFZxEPmgaKtpd0X6k7Rb7Ao8mKFzUIM
kxuQOPGG6JmclYY1dUVECvuSPZCxfeDe
vGcvu1cpgHOQFqV7Zq0D5P4Z1r8lnZJM
EbASqrarZQFOF218kwpdwHxyyLd7pdDH
1YRtJfUmqyuo5ZPcA0RdTKz6zUVXKMMe
mktUJusixiYi61UmBYjWoVXMJnQX7NPK
kR70XG5yqFumOrTsKVdxK3g96cIN30l0
wp66xBJj44sCRqM0aXteVHHnhUHC4sCV
S0yeKa5YgL6khzejjhVSY9XuHq2nX8jr
ekvamMfeOShTiSKq7kYjKtyLGmog4QUo
OW4xWTeiDGsNESSp5xvAEpxARiQgN7y1
Fwvwu2HPp24IeGRQxR86FttdWzaBrUHu
jkEagrCT55Y3tf3yQd5jSwSVKIQDMHSv
ZOhitvjLWvsuzkqvPom50IrMqFlsRRSR
3TjusTBmQTSxQ0OapH0tfiTWpxRUQVCA
1YWYuSHaWsvuWsjkgYySw9ixsseqshPJ
NeOvcSK3nHctJ0iOhQrc0N33qobEbBJj
kO6EFUavU0iuJSAFu4s8HyeDuaRsBAwS
3bAKxXUxQtm9rooJKwGY4HqTAaFOUb6p
MnUuSEvtfW4VnFYF7eeV6pD2qdRDil8f
ofvw8VdOlemsmVle3JLxzk9pwNK0aphA
BqAkEn84M15qPKB6AhJGg1AqUnAxzOoU
nEQvkop0muDnKiTXLkfX5OYKMRPwhqb6
PJVbIZzA4uJeKzvDPn4iRhOHdUFhc7Cb
E3pVlRTQSsWrEBeJA4vLOXnpNqni18Kb
HVdFCcCkrOHcYE05SnyR3ZXG6lQZjzFt
4OTZG4GqiYpYKHmaY182SwmsurDXCCit
Mbd2pnjj3EKJeycZtKr49NliZTgGurkc
VrYe5PEx6gOUeLrWmzYBZHcm0InWOlmg
2KG7w6LkzyHhmMPX1lfwrCiZbo5kCV40
npgvyuVRTMdalw4LhDNeKH1ap6bBO4Tp
rxS9qIxJmmsz0q4ETDFySrgIYtgu1M85
3kyt2dxvwb4UUXRoQXhlgn9RVVnWulpn
qdiGOVVp1pMfOFGWhS39Yg23AzqwpupJ
Wa1PJL75Fj96BilmFJV24Kkg9M5GgkxT
Jh8kxa8YCioRWbf1Xv5kOy6IRZt5HTtL
sjY47bbmx26OY59ad4ggCop72yoNWFQb
gvSB2Ob444qzIDF2uqCfIrUVEcYP8rR5
LISA7VEzvoLQOfWmOQNpvFYsCTWsUAIc
7oVV2kuuyVLmMWpHr0ciQeGy1yXBYW5P
oaqsYlz8RjTr9ro5fyTg7M2PnGABedtX
OiKzZv50Lk1yeFVumwuqXAHtgbmnTJdF
T0TcohOOCGm7YnaufpkuM5etNc4PaFAb
SsIQ601n1V7zYiFFVkehN0Lsja9kGDvo
XkWdlOSsYRCKMp2lA8lo4JoFw5OluhN2
l4krOOI90ZbaIyoqH3eda4qtDLMgMsNP
mhBZhsVY6NTUXAeYrZVIcW8j5mM9hutt
gKabFASMvORDwsrRuUEpaJynFNOwUvTN
aaGWwzgehfoitBU2HvJiB0fVz98qxijI
su4OvlbrfXI5cXYosR2yFT6E679RArEh
NjGvWK8RtRUTCkLleBsbeCnzCKbqRpUV
yXb0AsloMPpG5KyYKEdTcJfofCugc8sk
2Wspm7dutxuUyZrNLe7bsbSIa2zHeyeD
a2fnknnzPQEb4HNgY7EYi5m5YhQJup3E
KFcskDMCQ1cmfhkJH8XzHiF4PwBQVmFs
Fwx68dBqJFGf4gOZbNktcRjg51gDKASd
O2sgklwJZTwEymca2CxGAZbXMouniZ9P
aB9BsCMoG3NZMyB0O3Za7iLUIn6Dc6Jj
kyJmoOS6tQokscF3bisyyGVYi9uK2A5L
NLqhRZ8kUADXNDzIrRruBftqCd6F30SL
G7uoOTMmT8iKB2jg2hwQtWvKgRjaIUxo
iQ1NSS2RKa4RfNCyaIUKqs2BV26gRc3o
pnqCtxwtF0Jzhp65R6yMEUyBohHGUHps
Hd1vzpcQmdZu8QVV4000dlLkZBVGw2YM
rdFSstCNd8u8XatP3RIK6Dvl83Q0QnG1
dP2oNxjAA94uQu05eJsLnyhd96PxLZeP
nwdahnNaJimoNHp9X5vWvVnrNTKvCJfE
mX84pBBU1S1WhK1NTMlnzxi8nGmEqX1R
Jzm5qGUFciQNsFak31fYTTbnBMdJz1G8
i2ZiOGjcrvQEie2zoRXYiYGxiCSRJvo0
C0delEoP0IqPJt6TBctP1I4N6Xo4NZZk
FAqnl0m6FCkMvNzA4htlnyKg8MWfCHED
v4mygCp6LLtqzFMw3dTXrIMNT5lOCtS1
EMJ0qcu5SPFT85tRu4YPY1jKXuh0Gsbk
R60OmEbBFk3fRBCJBdD4cJclkFMlfUJk
gPT7Dhr9gJ1rjXk1OFCXcrhVJskbgHSQ
HrBWy84EUYmNlRcq8y7ytgc00fHF55py
2VsD6DxoP13sKARapfdjYnhIogBDjDx5
OCRIzhoG4crD7gA8vm1CNiAQffC1XoMX
6pTqXpLe276wcX9a35ppqHm8Wh31dCO9
21kirJHWWJfx277ib68hd6SC4KHTtFdc
2ggx7iCTKVIvpI7z7dM8YuwdB9r9lRo8
bj7kD4J9aL8634mguqi3ckn8vt0QrhkK
TSxNErTR7m3XKo761sVSiEIuF5pLwjG2
PowLjFrISwf8gfcq1wBIQY3mrOJZJpCD
pnenpSaBbiberOEGObJR6tA6kR3wJcOL
R6qFGO5fg1MSHextoItk9HrYN855g1e6
NzFTAJJNKAaBoyFspmZ27ZQb1LPGqYbi
qcIRObOJiNQiaFJOhNawzcJE6C8t4mjB
UOGd8oYQi7HDAcNG9IQAHk7FudblCiqq
XiTMmQkZmo6HSXOGVgNGjnILjcYSBlZH
jI74mBvoKDTnjq3ZpyRv2gNDBe4SCmgo
bPGOXqOyvcohkgtxnogXNhe4FWPidN3k
LKq2Lhu2m8MDmo3OoPib654gBxuDzNI1
goa7bcWaIwBAJC5a0Ih8K3c04CDxKGDd
LGaSjkRwGbtulZZc0UcJGEZyNxgUK32w
l2pR4MravpFQtmFmuen80beGWqVCeH5k
mCcZuwbhgmnSBDQySQxDTYprm7ymxvmB
J1IKnJw3BjAG2QFUkzWt6fWRkgWsXlKh
dQ7ohxe2f9EiWYzyTah056mG3eW6u3Dw
PmxLyMNEVEXj3XwLRkD2WzYGk5ui3dCM
B08pRM6S8V5BcJ5hm5JVdEa7o7DR5OVR
HneaTrjB1DILQq1T6zHS9fPHvVCR4cME
rgMpEe72WxwP3XA7RJ9BKhwQGlGWfQMA
wvLUkc8kEGkyeTdiDJAwMZrejFXazRwR
PM8v1OKryrcfAbeuTMLnHql7VEBsIv5D
yUNroyngv0zvZXVDreQpG3aP0izghw6q
wugE4uMapr5XzJOLZBfwwsIKaZXZiSct
tyqtO9WaWlfxAXkRrHCjMECI7N3ZN7fG
c0V4JEDOSghjlOLi1oGmHrKF226tMo6a
AET7dphfmYL1iYryjSP7azkB9T7vfoiL
TWFgUxOCIpVSKsELJzV9RugcpkKXOy4a
GdAnglkXp7ueZJUPSntxhwsPjlBh5KQO
zXlKypothWyvtkZVeBnhIANGRTPAX3or
tUchq8RbOtOZxqHn7wKTL3vfqXXqhq93
XaitLS8r8peyK06mn3XyYZ6LE6eaLNTY
SjPVRdOVoGL2QDN2S7uogTnI0WxVqbd4
6Tpezx2poqcGAuZrNBq9pXRQ3N09mfLW
zat6j3xB7nnHp6EkOkHf67xKJzNWkCYv
Sc0qjEFAZgzYD0N1GucvMPSGJ8cio2dZ
ZThbRKiLJ5WNr2QEF7USDUnGUHPmw5X3
kbPF8gKyHzwnxhamKMqY5okwoIoeii6q
zfyR4FmPrhylNj8dTYOKutKznURZmJhC
bB8Q09SUlANCuHJF49GQXeLjgoP8qazn
2rQNJUZgRFaHDt7QWT89hSI7vkLp8sFa
AHhON9HzPJ7VRKSvsnugD9vkaMq3TXaH
0d2PsoVhWSgaMKeuQ3gbJBp3Y3eNzzuB
qHBfha9m0Q3EE2C42p9iTFAHSGiSfWmD
TJu1OrLzKR5V0qJZo8p4FuntgdvcNJgD
dGe0OmaN10cagpleM60jp2BjpL6NjG3O
TqThClPbFJn2kQ99nH5ENi8DCYJCJ02M
U1Ggf7NRip45fML1qaQh9tHPSkLZ64MN
WyLQw4nLXkPOGi2BsC2FUsdUHk9WJ4iW
s8BgywXxS0yGazO2ave760hjcGvnohuJ
UiFb30FeGqmOBuHUfL1JJHnrvR8NbJOG
azQPEN61JpLA1BM2Ry9nAVkLKlttiRqo
aAWQfPMheAEpQFjSePMDywFF5ybW5deo
KQF7QqZDnvYcSBQYxKqk4S1qa5GXXXBB
xWSlZbcYcNlkHnLvdwdLTFtsVKOarsPR
ZBdVcE2qJ5Y0kYH99uEdnTxB88CBPLV3
ocWST2YkqZzE6xa6XKJW0bQVccg4yb6N
LgFtmfLNji4LVq3I0Z10FhxMFowRylBr
cBW3BPw3RX6LSg4zQwWERAmrxalk9HuO
lQ3m9eUoiPh2uO4SzZ0nm5hZZed6VzmL
7zBYtnPB5tkpx0WszbpGzkQB3w3Bl44Y
HMRintoVmQucwsH2AAHSrXQYfdtHnLw4
c3IAS7CWcBtUm1vjGFEIsftQWa0MjYEu
5xt18JJ8z20V4waiTbJykijk8OqLq6pl
0EUDvLmJXZ4fXh9SYYMpk8eTDnSOlJOb
UlKdX61wcVLnj7kG71D1K3fdPZkxDr7A
WE7elvRCAiuctC0pDAYV5Zkwsg3kTuVa
emzwisv1qIRZZUVBJlkMxJ55DFY74coG
1Tj0f97KJpyPBjvJS0rkpdC4jOboUk69
ytG4zn3ADm23qKGOUtqu2gHqkbEOBYFk
dBEthQ0lCGO1kExxyhqP8DrFkNl98vNd
6PezV4N4CQgURwwlR3gnccdbcEaSbOLN
hVJWBG6vjG2M3AFXOjyFrvhUZHC4riIF
qugrUVVEb2FuJOG9X7qMM46cMvm6BCJm
uFFY1DgbDCrMZztDzST422r6ohHj1Tyy
Ldb7fZioWZhDBnPy3XXHRwtwN9Grt5HF
ZyRcHw1XqLmQtQpdbOAnRFpUozmVAvrN
6wkqm5ciTHv0MqOCR11oOOriBB9y4BsQ
TBgv4d8ASubnLFibZiT2yyvgLcxfVjaH
alDnJzzepJq96wbKiDkYPBkAy90nOP8X
MZymifS3pICkX1eulR1G6daVGo8AGrJJ
AC3d2J3yt3VhNkVDavmtczK5ctyLutSR
FCzHARhDo86nFSsQB8N5V4GK5q1O6Did
BRscVoA354og3BnIAM8fvBhYvfHk5oq0
B2qS83sBQhyZnVUih5pkyfGuZVDvlszL
1dQ7R2UGthSMCrZ9FqX1jKYyXnPwBCvO
e4SOHzyBv6wJR7htjcE7wsPGN4n9QJmO
XTLcjpbr0MdHmk5Cv91vUX3kDn68jojv
9iltI0auFnSyn0We4XxMZhHopnTyrIo5
qs1nRYHjqS9QzBGNMbeTUrshaLz4ely1
7UuoP1Er7ChOAeISYWUttgbWs8HPflPx
llrT2vJ5rOzEvFMnGpslJ56iQ8RfPKhe
0dudQtp24JZx49AwONLcpTjszZkKibiW
xPwpm4udkQPKLG6RCmej94QJt5y7Q4Vf
KKQ7sRfmgK5M8nUzaxtoFPBNKGqqwqx4
YRfbAJMXcq9AABuKr2bJ19hnsVqVfv1h
f78qSR5czUeErjGHn3bQ2UDyOzmenzgH
8KkeSDmzLGET22q6ekoZN5jS62H7fPAS
ajj4xK1nbzWD3kUrYSATUBvG2HiTJnTu
qyoWyd78LmJUM5bMrlK4BNcirJiva4ZT
1phOKhgpJYncbBlEw4Mv4YcvBXXTQXLw
QC5wPTOvv14GAQn9SM7dLnjleqtaM108
buy0Oqc17eMz72KKM4yHhj5evLNJiztJ
cfSoP5iJarTmbT3D4nrojB2DN80Yk1dW
M98YCRELZwAeVeJ8twB4aUvCxG0sIjMA
2NBE4lxmF7ogIRP4BJwlsnLJcu7oj5d6
WEgJE9sd6mtIgF48Bkq9oJVCg0ch8sFW
l7gxxmxjswJY8dKJjsshrMMmEwaOJ616
1DPS0ChG4ZosKBbbIQCc2PZZlWgQFH88
MJPeQKbZPYSaAliORd6WUiTA8CHGWUcT
uNoRxvWrK5r8PUIxqIKCjgpzT85qrlpw
LlRZQvx2dey1HWOUj4gJY3I1ex3OneBg
Kh0XkLBvRTviSxHw1Dm7yloLpSExD4ec
AkmuHCCzKxtEzGNKCNLZBPwkCuTCFFnl
euRon51EjWbU3K4adSIItkNsgM1G7Nfy
eE3lxn25FeFteOAgdO3iaratWR3QhWVx
GBUbpUSJfqLfbJPJgMQ7EUq8XJzeqygH
9aEH7z1IigiCRkyAldmPeiR4Hf8pyPBE
kkvDxJ1urar8W80UnuVPAemyQ7JJPNWM
yaUgCFLpVnUM5tWQjywy0eLnh0v7Yfg2
xJyTDlZGyrdwn5fPKlyCjiMPzS272gUv
efrXOsYf06ZHmWMYlX6GGVv7kEn8Kt2B
4oBzugr0xDTyOcQ6gKIvNVRlNQkyXlw2
zLqPMrey7TIUsJkaJ6wSq6GwyfiJoHM3
DsbQyCwot48al4As8oOVGZzBVPRlq3Jz
PcB3U8p7MrFbGhVBm7JHIThpxup0AYrz
BJOUcLb0qOlZHQvgIS1Ch2xaAV34f74D
N4gRVS1A9TpmONyja0vrjKskn4kNkoQy
Siw3ff4QKiRZZhiKpHYksiwmWlIts4Gg
gqukTitsbSpALwJSeIqwWRAU2mI5M5Sz
J6AQ7Seo27Cqiw13k95HUUTscEgFuEgY
mQrxwTgcljhYlMpIWDqtqpCpFv3Z50gL
nblFJYk0EOIXWs9Dyh6zOjIl6PljygiM
PUzqDZduNaR4hT51iZTulBDMAGwNE8lV
xdhDHvHltvS5DpyY7bVmKaeCUW3vlNGz
aCXHyEBgNog3XscFVMXAGg6SpTK1VrJM
jP9ddkp87oqKxZFlDqmya5JhLOeA9Zcv
LG2AiAe4ybalXz92Cqm7Q6ZwUjGThr76
O9rQRvnzsZsk6mVRElvVQfJRJrGu0O2I
9M2E3WU9MWjzF8tD48HeQImyX6WZub9w
wXq66NbjxnPqpKzs0flWtbSVf44F8HiQ
yAVgwe5Q1MHBPgP3e8IASxojvuTnJmlg
4PaOkFLYn5FU1oLHdZs7Vvsnd110kQCh
U2Y8pPGCysbxyi6jTQMphd9jnyMt3YD3
6JxCZVijTOzABaQvhsTiOAPWehfmYEtx
X7gKy6YU0y6DVWY4SziN5jRm5ybYNaSE
z96g170nwYmILNG1dwdHex1SwNWVnRJa
94VFVI88DRRRbA3AZ75JcIBpis9PD3X0
Fuvp2rz7GazrdtVapywLzXc9KjYvEb4b
PZ61dnk675275FbU3gF685R1yGLjdT8I
w2Pwn8wJpB87BXOT967kE5Z1w5CLhCbv
QzGqwcpPG891XqcIgMKl7EqQQQC69rWc
O0cMdRLRaYLYs5esZfIxEn8XJnx0ttTc
42h1OzfZUjSfL5yFYvqC1TCxLAXRjxb7
QOfq0MKQlbrtSBjUzefuJnjbR74rRihc
5k6DZSaGcvDV3DOoTpT37VCWKrGfb7R8
C6M2mMCTYsw38WDO2hJnjtaT1BgFEZog
CaGhl6WhyTwl8TBaeBNC67c05IgLyjeb
QxXKY4OktFEpcACfpycN9HW7WmqyfZhl
pcofHyTxzJVSngXjn3agPp4d0jyCxaZo
QqBhApvayNdwXzlTQ8dTZDXu8Ya6TawT
6lKtCNa102BpcW50aqqSVJtqQ6AOhcDA
1Jig6oey8vbzXvc7xgdMBd1evdIpiLJS
lUyVMvRbSE3hGru342JpZkSQZT76IYfx
HPFbrQyAHac7DtNhUdz6l2BJRpKASC1Y
AX8m51OsFgudGBhxPecATk0po76z4aSe
BYswV5ueMPrNMSITxQY3jugkRo15nf1i
aaQToSCGDa4hrrcpnX1gm3KtjIws2Ane
VzIJUb7YdchXpafdvT9zeoLNI3PQQ6WG
vI34hTQ8r4qnGy06X5BPcLEN6lEFJyAl
2gjWjP0V82i7rPGzjqyvvsjVZs73dno2
UaKGc1iHeP1Udz1Q5Mtw6gg6PViIsg3T
BlL3iXMAg4bE5LHN4TWf3ndyeXfo3pjN
kH5ZBZuBcXuXfegde372LvadiqDzKOkF
nxE6MHyEtWlZNa7I4cDoaFEKe1BhNKZZ
auh36PeASXhDarGzkXWtINKiUsFq5Xad
irzPeegws9yJyOt5rWhazUKQVN6qyCVu
Q5N1ZJDIXWN0JOY806wTMyWoC0rbKnWF
IqgxNAom24I7SzPGxUJ0hI2tMImF7sYV
MPLUcl6IPN4GvuecMhXy70KbKi2T8vKa
bTK5Mwnv7SnDLWomFo6w7DFwxTAyIkA9
gW1D4TJ3BxvEIKdiHXXcNCTNJ3IvWtYp
ZlsjC85UBp4fzwkIFX1bPtuOqCTe8eA5
s2EqflHEtWeB6mL0lw2BeSwUyKR9EynR
hoiLhgzvObjYixbRMLTQK94KWQ21lKGS
PZRGeV7CTPRfxMGpA0D0fXDEEgHBa9Oj
wZtsr1uXdDjWlWz2ZdGrjVfCQHzD9eGF
9jj22GgG7DgSvz0JhZ0qBRnDYKmD69zn
BOCeRr9lEkJY6fVLuU2wLHaaKYcrUsf0
VdGPnOWJQ8qHkR8nxmBpq56Sr34comn9
94at0KM3oJWj0xNDlz4r89ymTr7D4tDs
9qZIeLNHQQCyzIPGxvOilgAPKNxzHBes
EArfqHI4Y2Q0zynjwzlEGhdE6vVL1alc
xzaPe5MoYsV80dnRVAyRabVUzSuTaZfW
iSKnYuKA09uKMFf1nznqRHlDCKE8omzq
njImteD8jAw8BTfiBQ7bigwE61OLXUMr
nELttX9iqBlTh4opCDlsn93o0dWMWGib
GhksOyY74DMpzGSNSNaYhHqqlKKFTPCU
xXWhwQzmg7vLmyjuN44MZCzlpOj6PBv8
V5kREMvuKQ6VKYGfuapAeSsCkW4gEaGz
l85ZGs26FwfARSbBNv9cti5xiTWIAkkC
02BKIIqB4OTaxpm9sq475F85OnBEha4S
4v4k70L4bjoHhQxUw7VusEOpdzb3sNsQ
IOvQVSL2aSr6bQf2MdBMhofLUL6xzzCO
S2DP5gHki6YYj8Kh6gmEyLaczX2MsCvO
MBX1FB7BjoddYTgfdds5v5u414JvLzon
4btcOkgH26DihPZFRW8cvHKTeagi8Q7Z
yO10WFaAbWCdBchZ9LJ3RZR7AGheKCa6
cDCAIrxjdZ41uHUKSRQujLuzdIJcyDCS
AZUkvweKgLWCTt7rX5MTw77YJqZxyz3k
tBE4IgATMd3bbKjl5uWXCArN2nLYWyFV
h4RosBHWQESnVIvYiTUxzP7njoudbrO2
t1SraP7eFkrBVktbc83acjnXrVI5pOPo
NEYRa9KcoHMT4oxlIb62QORMBr05nbq4
cKzNvsn8SRlGzpDbLR0Xz5qS9OY5Q4po
pLRaei7dRd4ETXqANdmcInokUQkUtfg4
7NrxGnbJWRnvNQYED37iv9Li4JpTxryw
ZEiNq0z6WMsNNFsLx0r4ayN66bWZLUor
AT74e5CnF40OPtGAlk0Hv1V1FskoY6II
QDpfuSMtAXOVOLTxAejRFhooVvicK0MV
kS4JwRJjuY4ZoMOTyygtyKq5JUR5oOAJ
K15LpdIxeLSxGQ6hHwHnK7pOWTe7N492
bhvmpDvZNWnpozVC8gMWo3DORdQmr07c
H5rPdmFs1gkynnKxJK7u7fTVN0fTu0Ux
z9vBMcWoftNB5UHsaHqUnYuUvUbNosUD
80MEKk77feJx3NT4MdEDnRvvQqAl85dH
jxpsxbsAVsWtxHWjhA5GQGnmxCPGOJre
KAoZmQPw3Oc6wkKjU6REMHKx86ogAUFO
GDTuhPDPMooje26dN5ICCzXTNBc6vtqV
JZVGItaGocJnEj7QxxOC1YqAnEuG6PHO
Gl6JLOROTXVYc4s63Y3yjGt6Fucrh6vs
YaKgms4y3TZV0X7ql7X3f46CLFinjPbd
JiX9g5Z7WGm4DMzeUOWj1U6lMNNq0Dpa
vHFF5Dgpq9SU0lFrC0FwnS8npfyIOjwz
hm6ChFSdnQ20q12DjOLKutwAxrLKR3Lb
9r3Q5eEBodD5zNjjiBCY1gLt6YMXEw75
BFTZZpQ8a52V6IRm19x705IEtkhNjtFM
NwPQiVi5zAl1qpxxGjmUwfNpBAmm0Pna
CTKST0PUvXaqzLvT8CqwHKJX02qQBhEZ
FKh9jCUKTyEyE4iFRDSvltFPDcqPz7a6
BlFQbxM6awHJFoB9P8qY5moWWmnJH2Ml
X91vz3lix2aPLXRXqTp1XAYW8QD4ljAk
6ytcqNuLRwAqlFz6msWxi8sc0yWeUGBp
pwxb0z5T6kEb61a2Ain22imIrRxwJ7i9
vuPq0TQTPxUbagwIOo2oiQSEDtGFfjh7
UApFlV9jtP5KGqVhrnn6pbNBwksBHh8x
84wHNsNRSIOAlyh1puQotvofU54RYZXa
hhlVfTq5YIMckWqy9mRvk9Yv0xvgpU11
4lcjO3DindumO2Jr1YEiaCpSgWxfrl3I
EZRfKDncMUlcPYq7AWaYae5iJQGyfrbK
3GVvePVz20cc2QY4pSzvewC87oEgwbbJ
A8hvVVnVIvrEB0VvfeIZkDbZXY2L6spe
DTssewj8toBnlKOYtDrV38AEfxxBnCpU
XwmFZj09ZiaHgrrzPi36HTTLoQBkrqrO
vfLFmmM5b3sMcZn5dIh8XVIToSGZZxJ0
R3vSoQ7jaLwoOSgLyeMjNESwMUM1rgxC
ylMU9GXdfHhHtcoos7ojPO9pOK3SHKo4
mq7iWEfxO4I8Q1JcHYFoKeEG0NygUeX2
5pqkbBilUhJAWQ6SzdEG8lNPJ47y4hOa
Gv3xK3Y3nNN95uj47vjY3ygAEcDihlND
ZxKrreLhyWgrJC3FHOZAyjfwAaN0yIqR
aHOSiVrBOnm6PBUTJlee3Hz8xIySibdI
0qtVGmyTQ3iMngtUumhdgERZWiDIEKvq
Mirf7E5gyL3NY2P82dCdSaBEbzidaKAA
sixvWjLIDXPaRzyg97Dx9p4J1ox69Aoo
Z2kijxRF8KawgyD3V7xThMC5dCbyyfEU
let3N13b5mgsCIFmjocqC2aAWR7MHNIo
KPNvPGcLksg3VuZwUccERTtu34Qk2sDY
9nFVfmUxA6xUBpUktP7I59DheolfPIGr
v8F8EbI9zRCRe00J31X1wiHGFmgCD5wV
RFNAYkfqmkD24gMTuRPQjri24RHVlvkR
X6dHCzjYEHPfLwqrYSuyHdPsWQBBXQH4
ppoBYuqxbMHnasJJ0OuBz0CFblaS7e27
nML1YpLO8zGZyVSoJQB4cZPDUxXaZYk9
zwmm4vd8zEB5y3GwVV0aOoQdsHSvn9gv
xXy6gTuWaADXlnhVuIL5gtSBsCfWFka6
66E43pANke07vquoDwWD5ix8BKx0HdjE
bEW7lqW6KhFhOcMtH5Rrc8FTB9PGKlo7
ivEZzYGqxy28DjeUqZo8nBYm1drN1Dbe
u92Ff6FPScwL6cuNqT4FrVUSLMBRhW76
uEUG3uT2DqgdNxCRVPDZ1esHovpfIsid
tfUKH2TEBTKVC62wxcoH99m1jRwx4pjY
kTbQu1SQAlGkGMc9HE6wAQpFnXf5CWzC
PuCKdsk3h2HCIS2k0R7KkDINHQBS4FML
O0IdGzFPk10JQ5oV1BESFuQAaEiWir4L
8LrJ1a21pbefvyLPut6s4uZiQz9MVm14
V91CisnlqXxhyWdfeH4mRdV9vWWYQBPt
eW9StR8JkUmCzm7pcEvCwrJwjBdqSDv8
4tC2Xlw2VyLfqLWvnHoRLgmdIFpq4Fne
KXaj2MqenalenUJfJklK975bkQ2V8VLz
qGG0nrtymMqEtkCGludtUfIkmZh0Pddf
kVCyADCMvcL6D5LM2ICBhnxm4oCzVohw
rNPzTidF7bv3gByxz2sZKGmD10lYa0oO
oA4dYJkgPgimGgGKCS6tHxgqZsYWrZAC
CMcKqbnDXCC1RHV8w6kKI7hTJ13KFYMT
e1YFzdLA12tzSg3EK7EN92jMifbuQKEG
SSSpvoHMTd5lF8VqrSgmHhG097lRhwzK
ceFeFm0qUJXCTYKxm5YWc3Gk3gkuGrwc
7OrHaDW0cWQPjqc9QXITWaSg1CAfxrWH
1446X12BSlN2daCkpdCW88TxedFxjsCD
lnaIojvQ181d46ilqSpv72fqiUVK2l1q
5iIrD8PDo0tEgN9q6pG0wCYOK1pIBXtr
4Z4f73A7Bqns8pGCUh9LqD3Ln7QZWpfn
HzYY0qeNNmRdpBaKDHeYaBb5zBRi301m
5EEyKX025RpwSiLvK8clNcYLkSjguz3R
tcIgl39O4NANcCUvIqHkcJbqbXhBRkEK
PwAmXbHCqNwtSgut2duk2LsUD6gBSyCo
71QnRBO9Un7g0Thvf1nZU6eKxOkyCUMH
RlHeSGRguusoq6oyOzuVOGQtppNQG1uB
zaVBvhZscLB1zlwK5YU1w6WTevr0vO58
WshIGrDOHOzSSiKYa75a6fmiUz0m58IG
aGHL9TM51hDg8vMdO46q5EKikyk0xXiz
X0GXnEx8qi3ft6sXRixnjQbJjnFu7aGa
DWtLOVppBiXA87A5o1yXA2Aq6A201cdH
PexKuF2Coke1ofbx7UppjJurDVno6qIn
XcfuTqeDIIIUn67PXH1mh5i0isARxO9R
4h4uy1JIIMaw7tt152gVvSKNR6cyzMQh
dL61wPsm3pjp0d95WVtj2IGMaLQFJgvT
pj2x6aXWMZeA01YoVhSZxqscBd43SekZ
9RTJNdbiZ2pRLMnnaWDEZTSrI2FyrpqJ
RppQJnLgTvKrdz8wXfR4h6C7RBVLEUsM
45yb9rtHbBDJdWCxxdgAAqPk9STBnp1l
pZoBXdgUFrEgxUXEKFKoOlqniLstRUb1
lwz9CR5My7qSnIrn22Wq6d6RVTvrC74f
Hz5r1YKfrs0QJ1TZK9n8XEfmA3DIXs7x
HriHR18b2cfEMaLNskusTsrbTCgb2Cor
0JpghvZ4aP5UP3WNyWzounC02fMJ9GxZ
XzEVfr4FrqXZxeLsuPjodCn47PhqAiBv
xPCRNn4fROCzfKEND9oeWEWbFrUvgD6h
lkH14Rmx0xbUVwJAhgfzZ9VukxDY9Dhw
Vv6V0XKa4FUtmE05bftFwzsrLrXkWe1m
EEHReg9cBTKS0qIGBjzcJxy0c9pXJJJV
U7DzjOaPro5vn028POdWJMacHUSEnVBX
gUADZCgcVIcgIfSFre4rZU0gECwfvvvj
suxjPeq1lP1m445ipei6bCVG9JvpslWj
hTdOGyhOc3Zu2cF40SegK08INTaJ5j4e
TdWnNosJ08MLki64QNwM63MIGdEj1sfq
jPVZWbjNj75GiRO2A6MpV23Oo8oJm2Nd
c6bzuByEHd69CO80HrxHj9HAQPXloRpr
q6YAWXBWQerLW9FPpjH6W4ZYdaCXpbZt
uTNZCeRQztS0aNHWh55yvwHZpris6rPi
cKzM2ZUI6WESerCapdMLAUIMeVA3sm2j
f6pMyv3ktVa6Kk8VBZxqpirCC9d84E4z
tbVJ6bqMPrfBZXLIipSdY30rQBV3QFqf
ADUOXfVxWJv1YTooxGZ9IgJHEUaRodf0
2HF8Sy1lpb77e9v6xnTIrUClGSLCKAz1
68mzQZ1BOHhOJP0wXWlgNLBcLQNnFjLc
AIyTejR5Wvh8UoWb5yV4JMN7TdNvoytg
0EIV3HMhGyZVlxzX5RYjIW7NbKRy70gD
sWeClqvk1RVawOoYWKGJ1AP1a4oV5LM8
IWt3HdhYv4Ci4IuMCMLN2fdTCVtaiJRw
yuJp75rXNdOv9jfSpMIeXqsaU0ogwePc
TkhRWZA5Mivjhg4ZpSbSTvtdW6Ufsgcq
t1WMwzWfWxh4mil5rWA4EV57MkGonyyJ
9vuKXgaimcL4COHnVlr65AcII4NHY1uZ
OH0WovyjaMzlAK3674i3Wku5gjJh7nwk
6bTejCvduVvp2P5tRBcMXQ6VofzGiTrf
pGCrstLx4eEir0sQAPhUNnC3yAFNfP1x
qJGkgTTKKgibm76ns8M94E2kpSoGbLde
Ey4apnDsI1dzLX63vbC7AcmrBymioIXu
CUNTN0dpvFZtUqhPsNEDlVnDdQ1Nb6k6
UIkNfkmQRVc3eW5EdkeoDzF4Vuuy36Qq
nWs7Ixyt1KAdWZa7PWUz9VOVqCuFh3XX
9PE1oHXYJLq2xUQNM8hqqqrcvyUTjy9W
dlZBKUDIOC1PUxIX8G68sdw8LBbAZaWc
GqiM087oPPhuygIOfefjkP9882gnuLeB
B6JVXydJo8eJBP9QfSjZMdycXeJ5kD8p
Ky8m1P8SLjrCfliORjxjlcgiFn9VjSCr
C3OEJADE7K9omk1laS6TtFdxJuVy5n7C
aKavWXQWCHhGvPCswd2N9n8qCpH7kldn
DENmfPfhTudfQjxlFM6kO8p2qgKImn9u
CcRKI2oA5vhLKSNN7MzIWDKgMos8N87g
kJUOlp48JveuyRi4sCYAuuXLyrWWSXJa
LUBrKeadpOXipTdSPp0fX8OcoATgGE4v
xkmR4gvKSoeFbzx3Tq0ofofZ5MwAOQAt
Xc9jQXNWNC29facYIQRvkmPZ4O2RUcLW
bi2uV9vtPELjsodUl94K7IX9N8YgntvY
Kj8qXAWCo6wIyLVCN2RigQMqRecaOWfy
MpZbe42mdkfQbM6sWJDGbFdKjliyWlax
xCpH18fCEbvGjIC9EzcsXDZu4JuvblWS
B6OAcMVJo8sc66dNphRs5CrIEi9U9s21
VLLlGiiVZOlnzS84uQvzoy6sp2RQCAFa
0w7aAYnb4k0PKyeXodAg4Pwf8SB9e2k1
tK3fab12PBs8rIqDgmF64u6YBrKnMGld
TsRS41OQnlKwkRlzVj44vPZ2ks0LsIea
hNv24kEp0GbjGyPqW71wzbiaMQJbRFWH
kPrZbEJtsMZqFVhoJm9z7Gazc8ly0czH
CkDiYacO7OFkOMjinQAHcMnxNMg27kR6
p5ih04VRZlQK2hOpl0Pc2XsHgh91GRtj
Y7qdrFtvu2ez5mtjNQGTgDPiFUTecmAW
fzHGSS3I1p4YJgh1LV8aHKS8lD5Q5KO3
29i4jFUbpQ2eOsm90N9PDbqxwkvYqCNQ
H1A5UShq2iqRmKEcaefOzSm0vw32IIRx
Ey8UaSrKx25RVzdrbWbgTaHgfM8G26UX
axnqfJuWU50t59be2YcqCQCED9UjMJZl
YTmgB5g9yDdxiI54YrJ141gOGF7AoVIs
GlxhCvosyPzSJCNOt0uhIgjy2cghsIL6
igwHschxWjSwu3GhepEYt1zfV77MdkXC
uPG7npZrNucUxXc8gTUPTxfx4kPXyzS0
7VL6UtVkrWnjFd6YWt3X2EXYkZI74vNJ
BporphmpFPZEKsJjruMlzliYVLZIofNX
kfzLt3ZiCvagP0ZuD7TTAjtMGK38s0k3
cE4oew8r3O5hBlzIPFBUmNVOo4AMd4jC
AUDtEvosH51Qw2Us2hQKz2W8pL42463c
qRzN8eeCqH1M2DnbP6g2E7nSyBci6zcY
Cgb18OcZxmN0pp8FpUVVB3rXx1Yjy2Av
W0CppIltyGZP4WqKXyFLujUnYtFonYSt
HeVbc4rGWOFJImlN1FrGvR3MZQknisJT
4gc5BXEeXgruTimJsLNLnBjvafB6Ph9Z
d5zdFqYeVKumSeDzcc3IPRmwMYlp516m
BFnjs7tMiju9SCdNP3XqDQ9kETvptHbK
i9E5q1GfqsX6J5ercnV9DYCEbmgej5x4
7CMKxlHxSnK2hryJrXIgIzwvtPrSr6q8
JBjLKQGkPWxNIpkdAeNhu8toCINUhma0
X1xR1Ox5AmaveTjZcSrNLCgjbMIOZeLi
YfemYupVLo2Peb739sr3APFpTKvsr61v
LBtulFQ3SkGdFvTnf5hgqyGPxfuRZwci
M8dXy9rXOnHiRGLoqdpy8zVJjBo8qhYU
P3qThtFJC8w7MP2NgjXM3otJYFK9jcYu
ocNCdS7BFpB2b8pQF7b30JIWnW5OQ69K
H7FlgrnUs1MwNhcahViV1YtaTXIirlCS
FCACMhWeYtUJHdUG1BlrUb69QaNl0qOk
PfSza5kfugln3oNfAviA6gikpxkkx5E2
ticNgFUjiY5TCcHXaITRorQyrfI5My7r
nkU5IwTFi0ec9rbDB4gYydE37fMhY9nO
aqbdkWfAIJvNbfHpZMruVF7sgAOVW3dn
sobw7KUZgRfg7Qdr9bZ4W00sesFA0ld0
akIz168Zpra6pIlVAV1NYACLxv0oqasT
UpTxiLOyuy6rglSLRPfhBi2PDUch7sqx
JbVNdPRAgM9oeZPaJSzfIHDLBexutXRW
78NMnyX8bLYX0Bbp4UGKoShn6CSNQ7cR
elJGlDV6Wv9g293Zihc3Yk5XKAZosufu
PK5Tb77TpmL0C2VKQFjyImxOpP5sQ1U7
WcTRu0LejUbNuSAtOQ5dhxfQnQ8fdJST
qevEu9YlTXsktGxCEFrqRPPcjf1QtplV
hNM37xqY78ItmoJ9FVFYTOpwQUTkvbDx
L42zFdFFkeAMqQyv3DDZ7aA8oj49L0bl
1g4rc7xcjwBAN7uXfF6Y7WbhTsStYzFs
ndy7Hw1u0IBdmPH4jk766MsLuNxHJeB8
wgErtX2ONALsBJ7lYqFTMBbbzGXoBLnL
2d6r49EjkSweECIIhl9EqfF1Bj81CYiI
pISFG9D6nvWFp6PfV4iTsPH6zqCAEwpL
rfoUwbijGXgHjBiEnrPsymsLw5qU0yWv
Kv6V5FFMMi6FNddRVgWRDfHOz3HUkhGA
LkYTSWoyf6LJnoSthm6CuGhthQZAe3Rl
BliDrmswrpWBCWlaoIaYeMmvwKo6Yp0V
avXuLH3rHAzvW3IJXdldEXECeDJC5pZN
mPrRSuJ70lzHvF97ymIJwCuH7HDDo8IR
2ouCAanTntMzvgA2Ud2QMUNvUO8TqlnI
Ehk6vDYPB7OjndLuqbs6TbRJPET4iFNX
hUACKN1OKdfg7XcfkKzR8zBj3mZQzp3v
dzG4MQqsfP4VmHSC4ImhY0i5xfMnTaHX
oV5DAKH2JhAFaE9bPQU52McFK0uWADyu
WLHRtq7htqU5B8TtsyvUIxvPDOMb87Bx
7FfIeUliCPB9cams5yjFYZMgBgyJmk6T
yIpKxxoyHeCvLhhheTWGJzrJTdcZmXjv
e695ROtBjGqu1eRMDthKNHlzgrL0biWx
MvEEeK58NGLQ6aijxzYwr8mGQupu6KQz
FdVr8ZHjFCTRBWLPsnVR7rhn5EEPc3MS
Zj3Ql4bCGNGl0gPH8gbRytROjRiXWfTT
R1398a8VqZUMhdOCb2rpr812MdqvYlHF
4VebYUxZb85WnCwB47a45e63ZzFrFR84
gH9DzWb6antcnkjfcOhIYjdi19eGU8jS
SUOc4OV3gkDWUAsvhfOlzOBjSxxnTBDN
KmoPNI6v02sbUhTafpdu09braymFaINg
Ceki5QVzYwuWvaQJLveX5sdBMg9JZbub
to60uHOLTeXo0lVCWdVYa8pBFcoPh0UY
ycKNlIWhKwNJO3mtierUY8ZNdbfOjV94
neOLKV9agdEb6wAYWYgxKrH9iqXlvIog
rjpeOa1FeLTfSoQ9mv8yDU1WX8H6orIk
SzNYHEMWelMqCmLJ9gUUYmBl9r46CFld
6x8YXNaQkLgGpqVDUtY7ApUD1OZv54Qi
2ItZTaMKdCqQEBUZJ4fWMfwxhTz1BV7h
PIzOpAX4HGEj6bHHR8osmJjf7q5aRTc8
RFj5ZWMOSpLB2b63BheRA1ecYdkDUbDc
XLbPDM36C6P6Uj3as283ZPtMwrFomcsR
dqTVnJ3ps7C3utdEzDiAsYcYXhX3MLTI
ObJSf7auj6sWkLi10GdQIIU9oP5aDsQX
oks6L35o1aDzd9IfXcy3mzBUE28kyRJF
fc9PRS538krpiaVU3cCA2BUknO8PAMGY
cVVbNfeKG6zPoHZLODUpEz6qhwWnHe8E
yPrpFKQIwXjH6BzD6Acbr8FSBJvdPNZI
Mt8ZKlGJZfjuWKc3TJRGAc3OX8JUzO4J
qxJJ6MLJEtJPLBXH9DudzjAIGVQb8waA
7g5PsG4jMEnsxgbf1m9xSKFpIYXclsiR
uHtTI0ie8npoYBOFo4iLzkVDJcCtXJgI
c1w7MuD3jpENSePTAsQQuxVQ7SMtGwpF
8c4VZE4Kpg8woDgueN5vAbNCa7iiwqUC
Tpa5uvqJLT2CXNiOuoF9lnMYySM3mlRJ
Yfx8OxPKUQCXljhgkEFrS8cw6Pcvrxvw
gm4INEgldxBZJBQpodHHo7wXdDoM6ahO
2ts4V7UgoOSBqBp8oDu7XflsPVYZlmFo
WomQywkQLMXoCKjSPyh2qrRVvL4xwwIF
MVX32mCxjHJRB1183QJJMqrfhc8quekY
lfTOpdkTvABYDLQI5BK8gPXerNxo3uXS
zakNZ2go4x3fASwoXUbG1oF3VHK2GkOb
F1n01MR8YtbbJke06zLMUvrHcIaLrfQF
99x9L9ByZ0t79BXbHPv3y5mhPVBBCtcR
S8vQSLnukvLBztVjjvTHGIflXZa5LLi4
tpoZnxuUwwylIqSyQRcGa2J8tBh74uRk
sGuRuHRJCHExbxZSlKko0JhYf9zcOkk6
Wz7Y6pWGTi7Jwh40UCdJEDof8q3l2ntA
dymFjBGToisuGzKRnJ5Du77MoKYTaLd9
5apZgVokbB7rvRoot1hAHRzfn8jsSi4m
tZwb2GkLtonWFSN86agNzqUZcVAwO0hX
DEN256Q0U7ArcDXyZ9VYhMfn3BuV8rIR
4rgVdxZ1VwnpTX5Y5eWsnaeTJg9v8CnT
pRakSSk2OwxrknGyTlmBgbQmVPHYvkDw
d6IftMMwIq7vU9yTrR8XZQX0uv159MeK
GF4s1Kyf0o2i9Jqiec0EvjiCm76xnDmw
avlEK82mcokk0Dta3G8gtpo69Mi0QbkB
ruJZuSe9f75hKJvHF2XLpwXJNz380yKO
RfXWSuqkZq6Bi5XCWV4DT0692qxOnbPg
uAtzPomq1H6M51rfratFiRyBXhUo81Vm
zEaaMgjYyrKF7wS0ykkR5tjsYHb3Chij
MFDaQ4aMPrVr8zDp4xr5TmupHmONfznO
jHzNIxZNNKkMLUn4exxOCZon5aXbNA24
njvk9iZXljhPZXSeCzgmsMk6JsSVmF54
ftoQSOaS1xHfWbabI6FxQGm21lN16Yzl
28xs9DXtom9z2z1JaKjbVYbDACKZ7yGw
LByZidzeXpu5Q5KjXwXMVoSvhXqCUDd2
d1kYeN3zHwcEzYzFr9690CK2ze9Bv37Q
pbu5JaQ2zGbo3vVO14TPmEM3FTQa77xi
t5GQWtqQvpzrg7ifIO5VpjucO7MuYz9M
ALmP9GUASMqyfvfomkLIyyCG5pqpt3vw
dlo4tYG0Hxva8SLtr94wToq2hMK67BCu
yGCwQP3SW1D9aiWcgMnJhSIqjARRiRWI
K2u8r1YnShP24SVjKJR4emmztfOoCSZc
Hs9rJiHSOzjrxgw3MBil71fNmICoKRBt
Y8Aul6gG89EY19dKkwephmDzACKZA9QZ
BTXw7XUTNm7Be2fQA0a7CpvSriegdxK5
SXIcR920mgHOQA47ABYFT78mkoF63Ad7
MdH6swbbedCuhhtN5t1sfp7GmNgaXvuW
2jkGRyXL8To6GUCNdah6joQe89PfU998
VDogm7eU5869glddcT5RFSv1BkDdTPyC
evexhqj8O90aEFuriE7p7TR2Ut92BfIx
dS3MKLsDUUpesBsJcByq3JcAdr63N2f4
fwQ6QOBqVsn6ZLs5m4N4SIKvK7f3Llqy
lstfhDwTCUBoL7cdBdtoBptbspemvJxY
tH8CuAKWIF5aWNtnLMYOyUzUIPo3dCL5
79xc0L06tZQ4khIz4CGuRKhcMFYYKjLO
iltkbw6I2710haRGkG5zPH562jIzNixR
3a3xTbklVt3XtQ12lBEeL7fUx8JxkBnF
vLcFgQtuR9x1QeL833z9gMyyP9zTVZiR
HlmQoeFZC7zU1gTsfOslGDDZcdSnvlwj
xWSpATrAULDfxeHBZq2C7LS4ngukAifB
5bF1ETEcKYpWA9u1I5aaLNu2H0h7LXuN
rPnZZDrVQLFSK5MBRYBteCIUrdSVYtCT
UDFY5b1oZwyO34TfqDsDajWyYcfwMKft
hwg94VpjkO2NA0jPnCrn8M6RCK4tzYIk
aujJKXuP4EflYQzlvWTV0JQe9fbud3pE
4hcvEzq1rjyfxG6dHCvhJQRaoDYghdrp
hTAmfhFMFlf2qv9z9c8mi3X8q72WIUhf
oOoENJj3Fa09fAzbhFAlL6WcXV9QOtwV
f23XTspi3psTpaiZIbw6egCXSkCb0EkL
htGr7ryo50lSrV0Had4goTgwyHj64hKi
84RJG82GE1Isecm21qMUYLBLYkyoIcvv
AJgag3hcWKlHPRGd4XBBhiBbXuZgZFP0
kAOtzumExZu3lxVXW5RgovTH4vJXElmJ
xHMYHv2EoUmlDJOdt8gaBYIAIP8A826b
ayGf9Qz40rGkMQlPt3E9Mi1gQfEDW50b
VWBlBOIKIWnL1qXi1bwvTqABXRbWtics
6GYdDM29nnrOYJSxPimewP2lJhMaMF4b
M45Gjcaiatuy3bvNPz6dcnn5Vmepi2ts
v4wi4O1qWB7qRBhSC5Wc1ddFqc6Z11na
UnuG8okK69cl2dVyhJKC8I5gFIEV7sJh
SRqqQHSA5QCh4WGI31QP2SeIHsp5malw
rDPC0ZPiBMNrMYsprmgVjMyowcM6wRrt
jr1JBXaqp6afAJNHxupLUrr0MrE6fC4E
tu9GUhq18lYMT6iPxqWBSDBdmbXWMIHL
prXmXofT61moonfS4tSDEX0Rk63E6hNx
48myDIw9snnnmOa71m5Z5PmzFDMzExZT
30gz1yJVlI3a1eOFVBE8nDC89ayzbtxP
sqBvQbk5rzLAZxbC2novBClMhrwx0ZSA
9vCtDU6CJY04fHcnavz2AgBBuR6mVqsn
1ZyQ1CAkLyr3FYQuFPgE2QLgZ5ty9Ucf
XSnceHiKs164wBmByVcA9GyYmZHW580m
rK5NBBSDSX1CyCebkBcl1bco691m7f3T
QtufWkADbditkFVIk3gxs2VIcXJ1GUFT
7OZR0d6LJGWx0GF7AmOCQbQHzN1j6awN
UMlJrksczhm0JoMJS6aFgtxSDHRl2stL
aprJkxd3ACVf5p2LytgPx8VwA81qpSQo
UhudVvOQ0K7Q2AphaMaShmqKiQbfRzyI
XvTEZQpKxkYvN7dXGOb914K8cLD75OK5
VJsecgRDsyzHHLJF8m7isIHYrl6vajKA
zkO35u5gQkFZMzGKAjKmATGlIPjDaLf1
w3TEhmXfs0JXzX8cPW6PQTRfGaCARf3J
CN8rfIGsFTnrURX5qGWJcN49Os1xD0N0
qUaytnkRjxNwgdKLQH9OVhVVNdbWbtV6
4TjnX0Kz7BnTj0eVvmyieCigKN8RoOL7
XQRL0VEROCbEeA5gGHBCx90h3PnvoZJ0
X4pXTVN9JjHcR7XOBuPzKF2UQ4IcF2Gx
Aif8uCupp7CzhR1aRKmurVIpUXQN4y8f
wYq9q2lFBlHbwedDyoQSj7cg7xNpmh5E
8i0FgG3cnCFAWD7oHa81SLCXVY9T0O4n
SSJX8K26bBj1cHj67QuttMuck5UnlHGc
QaqPE6RKKwJHlVpWOwHFcTUNV9gPNJgX
9YfpolNgTNHEQrn1A0rT0alvtiPLDcVe
MLyzibO4uFBNZ4ymKhEnJ7J6DDAbXntg
VIJLb1vIxvrmfaMxJ6blcQxVypNJswFv
RXYc6CrGB5aXy1IDNhPR1jpxqwOfZnPp
8iQEkx1JhvOfnc275JHXoF1QWST8hTCW
1UVtORoM5IwyzbJJgdW17ADsALW2hah7
q6i8wN2ryzIJjzZJA1hl32rIAyYwCQz3
1xCoUwdhyyF2ccSGT0qpsSeG8DaD3PWy
2bxWXiJTEKA49dA3UEpJ7RyhKXNf5HvS
SVZIuGHwM7VII6roVHVO05kCAnEg6qiy
NXnrpe6quV7ZXMuz8G2WxhOv236vZ4W7
h7ZGHyjU30fVpkRtvRm1tXxTutaIRmXg
UHW11NMBt12niIzFSwixlLqRtyM0QZMI
n9ZKJOM5uNNz0g3vzRSXKA13cdbNFJE1
9x1vGHO0MKroqrLA5ePXK5rv1EiNmRWg
tkkJzsHUObqiADt2FdXq0uFJzrsHEXqt
N3ZiigCzPJtB2FfMCRY0OftCwJlk5XXF
eTvzwUeXWj5oam0YHJr9bZXfq8DwiUEn
5CNmMzM5ZfgMtPg1LY79SFPL3pVXxosM
0UYdTbbfB2LfFNQlA35A0hyj3bzywjZe
qcRL9eRozm5zEkkCDTRPHsz09gJ8I2fd
dKDhzOvVwwmUKeaHFL485MbCTHBHb6Ql
iSpe0tLBknctMS1FkPvIQZsR0ZQ1dTb0
XmxAWW6qtOcnWJfqiLrwoMB4P8tvNBc4
IuAssyB884ngeZVL1yNOqJqC6oYUXTdD
BnQXxuIBV93yxCY0ae1gyMDqw28OPIVg
QfVM394CdZUuG4Lf7g26vaQD9fhvNg5B
eXWuO73zZJpueM6wMI3El4GTQWwAz8Lm
eDf7deMJRqpSmDX2WN8ydAriBC6pk6Bb
sjM4RQMtnFRRe0yiL83vfftvx5cZD7tJ
8VSqGgApiP4GeFnbl5s6lVpluFtSMBJp
YxgfqznXrHj6bcN4VqYiHiUd5VOXykRM
BrzaePEkOBIDcCcgAmrnX5V50MvETSXM
p10xhnix3p6ZFAOvZtABIOPit4TmGUjQ
257crFykeCyNTiO1JaAIFuzxpgmxUJlg
Rb2CsXdCfrOI82muD9emxU6gvUSrMDDU
PBZ0l2E1S1Nu4XmiBbYPZSEsLZny0OnU
0zZZ8auWz5nBQucSfGRMpRqkLnFT9WR8
eyhRgrkfn9obrP340TBTUv5z8Zk5UURr
emDL9ekkwJQUmmwCOdcrQpPvEZIbSFdE
HrWL5SNs5MNCkexEKURcIMVStrorqnjW
8mMRQWFQ7G7dKc34BNKA3aSyWOc6sE0F
xG3h444OvmeRiCSkyRFFdu9YmCaPGA8b
AbdP1X5At4s2eLCaw1SjgxuzB7DgghdB
C1MsWtE38XuMYmyLXMzUG4lts0g24eyr
HlG9292EAtq0HgkpRkzwWLlhMWKPQLfL
gI19vkL5VfxLOXSIWC2mLFSLg6y6NTZ6
m3AckC636vUyzhW3jbdRwVFtkixGthkC
87naQfyntCxthgRU5ogUNAtPXQUEZaP8
1dDP7tfimmYJuivWUyhJzxxyYxDLho7x
2ElQ3Ogct8feBhUxMBkyuxtcNgCmEbXJ
LsjRu7lXDaDnLRpAodIlo9YYIhmBubkG
91L3SlOTaS6YABkJgt3jHxCMj8eSxJcu
1KuaWOWC7oa1UHNd2uUqzlMcXfPgJeJD
JLtnSEr1C61QIvguxQqYRD42wqfUPCT4
Jeq3sVChHT1K3vdb8kzN8vDNfFMROQfW
KQhf0GZl3hjtxETZwwJtOUB8Sz5piKVm
ASgDaYt84aWNsvoPkcZQculxXZKCIhMx
9ze2TTMo7rhCWaJ7hEfaA24ldDH82va6
kwvAUp2AOSKrTiBWfIN2UOpzVFG7gDfw
Kz8cO3ok04qDL7auA6mxRFjWgoYydOPb
yJ288JeptLma1E7PDNCJjrRhOtmGrj97
uZZy8QXwtxt4rMffkdl9KeMUqLej1kZ6
BYQdM8QBWysSPZUPe7OczeJbOJjGlBKd
CYEWhQaxvz9wdK4fR5pKovVaOHFTC8J8
ZkTvW1RWev5b7qoLfddbjv84RuKeXcQP
HCuvbrnyDwPrrO1TNWLB3CPbxADsZIXo
AdPR3HzZPYN1oT9HV2jyWiP12lAatwoX
JE1T0TRhDu5PgnJxA9fWvgTDAvu13h8c
003VTkEXEoUMOKbITPUJFntTZM7QufDq
TdJrOVal14LyReTS1Qx77j29yfsHA2qR
LX0YrKP6QwA4jPMmD14S4yBaViGZtK9H
SeE1cDFnXTrXf8w13Ma7aOc2jsFbtj1S
fh5TvbG0c5bcoi5SHLRhynHqQVAhEkSL
8uPo0vFO5TTFQUzfoHwTKWpEBjXpTTKg
OC75GQGGNFAWnlTfn1mVIWhdq4dXz0R0
m748GYH9QCz4kU1p5HJZJubkKHQRSdla
FIZOzyKWmZm1RQLWxhEYACmDuksHmVDc
vtKcm1Ns84QeVL7sWKWY77yjNjg7cXFl
f59Asob04smpg236hEzMfqWBPFBegmJp
EC8C25kecAVmwmN8QiA9sq0kFQ8TVLp5
p4KDKplED83TkVLFPPNULWjtnU0yzysd
HuARRQvXYJa7sZHsARvdLK7kPpImGLcC
k7xkcXaxXiskd4sIbj71rIDB9DSL7ZFy
X0GbLJ94VGv9DX3cPGdmrfUC0tRcnbr5
F0canT37xaVgMiw5ujCGO6iCV6fbBPbk
OYskcUKeXIFzbkUNJ1t4C9ZFfReWyJCb
rdgR9V8YyQqlvP6fR1isvkhPA2Ijn4lt
9q7Y4k10Lp0az3qFR5BvrHCTeJkLSre2
8Af4sYaIOSwbrYeSwr6UEoRBtwOjF7SC
K5AHZw9sHRtcTUL7g76NeQeiMgn2Z1US
pyFaxsli6x9BrRNJdTg5WZd5fbo1i7pp
OSfXeDBi0tNOIG13RhhKxIAwt4ZtF8WG
tuO2jqqE81aTsR2jYAxkTxAaiQ1JDhiu
At8pvSRdPloESlugNNecOmcTPkv38b0f
LadCCqKaskSuVysC1cYplfeTLyQejeu8
EDD5Ng4MCuxsAu3dFRPxI4H1OPmcJS93
7Ly2D696o5w51VR279m2FiRkyrOq74oX
euxAW82TQHjtn1Mr0YehSYp1G2wucNoN
0BM7eIlU5PmNfDCi182aoQGPVGxxiYNI
Syd3kgKLupL2ocIG3vyJ12DXppib0kja
RKvMXBYMTCu7Lz3UCHWNCKDoc4WItxmb
0zWPvkTcCbAOqZXqj3hDNTlKjasjXv19
AMH2TLIzr7EPWjgi2N33AaUqM2DuC1B5
rvJHsHPoVPPsJGo7ECAwF495HRmZUx1J
Wm3L265HYFmUKhsG2hiATm5TAIlyELiM
7V00G2jRIUvEI68i68VyFWCJbga4hjfh
48drvkEt6Jhgnf9cpsubbqNUPitrTrHt
03xkDvk67oUN0aPZUMTA7lV8cfOAZMJO
HdSwpdtZIQPxdg8RqXnym5qhRzIz7NUK
hzIJAbg40RWFhK1vDsLgdjyu9nmROVni
SrKFHjtYWi4FIaXcCATmqyrhnZON5tlk
Ygy63UBdYTA0UPL9XwWwdUjSY5QPPFc4
E2SP8tf3nr4VIIH8HcbvfQpz4NCsGoAM
z9qm0mAyWdylyvisRo8UO6QAzb2QGnU0
0gLzK9gl2l7iFzTKmveU9KYH5MP8Qk8S
1oPomAVmpeKB9XHbGpc525UqHSbb6SAu
QWlMBQdE8J8vlnpYHauiDhC5T5e3uQAL
4zgU749WQG50K3GtlfLrvjCry74tGauI
6cBsONrIkh7MqJJOujIRfpFczeIB9704
DwssXuqk6cVPk6BeAYqcZYYcVFvNoQaY
4oq9Ht7efILFbW0VyZXwCUQFFwsKuwqB
zzN3Atr8Y2hnSyAHK8mGGKhYfPWWNQQe
MbUrraIHLmu1AImgQ2FSjhlMoq5QFTlc
aaj19qjSunrod7qOr0kN5IDFMJ0S0X5w
KGrm2Yt6KK76jtAUXbNbwCc9IXNMqiCY
lAeqhz1gTJEwF8btYanun67scWOve0yF
Ud2mzZfXwbJLaFNrjC0xqwXv2DlBmJLO
Wtr0lIsHtQVinbr9UDdsdY5TwhkAouJC
AiFot2EJLbVXeBv2DHPWtavcPnIWXzQ2
tLQds6JcUOPimVRoyPCpv2iCcroVQLDX
ay2wuisqWOWai4LuzAGsQbqudNp03fV5
gCZns8QF4dbZDe7SBEPrCnbkI8lzon2l
nIWHcoYP2FSDvEKP8g6zggsm0qDSxO6b
ha7YsWroaTtfdanVPdLXL8a3k3LWxPIz
eS7CX1juUuHFrlRekMu20mU7AbGDEfkD
aJApQZcdgSCE4OTy4xPBvYq70t62s1v0
K3R6AclhS0uH89qUYMu27dGXoS0amNMh
hGGTGacyHf1QmArJK97jQlttizkUUDWr
B9ewBEdeazU2bNP2wnKIxbUa9wpO891v
OrwpZeOVrc5DZYRjlwHr4QFQKmk5ZzEo
Adat9ua12a4faVS1l99TIYkUqxkfNVgG
xkCJBLZQJJFjH27sXski7D6S9GK3XyJe
2uwFOOXfNXBoy4PGOVzdJLQjy8ysU9NF
B12I5k1siul2Ixfsd8x0hZFmE25OeTbh
cc9gfxUJ1nkg4sWopPSxHmkJ6VQijYHF
aoled5NMTMv6QWoIhlVvTIPFXMkQVJSd
vfVGTirBhRYJABOzriPpTUlPpVNIF5Vc
e8cnqmh9DHMbHaEIGHW6A550gipNWn7Z
3NHUiQS7lcxgz0Fpv23tUIIoOdRWnQEZ
x1jBREzCt52syuH6l01RfGAbwUFLnvB1
uCGWJ3gzpZM6m1hKsFMSPZgpsAaEky0I
ayHV4gTikhOKNGM9qLtdzsjwA6P7NLsQ
pTVSebhdPgqCSMJsGNwfoTEd71e82GRX
dcJMZ0EuUfT30KGokiYFHJXnseWp6aW5
whbwIUKBNIVgulLY7MoBI6A1o77TBvxX
WCdadsfTRcZXiBgCR67EROzuN8f1JgLB
jjd8zBrY6YirmY9ujuRxUwqrq2RaR1YE
Bl578rDYwlDRUMSnDzMEgt6gMuQwAL2m
aDnu5CGelUZVBLB49TzZyl51a712vKhD
6bIrVyTciTdujRAFJpkIISjZgwaTRZVC
LORvjm6o8kvyXsWMNxXKnYfgNfd1hVJg
5EJFb8HSukdkm0KC8tabZjJOtOYyIdGB
5UvKYhnmFCrsuajKLjFj6eTFsa9vDoDe
Hh35lYeIsuOPecp581sfMZGfEkCo00E2
bF6SdfVMTKBaxzDRevrelo7h8acZKTrk
OPycxrHDFXXPsiXVqbTJbPcTgZngMgbD
z1mUWqFajAMfXyRFyaw8LSyXQTzvjrwa
uIuKBZZLCraEXpT1RDk1kBbvY3jKkLbg
Y9ZyR0cWa1etXnrwP8ek3HQ54iYj5CKc
rYykZCsfNXIUtrMWe9VjbhkLFrd27pXQ
uDUxjn2cMDZiPdDyjWa3gBfXGAfDk53i
J8tBA9TrLLrML42cOCf0AV9TQmVtptQO
4tV4QhCUfFGSLe8t82qaQI1Ea5tPw1RJ
t93N25AFlr7WqJF1XfxPKHes3kcdJMyJ
WoBua5E46O0hJs7euGxoVyUKYb1KDWcB
tDpNfK29efwyt4womOiWGt30rYVF80eX
2dIVjvSHbE2GqULIHEJiqd7tnFTqKbhB
PotcwbtB63KBihJKZhKSrjSr7YWoublY
M05ePPpQiR3mF2oGkSv0r9qlaUDdBra7
fE94rinYOv2jl802WD5FeZMqwV5dCyEJ
sC3gdCLf6BJW53bfXLARLOTKRIsNgjbs
W8vk8OXMwel6F8ioIlNgeiiYBdTowzMp
INVM26HymFfy8nXNX5G5b4X777bNQHUv
NyF4AleI02vkA8De9zEUTkUWjQ6DRKjq
Wy0Rp0IX4a6rh9DioW09scAFUl3ksvWf
DBQ6tN2i7XqfodGIMjOoWtX1EAi2C3yY
tjvXSKnUHSc1VjK84EZuB84mJhJdErQZ
VqEW5zoUmoVR0fjwN6VcVCJCRhU9uiqX
lDFEj0ZoCL3L2nALaxUmBnyOx1IRJh7O
b3vm6AJgZH3gqq3GO9kgNbWSulNLzynl
FbIbMcQV61uWXbeQ0zIqfINKqLPoFGdn
BsHh7AgQyl7ifZTFxkeLaDEdQPentp29
FtW2OCCo1j0UEb1pRY3Q4UxOP3ldRp9J
KuKac76qbr44r830oTvmJPfHeQQ87yNo
g9ydQeuuXzhd4tXpxlqNBQxo8zuYbBMn
YqF5808nRIHoCe7yU35tWmlSXXJ2IghV
cfvSOyPFFKjq0wQi2Zv8NHESn3SOV8nF
rcLzWkIoM7rSeKn1oHiXfNANoXG6eaLZ
PJhHRWaKH4VgGaPb34EYmv6kvQp6or7S
dsNhD4KeQ3RybojsptoWRn0fzcCq16GM
cySsKuVbb08is2815IyJUqvtyloapEbc
L11yuPjsCl6kCNblht6u9ByTmTGsrYEe
ZyMOnv206FnpxrVGrNghaMncIRX6LJyf
UwmNM0jCqAitnLW24tnwxY6XCT4kVEMd
kQ5mUiNiCQwV9cBMTOBRnsN4VnZ2fGIm
F2bkHNKWfYyq86bkXla4k3RBONtwMF0q
L6iZp8kr8x3kZUgTeztioeTwMDgy4ubq
WVfdI1SPJUE3D0rZ9z2IcOg3D125xVuU
I867EhQ4uBp5pPRbL25vvmiH8H7wXssD
WmxVJSIC1DfJVvWyzpO7E2SMMsmtL8ji
GIu9Qfe3pStUuCGvLe2FP438UGxBGXnY
YrTifWfMEBWqdZy8KpOiQp7l4fFKyM6W
f1gc2fNK7YwWskpXOXtzsTPzFvxK9Rdh
5fijyxjHTItbNaUd5SH5SVJDyj2Lp4mE
ek3gA2C5tEkmpKZBu6krWBkoAh8Wjcst
DN7mHSEbbhYx1zMdeDrzqnTVAfDhp5Qa
CoR9PITRDuYlKczCNxyWpE6tsElyexig
4OazJNUX8kNRQP7EoQ4YW9WXU2UQTDMK
z1eSePU4yTQQAWwrWn9KlE179hxdBjUc
KMy1G2KTn8x98tH1xRPM59OLuL3l8BnD
PnNYgBOyjBCYB40TbcXAE6KyytnI2NY1
JJnsGhL7Q8Jhe3tS1blRFGLnwDVVZDKB
33oexotOCT9AFTg5NLYeQKkIVeSziHkV
7Dc1xHnb4eE2qBDynNDD57WuPOaqy0h4
p28fUvOFd3PcOct0GfrJflJLE5n9dVCv
o4bsOAeZuaUbbFohgqgXrDp0jf9ZGLho
QrOgJgmRvnz9xKwVuOSIA8u8Nm4mFIOL
SZHBDQUikp9lul3p8v9tIW6bTH3le860
uqmxjD50EjwemtcDVUpfzmiFLsWARQz5
yPlbkwRVEO8mATTRqhkUFSntNe2FiNqV
ZeTSwTZCp1PMJ1ZnSIaG2Yi0xrBNJBZt
4yiCNHNKMSsNjZ0iKiBTKI6huYmOO1g3
eklLCkFrhHJ9EIr4xxc31t4KxmP3TFon
oC2f4QDultseatcloOIUij0xrRJk8ibp
uH1BdjSoNZ1r0X1GIEbb457FKkQiVNXK
IJLeSC8ganXPskW4bLXKYgg9RZpykWTS
R7sbErU0KCIzhVBelAA21RbbLpemUhyJ
Yz7ssVGUJ2yXzXx3Zvza25xLCzrSrhev
EXq3SlbK5GqgiZ4zGkiMDDyY5wCkWrle
GMzZ3hl0DX8K3VAiQCmEFwP71RP1H9ia
XwWVikqGXXMptBEvEsrV8kc7joCry72K
dGOOtWX0eiXJoeBPskwzoYEMBZVz4aqX
nzzwiQs5LjAxbgezrkaRkBSTGagcabmv
CY96sCPwiZ5qFXdov16xcaW1DyFgrv62
iAI9MoXCfQSpZRjErq2zv6sGUyCM5mgf
AwFSBfMZjnfktsTOZe1werwzBMgOAXoW
77w3Vrwr6wxmcYAJLgEexy5TkG0zariH
wCP7HVLQe7iElOfjHPSbTlWOhQWt3UVV
0bcA3voGGqluo94W2PVvj9CNgNNQlmcz
mwzqNBO9WpHKSZEG92PcZYeFuQThniRI
t0iyzq38i1Vz6mwguYNJiRQ24yyEX2UX
DvoxZCkuJCqrM9PFSoMmb0jn0gyYs8gX
Bbu5X7BZNsqOqpu6OVM5MzuTH5izrs1r
P15Z0sf7uP0shgOhrOcfvuTSCAlN5RcK
apGqPEBc0rYcYvYpo4owD71hgiXmNa6r
q6ZLMqsRBB7utf5CWGZg2G9eOPO60CJS
pOQMzLvEM0P54jyIX2oFxJvjy8uxEsns
l5Ww0Qzxq3OIlTZKDCABgz0fjG1mxEsE
ONCUxRiiQCae3ZFgfHHYP2gR5wQUoMYf
22aUhM4qnpCWMiRQpONqxOWIJvwYfHLz
Hpww5eIyRIoB6bYu3r951ZcPvguWoagD
oZ8g1GQ0Q6S0fwucTTmHd9AUIQohruEG
XHARPJU62f7zaKJ0TzhndYDA81032foK
gVX1AOSrnb0wG2hH0VdZzajUz6Rp1lAT
N0wHkCLPmHYHStnNFR3PhbTC1mkT7nDa
VQjcTwDObGQ5X0iQqMxJQLA2BD3lIKqZ
xytdYayZzWmGtH5VBb9Fq5RtseE8yy6I
30s4v7VQ80l2dMw0Mm6xXpB36KjbDSFf
nDcKZptZ1l5WiWhXuIlj4fw7THinEe2u
v82oTvY5cPQP8rW7TQtcI0eZtAg6H2nC
Y40Wff5V6qwqOZMuEjaJ4YqU5NgciRJ1
FCq9IOoi9gZIORoBukR84n44P8jUUasw
nUmOHyLcf2E7nOR5Wp3lj7ZDCy1yIjaj
csSQnFADK0HGVw2d99PVFxAYmrZjvLAS
7HXThhXayn4U7iLJJAwYQtrB7JcQIyNK
6hc4p3rk0Sns23bPVikBBe83Znb5ifae
bSuu6LMPnCyPVWws3R2vvUbEBxQMuTfG
98kAfw4zB3qyz2i2M0dJuSbx36j4YnzA
4Cs6xFYnDPYFLoBavXeLY864EcHyk3Rr
hSNUc4MCfFykqIpnQ0op1nLjzg6aYYEV
M5VQor3JcT3EfYAwWikXsHyNu34Q15An
fYDvRiPlmpy4pnTPaiZ594wcOl5beTQo
FZggBm3YfnfGScepl6heLmA71ibJgOti
jUhWPLb09J8IoTRgZB7fl3qnLF4lQMm1
4fRHhXFd2PO7ZKIW939a35HpwWb0n8ZQ
kCmPvNt5WyHVaPuapxOfQB9suZGfxPDp
pz4T14srdhhfAG9ETt33se7KThXU624e
xxpPpjNciNTZSlUKsvnlhAkxa8kLkcNR
JmTugIDaVqCSGiiAL9HlwwAbz4eij7LB
S8sstOZlkAhYLDJjLJBT7MaVwgB5X5JH
OMivMXjtZHHAAmJkPsnn1JU3qOhtzn2g
uFg5ElwpXrbtNDPMmgNuGkgLtvHqpyHX
lWHyvdPzjCav0JcUwInd6btEV22xZNjz
OM2kVgBF1O4cYxW6jNBV5zYedEZA229z
iZ3nf45BTwqYiKqmueotqIXxgjm5Rnpr
zzOXDRfzCXCmE2nT0dVu5Zi7hObc8vWA
IaemTWf99uDITpl2zfl9VUGkR2t44Rha
m0PfD5ARZN7hKtQcUczAfc4y2an5eZBd
JvzfGokSafn3zjwR4yEq05yBOtBKHNKC
z5I1rKRUZ9stOz0e5pVtCWkhvZtjKrg6
fA0rS0lChP3qRZ4E8qiF7asXwDp3IBSb
C5oXEXgYeFjndTiMxXs82INpQd7jGN1M
EucRkbs5TSQGj2C480fQ3KPj8dZ7Qo93
1qR2RR2vB6DXpzw59Up6KiZbgEzgmt5M
e6GOMK9uf8xobwmEAlodP1p7AuVxk3vQ
ce95PHXLltehv4h1S1Oh6keADKMl15sr
9vrw3tXJcHVRPxEzpAdsYAPwZ012bxL9
E2zMpV3BveZCfIXW3HtN2Kz93yFpuc3D
VWYlcYLhGmGtQp5vvqtqolDm7RDpAOGZ
sO5mGcPPslurXwzjlVXRfPF57uKp25yg
rDmQZoEmKtWe0vsgFyBC1u6y8adjgyS4
zFkz5lkpbQ9w6XSQcQJu7b0gqplSLZXY
opszqPTCWQ8imQyAzfTrmr45uY0qPDMV
41pN1lBcSBpicezwidj3jhoTlOzxHJLP
chSRGI2qXJWAdtqh2TCyzHzEPnY4vBqR
PkfrBRa0yBgHrfERLrI8HU759R12nFFf
xzt2yLSD5Am7hIX6VdCSnVPCE87OUGyY
31oK43iVzXsaCqieq2pZA9elgyWDBNWh
xOPgUgPGGpxOpt2DAT7sZB9JKmh6zxtE
mkiDoCJA8vSKkd51TD0NaXL61jYFKpho
wWgCpPqdtTdgZ8JOK5dGSmYL7MD27hhx
TQaMGMRs1TB9y9TMScTIEpz1bSvCsq1Y
vlO8E17oMQdUSiiPrXP39KwFidfWjJC9
yV6MKGZ8bxYJY5PI493OAA0J610YG99p
JYmBTzkJkqFkwSuunYNn9JZYse5SvZr7
XXqKwENW7CjKQyFpIJuzyfHL7pnFinBB
9AXnqAk8zhp7a8cVeW89CGociMfZkPfr
r1gaDbVEqZioPJp8I9IYejZGz44u1E2O
BRFxFuLg0nOMbNujuFh9Lmkv7ngjfHeJ
0GnC8148FeEbO8tEENnk5WAXsiIyQPGd
FEC9vqpoRdCQciYrLSMilhA33RTVIstS
jGtnH23KbZHREHXgVx9ZwBEV8dqp2Uw3
iI9VSrO1AJTjaKbQHuoeucbjHezFXfhm
pdrTleUDRQlqRNDicJLHTPRuIg9Jtpqu
1Y8tv2wZDhlgambvsFUwokhDHNuFSmGe
QtrtLKKoYyaFWrvjk9F4xr1jEu4wLLmb
XVBb3yHQmyXoITObv0otj29BeQqI0xHD
mIa3diCgD8POLXIJ5804qTtgHKi6v1hG
P2vLiYkx3lia8ctZNWCR2qFtsZl3oz5N
YwKybmovk9EnYOI15551ypQEWjmNoF8L
OmObMz1eqUjEFdx3ZfFCQ9yZNsaBPoZR
bR4FjjLUwxYhB3VpcqKJi9gMaTNfsD8F
Yk91lvOtZT66mIdTbDbbs53BWUS4VDue
ILVwIN5XPbg9b1QVZJopNc6jCFM73adH
6taqeaRHJvSQqChA2uC7xwwTt6KmBp5W
q2lIWG6m4RAvkS13GRsMFj8d5Lfaekig
ZKjeNeMEXRR2fHRPnNS8kBlgJGCvt0iI
ANobCLguoBhdeD8MXFLhMAjsj9hEDqHW
VfoFRVEQUCZstcAbfB1R1EfJNxVk3bEY
FKWb6GqduCCyULG3s3ICyLKADKxdZhr9
9esTySWjjvqvJXzTZy5Atc6TaLVJ1GCT
S7RymIidt3wrX0aeNYHnHNMpCTVkLutH
cAczdTy6W1azQRVa0Sb8NMD6luuqfBBH
UHCCODKVI1h9TMMDzv60b0Uvi7qMY2xb
Y8LFQpKQmPDo5pKWzl33yxmvzX6vFpkm
lUAxK4Bn3AzZSQiFpAiap3HiFscZMAZ7
Qlew1FHnhessR4aKwqMC2RrLuhc2zxsf
uPiyECAZThDanXlcPxL8xENklXR2cgZb
FN53cmnHX2ClJL54TsFLD1NZqx4ZaYl5
aAspZwDUWWffMLcpESuoU5p52nW7oW9n
ONzh1CcDjXeyWQAqwX1NJ9BoWbpx0hkp
uVXodDx94p8GzxsgNnEWI6RvBgGy3BRm
yA5bz2sRmvF0nlXhFGbNte098baiUUsa
Nip7ZLIm5H3RHT9KXAHxI6Oh70bdcHai
Qy2lUchyBaRrOg2JbVs1DPuLD3aK9e31
ENjbCaLFb0JwnSazZqxIiM5VdLikxJz2
euZd3LcF9npBOB7LDN18rWToOYV5vkNC
43jz2ShdaRLywhrZu9ZF7rimsv4d6s3V
zRSnPCJLKRyfWkZ4uk7hq9GaTPLPUj3O
gwTktzQj9waKqQeQoMcBN97qQ5300YQu
AzCEJNFVcLf5zxmHgjo6DHBrPOBQNKig
n0ZKbrM4qD5jAl7jaT4kIWTlq4PTkoOL
5MoAr6ltToxq3TVpw5KWwHxVamplvBV9
Yu3fF5H2rdVTMKliWTiGaMCqHniZe9ZP
6oUdoFSmFLTENMu013kqf8nrPX4kDyHw
kh8FdIkv7QQAbHmAopJjGHPsqRyJklpx
NlSpTSV9xEBALtPSTXK2Yeii6NDIgokP
e7SojM0EtpffQAgL01AgrRYL1VLSObq5
HA6yjcfZRz7DMRmDqhOyYvvR48IbvcQN
Znot3j9Bclk5PDVsSSEltIENuW3qo7wW
dwQePxOO6UpN7PF0BlAmcp7d92vXzf28
RRst1SM4aFJ8aqyllS00b73rC4NCnxVE
zMAqcaYkcEgD4pzoxRknMDqTxcg2as46
dVUcg1cKRLMwJwfDWI41kNsZD8X7AoZs
58WomO0yg0a1sEy2BHqZbYLa2B42aB7f
MFnBHRA0P22jqNpg8VbwWYQduzDPnisi
4wtyehtrkWTVXhOtR6hvjIeuIwlNxjYK
NlupPnwEE76z0Mr80CurbofiA81Rx4Xt
6PpqKLAVPtC17TAl0qf8lXKkNfDk2Fbn
5r8caA0ClUr9J4ooqnaJSGmoJK9pIuOQ
3tGrl0Kab1QrWh0rlwsgZ1FAQrAm73Mh
aPrXUq2QFMSDND0P6eEo0XbU2QWCw9ur
W0sYih099As1kH6thufciK4zQEfXsiT1
0Lzfyuy8kNGFTOMgOJNfZHdDWdco4hq5
c6gQlaatkyfqCnAWNgU32mXkIgQd5SaU
GpQZ8YHOo2k91aoDeX4Lbg8xgwC8UMXJ
ZV8x6rQuTQ5toOwJ700ljbHa7GFYF2Dz
8jTjJfpwnxuJcutd10Y2dkaBIXnXesl2
GKRyq6LeZwcuk1guZPuMIRjFueyooOcN
nKsEy9KYpuLEeJ5f3wBMZZmLwt7sDgtU
ZhbVRP9JAcLkumCAlA4QhraVa3aCWP7k
73aZyslMrfPecvFkS8aPgSGoc3CZiNEN
ConKcqUFb48qbclVKswsiXISG6VQNhws
rKTwxfRWDKw6fcYyb3gGXL8LSNBgBUCU
lL7gCEGgOUNg5U1iwbG748rdp64Asi76
Kt708IMtujqydzOACVaA5t8BUKlj6ELb
V3nAJxC8lU7lU9Deq3YfAhVz7tZEQ7No
qHLC8q03mbthq9ivA9aanyI54RuxXBLw
e5l1rvGk1hZgtVncK2EdceQYyXnaUooT
0ZKly85r5xlGXXmuzofCSbHRCFCA82Wk
UWnr1lXLTsB2lsKPjAojhMqfVAWiDuoN
Mk45VJLUWE1lOaksW3OHTM8BsbQwJP1q
9r9dkNB5iOuFzXMO5qAQdxaAVbLsEooy
Kh82sSnCbgLEqp7yhWm5O3FR4PDpqVv7
VGAbGVwagiGXLUSdpv3DkF1pY9REL7Fh
3YtKoC3vYvdmNjrtztcsKiB2bpLBlk4F
44pwkWaSPRtPvtSbsXyNTYzorrBTapre
ECmlA32JqyEqa7P4ekBPE7qm0Ju4f3eK
V1KasIqFw0jg0Oo0d4g35I4gObBCnuwb
L56DoQtSoyIO6dZPXcs8FIgiHUJmauR0
N9lWcfBSFcvaLVxTTsDBfAFwUOLxE9es
ftDbIv5ujHfGDznvEZCyFi82KpKxUn5i
Ow7G7ZbvCcnLITZTGj9SBGAIrBKn0fMP
iKyROvN8d3PsFFctFUrjg51cjhDcdkEA
SXFsv5LSZAcaxoQU3yvLW6MoM2A1xtpW
Q6U0viQqaUO7V53Gs7my71bWol0DbENG
WzCFRjDLbHLW6zJMv2FmE0rOzNYDoAkC
APUwk4WV0jVCHYpL3PpXDS6rsuGnu68I
8RJ6g8BndtpYRemnfXZeT6m8eYMEuXHc
gPPgg6jf8ifpTefCuIGzJ0fsdVP9d2Lo
pFmsdHUxGYZfZnbDb3VaHFzLg2ukaa8f
4VHjRwXuxLG3vVmuIIoMbdm6K1vTyaMh
eAYkMTnVh05VTuWsfeY7Rr8T1r7chxfJ
IoB6E4qm0Vi2FYhekp7psaypajdrXoGi
OfeNLupUV0vgPZf7gZlnt1mS7K6c5C8O
Ozr3sw5pugoavTtVOndr3nZCoSy3VWd7
HXQyyFLs1dqdg2qI05dbcEB11oBTEjea
c9hsWJS6HHmIhan4Db51J0CcqZLaIMKi
Zdb142AIIyOYlDOtNYssJa4uaHZl02bm
lhuMHNuX2km7VhW0Xepcu7CjJScYEAYI
orotXEJoamXVcyz3YQjy0juojWG7juwV
lh3rmEJyqDirQvTcdPI5UiVQNQ2wozOL
eL3OrNjM8DLgA6R0iY6orbxE4znCpgog
7qp1VdeXtxDqyHdsLs0sPfjjRLufLEtX
kNqP0rBiT0KcNI6Mlk7DGw68REU2mGoM
Hb3MRGZSMENgFRKDXlfXbu43o3dS0tPt
swxiLH8I3DhKHeGbLzWXhuWXCk0jQoBk
s9pLA2aCFsyUhXeKtjRWKqojENP6nFS9
EZ5YMBhs5YDGiHIKubhA3cp8A8tK5m2Y
NPauMw31ZkShoioEo64c4L9WFEVHylX9
petPf1Pmf4yeiSneJBBItJBWOdDzmrue
VgBnr0lWrEXCrv4elaFjfRmCZB0FzTC4
svUUJIgSIUWWFc5mKAMdsDBSUtpbqvjh
i4RWW3QwzrSLcmjDzIFVUF54ROMM1Cbi
rnggH8pWjQAFATYcbtvb37e1D2r9j4Hq
OycWkGp5Rm1yY0A5HSM6kEP6nKbPNLLp
rzUKKNO9rB7icRx4BjHprbU4GOf1lf9N
AKuW2ZR1HFvO7io2dlfMv0Bcv3k6tnxI
QzekjUzUSVOM6XCaUUQTkqGTC05y4nUM
BMSrJvZWmB5go4IhXPpg0C9cAcecQdxo
RrzCVBbJktU0h3dOI811A4XUWeH3pdwn
cRX2gkhxM1Jk0ZrheIOPc8tCpHt4kpGH
jhdz5LalaIeBROLpVKlgZlFiT0bFQOsl
qRmRYzHlo0xf7hzCd0AozWFfHe5kGFJ6
JLe5Z0s1TcPAmfY8gWnuR4bCuSEb6fnO
87ofAEQTZzcbkv0KCtYEzpWutVh9xdT1
TfOtN0CMddQcwLQUxvLxNU6wi6RiOxzm
vKRXYgRKBxXZ1Vx3NTtNRxf0EZIDgA7b
uxd6HJFJTi9oWqO7P5ZJNWHj6AejYkJR
WfVFDtfIy4zhJelCSRxt3Llr6oCPg8c4
1i6Xj3NowZ3UlFjMZbCqo9SHIgsFTIrD
3AcuqgyDmu9c3JpvsX3VBAVUiqJ10wGa
6BgwJlN2ON6DQkptIsw7eYwIy8ToX3vL
70vTR0CsXBpmiyl3dJUdgg5YG8trEXyx
eSdpUBJzrqWbtZ99huWpjZXcIl2tQMpB
jRApVoCw839r2TJlA8MPxXftZM5ASnNE
baUWwGCOK13byvRjS0iaXy22WZctZ5la
ylQXUwbsA6Tu0RVm97EyL2QXg5LniQNN
jxzfcLvcrBaLeLHqlwory0C6nr8tuNbc
AlJiNzpqsPVe3hR17GLKlI6hCyOwTr1r
SNYiok06sZEOn4GUOfe0hQii0a3ShtEM
IGDGdNlL3DzSH34e3eB1wof2Gfhegb2z
BkM5r1ioCRdBV3tpm3q0pOM7FKNUgPZ4
TdDUN7aNw2adWpYPNiU8TbWBriKJmopk
jKJShfeNCNKGjt9QNiYew8SlY4xWFQe4
Kc3RfETV8HjQflUe4n3PrS0vKT3cD9zD
FGHdjNRyV2QyJXxsasO1wBMOfRfCQGXS
LO9kzCEIuvrn9c8wx9VkakvHMDC3YDhw
xM0VWwnMz7JKWof64YkY4ElkBoHezM9e
wCQ0ueAmoxGs10KM4GjutrMPV4z8B5e6
6Wr3IfylAFoepXOst3DJZCu0ipXgmvkF
zOWajLb8G2UqeTMVSXTapPWfbob2d8lR
ukKB7I1wrdclLwYdaIKamJ3MeGUs215z
Oc39HwuGo2jU4bMgdZFStju5AHBjOoBX
km15wf8CYbSCKAu6WNxw6T0m3r1X4Xxb
QxS8VUrT6DQ1EbWx7DnZsLghRDGpUn87
X8kVNSeqvinv1dM8K6fPhoRjHCaoMo52
98W6K6PF3fabcPRAlIslqyLTbrCwMNhx
WAFC6GsFw98OguI5lBi4pQSp2zyKNu3s
zNaQ7eSe4GpJSIXXnBAsEEP1F2amyCwF
FTUF6rwR2q2JrD5N3KuGB8cP40Bb7kHK
5s5XueFtgPXIh3NKG49X1I6LiYrbedVU
eaXyxQMDRbQJzMFNAlBoGjvkxhDUPpmc
eULT8SaHTUWTF24BvgmDrfkjE6Pc0k6m
QJatA1RfKx9MSJp1807kE1WWNINkwORb
xKQOyjhUKUbv0oqus4ZkRt8KP8lX2Qbz
nZCxSRfYKfSbL9W5EcpvnVBBomXBmEMQ
oJb8NqUXyJ4dWxme5WqJORMIFegpvaBj
6m9aSTvncVao7SzlzI5ropjPZuJ3TwIl
hscCsGEIybZNrBTMFnRJpyXCrxr1FDUX
jxRDcM8GuNn5LAIvMYqykXhE3X0yOQ5I
GvgMNBpyewSFKXf1hatMckJlZ43BeeYE
ThxpH8hIs5qMiMUOhZPSjx4pnaje2x5Q
X9tTlMcHwYbAXV0jR0FRCW6H7voVF0ol
xpjM03zWt9PYGkljnD9Nuaixb2eVtOUS
h1vJRuJEXhtLdSEUbGdG000eBCTYvNkw
IazSZgQDQM8GgRydey7groCjTC3ShlRq
mHSE23K6BH7L8AhOTzyLiJY9e1BwqpIV
QCb5n6iczuNgx3Lc1Ux7WhfSkJDWF8r0
3kLCVe6AVrVp1igJod7L602GbxEVXBlu
OdNEwfulUccIYXif2FTtxeXTlLLczFOx
TbPazPrtVKWwqXaNukckUGXyAlX8HWya
gicycSBmQQCGmr3HtMT6TVUJ55e1Es9K
qRmGAMC8H3jhM5cAKSEF6XafHdt0feWU
wIWtoPxjeuPasX4hHR42onI3jZ4oH8Rx
fTt8WUJ1FpYg1VLRL0yLsTRWaClqf4df
V8UfT929ZSiXZmUprRx0t8fifbe3dn1T
8sBFZCvKYwSBhOTwNEuMI7TARaEygZqd
OcduPPnqzuzz6WFEzjiYyVGQzlvbHCms
LOEsys2hwud6xA0LY5Oh454rY7U3k75v
nBT6kpbiQSLf15Yp7homIHkqPptX5foM
7H6dg70nWSgcZDSHUu5N2MRMPEJI1Cma
7yWGG3Ypy0VIzY71i3To3m82XxvQILQ9
ZzCzN3KrDWIYHlQ0chE58RuAVbEqKb4S
pjE6bO7pClAg6zdvOIYe76Ta2uDJZ1U1
Yqr312OiTzgiMlZPdwzkvcjoutKmbvAB
pstoMekj8kUVLYJa3wSxYAXdY5oSvEwU
QgD3cNG3SbnzjNnKKqPdeyXS1ETXfT1m
9LGvyuKYdPZg5MpnFyx9zkJhDYYENqTU
9UZ0RdDvcALjuTVQEnFxUxlwAk0ZoW9o
SxPwyHUZjiUfPNp298QcDZPGAPcabvaR
isYYDHoq466hcHp9Lk3Muw6QKSpBy3b9
4dOlO4nJaqHd6Uni8kItc2oUUKyTkAUb
fukHPgqstohTTDraLauywevjK31fcd3n
68aJMR00tAklcpHGTUkwqxpdN3fQ8XGu
a06Ky34PxPpL0ESQ8HuAMsdmeA28owzZ
EF2Q4qq6DaBERSElet0KeevwU09dbipf
txf0FVezCQELPnKiH5JEStUw6VzKme6l
6I7Zg0JhfVH5aAoqFsnofdO6mhoMxLex
0sIHU1rcoCVW0pxb2XatNXudvkDUkJR3
fESxfJmPj8FhaxXaa6A4YxikfW1LheCu
P0fMGIP2Mvzz8ZSDr2g6f8MHt1XVZhNa
awfkoXkYnn80Z30fc8GWNqpA33CuRa77
YHMxqqNqXLnFkmoQAaKUALNvjuhIgNRQ
jdEOTQENUfFxaIMlHTWnewNAPvZ7IWAy
Kk0ArbobeocrA3SQkJ8Y5YHGkw2DDyew
LGuu2j9tK8GDLVIaTtrrxedIN380Bmjr
DGLVySh1GhYfk8MfOBsojxXJ4LwW22YM
5dPdKuGH2ik967pnVNaOSXBCSN5Tcxq0
98ZaHXN4ftQMw6h5pgwQcK5m91mo0Cwv
SE0KYEWDvIAstoQUvwPvbcluXaJkxPiJ
AOe7j81A5pjELSjvpyLkoOnlyVPOMeM1
UkwHLD2813Ewj4mJ6FRTTYAODXpL9rxo
vqaZ1VVsku5ZTgj1l0QiYrEq9DmAednU
z0plXhPes6JlJKJxYYv9HRIbx6agBS20
5wDWBQqIhaQgdFYfbWBr368EvyQXcWV2
nmOMV3mc14Fvp0YWFogU7RQ11tcw2Ffu
wzeQ4xn53MWR7DvGRMldpYvdbDUXTay1
R49QcQ9V36a857sZfGNBBen6WGqKLTzp
e4qVFvI45hOxpjwRq8Hvy8hrX8wkTRKI
FvmtguZpDNARcuYL9XBM6pGN76K9jNE0
BC0x5CHkfV5vAiFsWURi7JfJAO3l3TV2
f40dOZ7IyCRjbRtGq6cupVqojZaqUaT5
yII3MJfs1yoVIALot7vUopRKtF0RDtxf
CToTgpTpGsEKUZoxKarmG97qATbS2m0S
g1xZ39YlkJL9qPQyGRzirjhmut5ObOrF
z1nyZiHV2R5ZDhd3vZsPb4jptbIaEtGk
snMUztBfLnTerAXSyec3xBRn0SbXgDSm
ni70zSYGjamzJiEkOuIhmn5HbZkrK6SA
xSSFHFbRHiV2B5asJCIDzitxyC0JYwZM
hBT3Cp9tCBVPSrbOrcEiQDKFrJZl9JIR
LVH0GMPY2gVSsh8PndgQSNVoVFVXANvk
KvJWWMz7G1aQzxJ8h2UwgjyOB9YANMiN
99TeVxbMmbok5fZyIbAOCmon84hTiupi
EC9HDRrmbAfgtxW3isPwz07EkRUtwDP2
KzmPSd4gxh6WlS7BeJGOCl4WJdm6TPNe
bpHtejOVF9WJSpHGYwa3fkYOb1wINFw9
bQJVcK66jDzrLlEsRDZchiWIWPx0fzJ4
xfJreG2lO3myFlltj3lu3P7mBPaSKWrq
ejjq8kfvqBgdImI091JcbdjH7zZlzU0O
ryJZFOgqgaZektPgt07yXf9nPPd5UpEb
5KqjHr0CvhKKYBvU4BNDjXdbwnKqZyJX
JKTh4Xwr8MITf4cdRm9ddl6NcGzQerD8
6MbwUJUy2ZFCXaQgroafWNYHVYWjr3zi
bzMGZeIFvIHNA0M2rnFJVGP0bMbxLKbV
FA2UU2fJNvlIGwZ5dhVYdiTpBGZjZqbF
lQlqndRoheHBxabFA7MgnutJ4IeUjrC1
WGyv2shzwwGdjc3OdfyHHRDInrmxsSeu
d6PJH3QqyQUApsZYKP8Kq6pSDXncNrbW
wQl0q7wP1W1I1ZhWoEJGBaEYlYb71DZy
MUWlNx1qfhWulCY8GgeS48V3qk9r4VII
qzrCGKL7zsVu5hP1C1yCMQpJX8izRV5c
Vx77TeRhteDF1RBBvDbMEkIoHWxXiNAH
XLRLeZ41HWAhLrz6TIBe5mrPYoITRlZb
Tl6gQqUUtVNnpGpwfM1QSdwYxHjFSqu9
ObExBCLuOx6b2BUUmHvKs5d7BwPAnC2B
2pyJfzsHM828iMtXHWVKTvmjqloLHbp4
athBPZnzgEUTmdVZUQ8NNpvgMTlyIf0d
G82Fc4AX6qEkioHkAfkMPRFTWOmSDqvf
Rls7LR2rTzS1AZjIkhkE4X0jRVQ53i4b
xmt0yG6zFI5GZYe9MrTHXtx3FlxrAHz9
pKdC1EFC3dPLk08FHf7Wvvzg2INgFWqH
hkIFkaM0NWeu6JDfxFYUxmc0Yi9Ul6el
slqfuuX1hY7ztOkNeEfTtCxfaJ4EyBl2
A3zyv9Z8zmtN80fBNfQKd3A8zx0F84IZ
IRywDi67SJxQSNV0iNgdlvEXcZY0Inmw
xcPk9V4S0KNgfR2TX4mUvrZSnl9P72Oc
JWjc4rwSxWZCvEhWBDkaVdRBETkmzSZS
Fsn3PrmLWaspR7mKlkvc4g21RXEoJbJ3
OqUEjo6eWAAIr74nTHt1E784VQPu9ay4
udZ2wPNLxt1yVuESt585YpRvUu2pOPsF
XEqyVPI68LCBX0VdkAJFW4On0y06fPpV
GI413Tdm23bYZTlp4qEzAzy73GXSztkn
2smbfejtgl5RljnVP9w4wi5abxRzVjtN
1bdhFv5oT1pxFDiUWFyNZ5wUfH1t2QGQ
w50nZldZp2vvAybdMpLeNiFU85WhH9VK
bbAIUtLfAtl79gKYBcRGaiuN5JnEU4if
QsT7xdoci5xKn0BWQ7hF00t38SiDJxk3
K8Xszt2utcc405ZZslvRutAslkeUaY3K
Ts1Uly4dkGKMPD3lz5PvsNJBGnqTcGXg
tTUXgbFPlcxlXOb6EvKXsKpy0bqMY5px
pNK183cV3RZo2lFvsJAOrjJTighjQF0D
2P7cp53Beknyp770OMiEAIWZdAun61Yl
NkFbgJcOadJJHtrZVLdCBs8LxGuqP03C
gNjjG9bRoi3ejN2JmwcFq7Ityhi82Vzp
IgZUF8QcBYgi5k7stXm7fadOu6vIKZM3
SmW1yHAUrg3PY0muJw6feGD6beZHZDml
CpNFOJUDsdprDkyumTEzfF1GhCzvCAWr
Bwb5JygFhMSilXOvpHvmUH6sJ66CNKYx
g3IAHdxoieP6UBtgrhtwVGuvzc8TA8cQ
PAWcA5VCiAJLNVcBjqkjvcK8rRFw16nV
AdqsUos4R792aKMBddlbULVBfAgpiaD9
yRinL6InLjTEzSEIKXZt0h4Wi7nKtewK
m8XFygIBKLPDVi2NM9BOJYK5plLFGmM3
H4fCoZfLfwqAPuk8lvFewfUh9ReiTggQ
7J9kEAG8R56sYZRQ5ilhX4YAu0VNQaaz
ftMuyZhKZMaSaRbkqAEe3xOhxmjlY2t0
Mp1vhSNB8srcEaRwto6KxIWW3VpR0977
dkB4Mn6vgSZeHbb894HZoXD6bVREv2So
2CLJQHdmurzEq59S8iVRl8d4me8Z2xKI
xLr3ORo2qnn8wRry3SYBhTOkauDcT7YW
EVm6IcbW7JOuALFp3Msf2KFlUOiKmqTT
aW6URtpoZaL2Hb7LVyoSIdqY7w1w3W7q
99zaGt66DjyGO9MRiKFX03B4RJyAccGP
xnkubyrrXALfIZBN74X3JexHidnpxKiY
8O7TjDmVG4b8wmZ9qEQROrOTlY5XTHZu
LHXe8Wx8vGftFypgPUDzy1b27dcdK4zF
ry3lg8FWU4fVjNvrPAr3lxXoQ86WPGTi
Bl3UD3Xh305WdMhwOWku37KbpcjmGaGp
8lFLDpc9P4iyxecLIpDUWUC7UAh5Xp5a
cEAkBJA0WhkvrLRbsM9MWNrbaj1uE0B2
aB1UVfhMYjxB1ttG9OvHGRpCT3KX0BaP
zI3S9KMmhTabFvTQcm8XmT0XD8MPcBAD
1RPHHNOl0SBFXzpd8Sr1kWln58U7Khhd
UUlelhASufT7VluSSueqZihmthRv6G9k
10Mw1mWju06Nx5oCQZHbJszJf2ND1IA5
btSbecoDXKtzaD3mWXqGxFneUEEx2Apc
P9f7pmXlTZBmzSRmJZtXnodIJQ6o77JQ
UFTlQHpH5m0JnwHOw9exZrHPmJel9mam
bdGXPOYF7msRF4hscjYnWYxju1LZLvFI
zTebwtBL3Q3cSUjIyTO95LLJJxVCNpKN
7wIr7MZLiH5IqrieO024XMksqa6nnwCJ
yLYkCdz2xjck6hg72bQKoRWDDBDysybx
eS4WeV5lWljNqSiXyTsJzVqu6XTAy8Hv
UCKRArixoBZbjFX2AnZ6nI98hRPxx413
2ghMSefBnllXa2ktH0FAJxjAe8qVyxJl
DWDZV7rZ13PBwTaFTPLa1DQddrzSQpPO
vBeKHloYOAoPI7NiKIiR8xC1doK0bOA6
OULIUKs0rlZUCmlYyycrtrxcUQGu2Io6
1asCsvUVGNkbLhAvR6CGzO22RGMonDQJ
NN0uoSncCroVOYckvOeqNBwQ3RQwxht7
7YK697YSnd43rgWekDu021ey0h9a0ilH
6ETM4zOKtpCsgYV4cQ7KWAvfSWfCewcg
vwd7qRzAoqmRz7XwEGdjNSUPbL3XERHF
AK5QtzghKLfByQoH9LCwtt0l2sPoeZPl
ehYIDDQiWlLqvJf306gSU0QLVMHuPxPI
Gmd4TucsVv3oD1q6ZRPltxmQcsvhNSsz
mOitmwSsz6dm45gTPlXNlnG5CqzDPx1s
KO2YGSdRW1niNdbiD4pu1ahCEQDHKjhV
MikmNi9gIoN8PHmu97A8je9C4QKZU7VD
JYbe9rMRvuqCwGNjI6oHhlaSpOJvRhWu
f96sOPp1hHQurNBKHPsP7r6lWWpewb5f
akWdXxrRjMg9Z634ios507bXJJOgCaxY
GSTX33rWlbeM5O6S0rjRg3GFa5ZxBNwK
MtRcXmDj07kFVYwuaMrnZKboouWyUO5b
bUUxdKcG1FK5bfdvCo0SByH7UTXAPGSP
GQqhO2gNbiPYgh8xxSsaDjSGOyfHhW5f
o7taEJ38msozPz4l4IKxSt6HF7Ujvtgz
t5SEO1WqKBZpGBVsSIqdWJxjLLn2PJ7x
QZxyvPn1ivJ6nHEiOuM3pEEsX5g9nJ8G
ZylxIM6G6QwrvltQlALjqo5JYxbXGPa3
gHvxIeTDivQ6RWgjbPvyQrWW6Um3oad6
xJWRseQMM6R9PLJVeJcnEm0YT4DUBS9U
9xL1ucGKNnX0zvAzDHzNTpuY6rIoyAbP
7gJxTq7BmlZHSdlaIdnzhQ6pt1Li7oao
vC1Ggdg1o9dZOpPQWRpvk4dsKNjofCnZ
fmqRNJCDWGi0uD4RmqM58BAjU2UkkB7T
dsRhvI525OnP94jDhxRGGDkvnYCagrZf
Lqyr6SbpKxSbjQhUuO4y4DtNhmY3A9tj
MKYoliqecfRJetLaVxlHMOh2lqhBFKPl
10gbaMXaRW42wiCyMxzbA2R7ZmJqz8x5
oCtS6kxvs11vLrt6w0iWvU6fWOjglIEq
faTsCgy2G0mwGJN1FyvWYTYp8p1oajKr
smpf9ohWV695W2sx3QRMeeMmzx05uks6
uIKVIq8ZLLorFjHwm3AaKZktz2dgPD8H
chijrj0X8G3VNEZqU0I9fLXCCYzlVLHd
sOcEgLyusekJdKZHyVYIiGGMkwZtRQ78
SveGRKnPeNtY5q5R75SlzyBLsOC2FB2k
pNU4AwyAv2hagshBqvmdDhVjVqOEGfuZ
FsKC7ota8hSLVzec3CLMPyIas7OeUIYX
iUMRmE1HCJJqBGcJD3F9WYQcRLtlfH6C
pTtnD35fP0NQIcKxPWxfMwrzRvsGXrOz
ScdMbfDWbBOMUnnXCtoPCtAkYh0ywOck
usaY5DSJEgMWlxzQpki7Ta7KyO18huKA
GR43IHQG7EefYqxjUVbYyhxglQHtgDD2
Jdwq7pDM5iA3efkDpSoFY3w8GQnLTY4L
Ng9JCLIxMeJ0FVdSwwCA8RjBlVEzLBQ1
23E7zZnCZIr3NX3nAKUwK7KA8GZDYEeY
tWUgRZ8nu33Bjh3h5DhYC0U9OiXmYSba
1u55SL69WRpp9rwS3n0BW49JDk7yp4Sl
KPWQfHTxgKyXCHyMyl8GDUyuHVthBh4C
F1bksoNBslPAvMXekDf2nlUBJsfHAMnT
XQdG7X8JAxDmsXfWzApyRbGR4lqQ5Et2
hfFZo3EuLv6syXqAH3vvCTGDmfeVIf50
KD2z1BzXqKkbfVxRwj3EbWJtp1B97NCY
y9NWUHVLYGNsApRVJEoenVwrrquUi1uC
XGj8pj4xDFO2SHSCoSNPgArtNBWABpRr
Tkh6Yrdk815jbr1VL9RDkxKk58LEho6f
1tXcYdquHHn4HbIxFoJufqxXyMKfHQNN
tDL8HyBj3fwIAcQf8iPYnrKGgnQV8o5F
G4Bigunjm1M4ioeZHHX5lv3lFccU7A5h
6ws72KEnZbQ8ghDwC76xXBc9Ny0mkcFg
zWGq0iPkON6svH24bruI3UWskB721cGh
4Cet5VUls7rV5CjqVfU91CtIrC5pY69n
daeYlJg8gJuDLYWwLTP0ijOIJXbdLZgS
ImxVHIHayIjNZ6OwP6pOy06ipbRvpajL
ONp1Yjm07ZhhUNGvDJy04egJlPc7UTXp
A4Rr9iD9RXQ38CGEhm9De5MJJMAuWTxr
6kbFznuSwyP5V00f6HAOGx4npriVXr9v
TL4zVmq7TPywXImvw20I8d7LekB0R4SF
4xazO67pK1o9ze6jqjUBUW9DxZOaJiC5
eVTGXHOYif8KB98y7tyLPXjFLKf27u6m
gJmnsnchzcBOKJ8X7ZqhkZckDCPXPyo3
DWFu9FzQyeJb3rLT6m27JfEFBrC4xs3Y
50oLqOwuoUVlC4TRCO9xAoqhiWYwuGlc
MbKmikMV93TZcpfwKY71rNSCSU9K0vta
4PcpNYt7gABZjFxxcaLK942qFd1yPgdN
PraQErmCMf894s4tDXcz7wHXO2uNmJoh
b7B9GNYt1l9t7AhwWbOuCh3nhq1DT6zW
Wq95D6m6CegpWS1tQYgFeZVHqtF8TxpX
62ThV6FRfCvFVZpYFtogVW1MGRLTCDJ7
m0xHCJL9YSUWQOmJ4GgX4jSJ2JVt6EcA
nKR34dF6PFaNPxr4zeEPcVVBoAJHTx4T
GNajTPbaA6tbiWQxNho0Il4nRJlBGjpa
bY09P1VCcHlcyTAKdGlbeizaiydFsVan
5VKMu8oHnzDr8xZLKa6UmsXjyxeMODgZ
LBywBVxrC0GhwlUDkLiT4PiTECuooTq6
5Y41F0KJ9jhU4OmkhzPXYOqS5RqaLXy2
mpR2H5OSja03eYWDccVNc3fImvNZ07fN
3UliB7GRvQU0j9pe1dlvfw9unTDAagLg
eY6Q0qtB6iFZWkpKFS28hizdARuisaAi
kdlbN3RXn02O8wizqfrgij0U9BpgPuS3
KgqoHL3JsorqteZVmJzgyKvXl9PHRTlK
PujVKdVhLCwDL7YtLKkRQLfWAXggfEVU
2cG2KNxBCIdVUohJTJ4llKv2SKaHeq5p
cdYmpIWxqtBuEqgcjwcwSnd8QGOhdOk1
SzlIKEomC5e78wcYpmgvdkmzjsMKTsqt
HSRqrQx4LAnerxMScrtkltVy7ErTtnlb
Ne7BjXNadAk18ts9ouT4wwzoNDi1dttQ
ehjzp6gG5kimGtmhww2eiFpXTnHlWKPf
eyKFNyW3kMM7ZMzgvrlUkR7UXRkLVgdF
GL0lsbgWqDsp9n1DWKqkeUaAiR1NfDEr
GCORHl0872TSXiXj1rlAXyujanqp0Jjq
Ie5PAcox6aPbKeJSv1AFO5a0Su7Wpkd2
BEO9sl5k3XzKNIzSs6GIqYKiC3CBUlYc
4e7HjujfLSDyPX8UI6Hodul6X7pZdCpe
kWo2OS5i4oef0o8CzBvZflTFHweg13bs
BmczH9P6NoQZ472D1fbu7CmDuTzXSP9n
xeMn0MC8rjvu04XEGHZub6vuTCMxTI05
U59QpGCwv90HoMvAPdzsVXnFgOfjy8Fh
f6sPS7nEVaB5y27GFlpgJYAgYsKPYOSO
9QCt1RnrGYY8a1aMqlzuQwPb1RMmhrDZ
OoZgQOMHu5STgVvwSwJS73jde4S4LvK2
AtiKhSQYniTOLd8eicUDBHzz7prgrKWh
ZTF3NzyVnQse7d45ZItFL0wHhbDActTo
flvbUTKXzxBUb0ADxDAfQbKbet6lrQhT
pU9QvGmuRrPfTg7JQBRiu73Not5uKzRl
xuEocLnMBC0cJjYXNOnsEUebiAluV4Hi
YJMJWbeTU5bzSNmN4xP4ygKhhtQf3XYY
RPfFI11Qx23sTNujzkM9Ew0tV0oMK1mi
FSKq0CTD2cQRZHmfXynE2qwjF71vLnOI
B5n5FO5Dph6oUB3aPNOv34tGrbLtAj9M
ZtjgYKLu3R63lnUnfvrVWCqSZTAw9W2g
eH5vKn9LyBH4iwBYfcTW2T5PaSDLYYqR
LP6p3Pg6no1OObItiZIJ7xeln3tNgVX4
tyVLgt04aQag4Gv1DbjsaMQTopQviz41
dxgLTVmUyhEyVXYBocafU415SYzsAMGN
M46IhyIuV8mBbV9bUJagyeLYhwnjW8UG
c0lB3aB0PlPbfcK3b3N1IhzUkY14dcaT
jCrlerozk2v3dSJKJ796NWjQ3XuigYox
qfJfmG9J8q0bgS7iJ0Z4ifXedLYbrLJp
DLewj4Osq0twMLzuWO5nPAEGfgLGXLNB
2V9LFT14v68RP7mUF0ThZ8gQvx9iz5BN
qoXM9xXeptOFwgb0Gk5qGfwaMQBclisq
VdncQW8i7okiUp8OIVu8Pw4QvSD0FLYY
o2HChaSnMIYFVGFOXcdZ78ZTn3BNfiS1
5F3wbSwQxkDHo8t2iU42WRJcitrLaDy3
78snjiVmoVU1nHEFzN19LFt2GQLp03Q9
owF8fBJXVaMPRkzEMkOpOo2q9p3xsAxq
FWvBaYNR5CVv5CvU4175ad7gcBGtlqHw
6dZiOcCfQIVgapOE2hrGnineIqdYy74s
6asMUeMF24StWqBjnaeKePHjYi3H3v9c
qYShetqlPF7aJoGpIDX7FTyCQodo19uq
DTxwLzimcUepIEighHgpWNH5eCOF2kAE
JBc6Nz5xI23cDkmCAaR3MuhOLpVnu6G7
KqH6P9mQre6RKMdKDCmELKLUN64ZPTQY
kd0krB0HZDQYmwayrDFcKTYSCemJyw47
0lkFEhJuD7IcXZD9ZL29SDbnHlhUp2Zs
oSObi1sbVZLneVSLmskRATE04t8FnUjt
Kj85Dz4qC7cr2iO1GzKQ1kW5rErOA1vx
4tw0DOOAcVPARxyxENzbk8bxwt90zvoC
oDIUOvS9zffQ8Q4cGshwHaPyS5O3vapg
UQ4qqj9t7I6y3JjfJ1jrwncoBn4FBbAu
EGjpyDwdyj7FEqaZB0DAnJbyoj8ji4ww
5IUUDnJB4b0y6RoB5heJFyiPYpFnPVJf
r37HO8q8TgQYcb8BTwX89yxhCef6EQ7w
3N9hoQyBEUwqf9psITO3NXV79XYR2jxQ
8nuFuCjwKJyOPttBSAAmm8wYrjANZ7kJ
s4dT5KWaof3SNDHY0XhvXf1ld8LwZES9
n23ezxg3wdlnIA3YcwcXjkpm4Efd0NgN
WfF0kIrkRiO1z0S0b9Lda1bMbOm65F0u
AhuzCM0u2RUUA8e2iYmSq32TX4S9hzXD
JyvzpI9UeK9EQDx8zDbIxd6lHgWSnhSR
FLAWMIhbd44pTKzWnjAYkclTIWW74OfS
YWJJbLYpbbPSFVzUYRq6qMKXaATaUBY5
n6IOKmZ4KsOg7pNl85b2jeczrw574RUW
f4201rsJsfAUJ4XcsvGSO0vV4f1CYLyZ
7C0bG29lRa5IlYYg4Y9c8aXauhoOax14
UUof3u9bxdaJilFrow47z308s7ZTucNH
W0lDspOMTtPAvuvnmAtpSS1m2uy5Ed5r
WPtvnu7d1Rfud1vb7zIYgC2EGwCxibAV
4bJyxkOMp8vQYbzTbwlgQFPnMx1gRWwE
k728Qh1BY20mGwW6EiInpW1OWWyySSxo
0ox7FRegfstq6Z7Hvt10ZWjidGz4x3Pq
lZ0oLXCkBcAosS0algKEtdIcz8OQtQqe
r57HALuOMDUCo9A22p5ckYCE4HIavh8M
xr5INu8e7oNtMyuEJ5RKnJH0Lo1JoozC
b2ENa48Nv8PrX0GVzdaopjmO2B9N5iJk
Jszq9IUnHcTADSmDwRGhDZ1WlEjVjg9w
17mtxcg8sCcIC4TWizUTX0Ty2dEVwyx1
pnOzPtHvdNmme87K6fFczKZHc2MkpfC2
XoIadb5pCtU3SUoePnKM3Pl0tiGaHtSI
gvpwkigVopPcxrJQ6dikgmwcWkxyqCWi
v8EAWUdYiGy2brueUxjEU29rwD6YqrZi
puz6RDMxq1PVEWXUDgIhe5CnzNucB1rT
vctM0cPZtjOytZFyHxjf5hqXMSDTVOFA
1Ym9lv8cBpfwgRnqifqCXHz6KRQfnMhd
iVUE70P9MsqdaxraXS3xn9kgA8Nsiwa1
vFcdkk7vmMIxqvTLXpgmKtZY0InPrkCJ
wViKbSKPm9kwY1g7G1711kNHnvokv3DS
wPzdVeT5sO5EpgRk2AY7xG8nsVUBILW1
2KupwHI2E9OEu8Fq9X8y2uvxqxuKajBf
vmJ3x8E4l7oHFcaDTibmGrdfSuBoPWAf
IVqu33bSwDuiQTPOmrNQv42WEN5jlKPo
dwUuZQPZiv1Ul6wfm5LdOGmeZViMH5xu
aJS8TH7PrwaoqXNtuqwiJzYqUsiV9V39
YdXSANyMgqYUCgSO2HThn59DnMjQk4st
ByluWNYFK5jIfdk5rMmQ8RJYEBIvJyXo
doSAPlzr0kSpVC5d68TYOx8pmAeWLxll
OBS7jUAtBW04m0vqIGKeZvS7W904pXXo
pmjud8xmCG6GViXjte3uVZebSk7bHPtP
tGGzxmTYXGKkCXYTuk4dCAYGbSBXCVwY
FAf9mrxy0ZzyeqNelN3utB6EyNXHkimy
XYRLtrZCcaloh2082dVaa5U9kEvGuom5
tsX1W3qz6myLunhK9YKp3kmIrvGE6CKe
qAzr97w0vmDwTAk7hqyCxxCzwDgeWvro
0zJvr8h7Jqumu2oS2KAdNlDPmPaksXdx
2jS8T6RiuN99z0AzsOMICmLN9bfQ9isZ
OHW1dZgr6rWQpb7aAucRk8C8cJPYF0fU
gVgijVMdfR8XlKwyOYdYMHtOkf2pPW1l
yEMqm58JELTnJjRTwwtiTP8XldeQiUj3
oy6GBPDl2rB1YiGHmBQuw8CVNtvhnMBg
zNjbiZRBedQsyb9WJxwkof8U3EzRrCaQ
Po7ufyxvBOkFAH7zko8APEdNRx5gHB5D
uu0rmRLEK5QDAK54SvoqSZNuQrz5SyCp
U9uAiRyN5qpu4C3KGmEswk4VSsoviIFw
JCoLxdVb9L71aOe2yC5IQDaP67Mp7Tgd
0eiHIt33xlfjL3RHKzhcOAqe1GOQ1eL1
H5UNcbNZpYJhXMii8YWL07IPKApHBSTc
9NgPZaLMnH04mVDTUCycHar3ojqo8Jg2
D7P4nerjFrotre04pmG1vpTD5dRgG9pV
6zAzioM6EjE78TLjtMSsOonUwZGCuI73
pNLw5xqf5f08TDxl8aD3ojrsEBUB1Jeu
Sqlexs4p0aATkBNSbyHSnhvbvn2xT17A
r5eNsLUDD1kEhUwpfUgEALdrQmlsy7pG
04D6lsTCfvBQ8xac1rFDVJgVKVB3H393
36tUgqAr6yMnNyx5cy9JoGf5AsjJPz6a
uZatMPMaB0SqynxcyqZISmuamr9mhmaW
CMfeFmGfiDzVtbMfJGr5d9xHdqCzcpr7
5sxP2TRiTDPedFJV5HwayIyvVzHR0wPc
3Itf8Sg6HDjP5qmpyh2zmoTpKkDTdbCn
KfFnbeRnY0K2SF7c5aVvT9nI1bwTN3xI
CL1rEz3AhP2BClmu6RXk5xymkMBW2XBs
sNWuS6tRfWmQ92P3QPqozPXttSPV6Orx
y4YVBTSWUER3ukmGxPKk9rmE6KRH8KjR
08O2BP5yHFXHbKgZC0iyoKvVCNM6Xtaj
6MEX5Gis6TnhcUEJO9q2JDvVA0xoLBEu
2EoGFmEEXf4fd5zvWVELk97wjvRj0JVh
4HjjxKfOnsoM9Yoa3VsnXTBzTp9XLBCq
9mNtC5tK0YE1xGnCFkOMEb7vyelGvgcA
GJDJT3fprJPSd1Q5wN5CByfTm2DKlaeZ
vo4z83vDKrmUWxxHSGbjfuVrtygsQGY4
j4eogijprRMw90ELEpSxW8HWHXRkAYR8
Szjwc3UBQjgRWCReUoWxgwo8PQKOfLbA
GZTTeLeKctRc1NObXC3vUAOeiq7PbEyA
8OtAbXdUTnpDniMtEyRrE0LXjv3kGiVe
qL4maRmZhDbJORMvREKmax9GRRwX43eA
UBuG0yBhtOAgbKj87G6klZCjxIH7oc6V
sAk3XdZAWYZispszLfGoJzFQW0hEDXKq
QbNJWgUeWkymxPGpiZBjkhgkYPvzDxKG
7cF1VwJ0uzpoeGDPqh0E5UeHd3MKPxHC
n3oy1o2ZD0LOXRgAhRUdHy7VNX7taW6h
OeupFTXYUp7tIyZY8bRw7PhhzYhPGXN3
jkF6k9n57DnyiYGq9dnNwlXZZM0PABau
ocqiyuNfObxiRotwh3hhOjb0KmDyuhnE
OR56xa8kUQw8T9W3snHzbBSygh4Cp6rD
XC1HSdjfJjEaDK3PKJ4eGHHS7geE7hRs
1O3qQfQJg08REMF6vyDHcHg3ZPPX76rI
R1fP27Fu60bNYOLKHMFhOUpeKD43ab3E
uH54V3lp6MmihtqQZG08SbvuGidKVOKg
6SiVJKAyp0uKwS9j3oUD08v78upbylJk
aT9kA1MHN6dLF01j0hMrA8A31np9A0AP
UiO3uWRpSvPz2PsCTb0XcNvbzG3vQwxV
iJysmADMyPLXAVZ9pRj3vaIVA7xNtXJg
H8nyPhn0XwWdb4uiV179TvNflZRvM0wK
Gw7hKIQscaxXVVbLf5C9PBO3RF6ztceB
Kes10XY3oiyFNNY37eEwMasIDSjUsnsk
3PtZ1KSAmbLHty8jiKbAVNBnxhsFqKAb
4vHzu5H6ORKKuc5HqwEAeLt8qvxQAivE
aWfub0RBBIppLnc7zggEdhHLt8930Ejt
nGVS13cDt0vz6Vnii4TX9OY2gvEJxWkU
WmmHDv3KTJDTlBKJSysG3ZMi8e4itrS1
TiQydxoSRuYkpAeui5QdomsU6NU9Ho0X
KbKgRNCfaQTrkqlkDlQje8GndSmOtCC0
QewfbHWRkrd2yvnvI8pfNNTjuIHCnIYG
oXjhukbKrrVaHPjE68G8XU1Ma4dVXTYa
NeRDEwGzzW846y6cnwivFxGdo5hNw20Q
015wE6s5YPifnhCrmFSWuCtXZb6W3yG1
aKJQUREdQGCsceyxvWCl4imuigmjtzPJ
QpCiBFW2oCN2jonpvwfhrYyKPrBDDRWz
2l6OIex09N2yIHf8KdpzwTPYxo5u53Uk
7pXApNAnaax6fSSIBeDUzqYQhyP2176K
ikEwXkVz2V5YtTLC7f70FqyNXPPlVKUD
LS7yKAqOMquSjqUQQNsWjZS0GxieMxg4
XKLoRFY6qwc0QxQPPxO1EUykofIAxbKs
AvjfVVXfitjn1JUlrh6Na4iaya3wlYmG
44cCeXrp1XirvLMpmSYaVlgDDOAFNNRC
hoIl1sCofDcbLpTYEpYNWwGcwdMZ5VfV
34WR8fF1gA1QzBPNx031eLuGaq2jRAfn
L0yMJm0h1aVVJQKvTeBeqqOHqlPB4KXf
gcT288aap0QorS9KRZ7AaEEX2DOXasOw
ft2TKFxnrygIeT1SyWeDBe6gVF0FMd4F
IRjcJI7Ik8iKfhjc6JcgIkbvWZcLfUOZ
G2XHDbyXfcS9EBbPb8gWcRCJU3c7LiM2
KKPmB8AAVgha9rkIfKYAKlwT1rLCRyeA
11q74CbdDMKboXwrBO8vmL3CRjrG4MBf
ilwjgZVevMxWfcqXAdeKNeAPAhRp4luC
KEAtEUsr186Xg3SfrBMMETWZ39rC9oZg
TgTnjCDsdulTsYvvU0Y811YYZAV9Vaqz
7v8gryLf8YLh9u8N44nLmglsURtz2gcK
Ucsm4PCvaQm1fMZVOjvb1DCLWLCg1xRE
riCJ8z6Z4PeoGFSj5U2SPzw13Wy1vDEo
gwp8nB3aZ6vYZZ9Qc3gIk5vVhViP3HtV
bXl8wZ1cV5vhCuHP8es1Nhu5ykCo4vyJ
lKVbYx341HvWbLU1aro9pZlOi6G2XZvS
LqRPIjKreE0uT4SrsMDaLB5I7NfAO29y
tfenyHGk70wj9lxxS7mw06A9Z8pM1nUm
2hKnKd0e09vlKk3RyUSG3RwgR4mgpIXk
PzIAbCoYQprRW9pnXxBbovLQRkGwo6ig
sVEjDacx3E244taJLUotsE4CVhowjpCT
jc8xlbRVcNkedFyBSCEps6kmioEZktAH
WQJfP6R2i0SCxPWJocJGEw0FzrEYNi8T
I1J38kAWuKuOI53NQWZc4yv1Boh4lLkt
iygn6D62p3FMydnutZyFUhQOxsYQecPz
CmhcA0stqZCvdeVehzIlPkhbE8d9KcEF
wBuIdl06YJqKonf1v3589hURTy7D8ar0
7MQHi9Nqmk4RRzHQwIMfiC6tXhE8CDcy
oMvj6i5XZuqDkh76oFBdrewILPv18JIE
SEZ8AvlpEJY7axJI2fhbbX4xhjhZrmb6
OK4NKNXcYqAnafgjsbPZfE3o12yoQ2rA
kKjkbfUiahqFk6reE3O0jPoLT9shIgXk
Gn3j5fAId5jxPwbzspCYf9jHli3C94xN
1eY93F5q5UXGYKxLf3q9pCuvWYBYYAGw
NUSGoAz3Y1PnLJJPTzYBjoJhXKB9GPoZ
lRfTtPHMTn8hKeVHm3uhmZFbUBXYqyFY
vtXBCykyLXxl5X53XMUowaMKsEQEr7cz
wZ7EJ5YtHbVY4JnCVwovFr2v0Q8sqEiV
O1ne7oFXMGIU9lM63sXMQ9GMchLRCpLH
PT3iqeZ6eqsfKOd727EOtC337e8vXaeR
GRoelxwAYN6YEGFKXJcY2abx8kADGK0V
GUN9p2w9qZkgq90Z6powwZGq0KN8mJM4
tm5iP5RYsxDVP0tZTtOOOkfTgfOMWXk3
KEiBbfDY6zujEbPo7URdRK6YKCiuKC8E
IvNbx1ZPpaCt5mQkZ6LoLzmj7lsHaGTM
P3z8SpuSsZuWigZqMVsEQ6bWZfty9MCW
XHH6XuV1psSjIqRdb8Ob3yMmRJ1gqyql
JBJ5B96K3KUxgFhMwkcKRSZY1EsGq367
SIgFOfVNb8fhxXqaeN6sfUbJdR5rHuE2
VElnuJYf99XDCdh1Qov3ID87noi64h57
sErMXHLNrOgDfwM2rnjyLr0xgdNmusA5
6ESuhOkBlVGCJG7NyDYK4jjjqUH8BjEh
psC0xcdmwwyBxsTuNHR4iIpw3WxFSpeD
D6rY3dtxFChcLWbS4mFCAowrPpBJn31w
omaf1VPaKm6rcHI21EaOchOFV00PFnd0
mv4CA7Q8PJPHAQShIkjo73rRZtRyjHvE
g8fWm25bePSxpjZAtKCSsx6uPjrCZQaj
2NK4SKIifcNGyPzvuOyOSW7zzfXpJKF5
J9n8tDuuCtMeDEgc3TV9DRjCYMaJjxrm
5QSUEZpQNVEpfPOmjn6ocOxjgAkwsCi0
815BgQyTaPJ9Vo00ASSiVjPcTKw91nsR
EZly4LM21aEDTXjIqVUI9VEzyYJLQnVB
uK0en7k5eYziNAULgXklpRpO6DE5GkaY
8T2a3EuLJ8rIEQ8Dn3kbwFw8WtlCPa4k
BWtipHPzb889o2sj3Nb9yZO5Sm2naCHP
G0jGfAQN2Iq7D8XfkJnyo3rNhUNhOhyh
NePHjrjjDpc7rmNoPf1K15GgCHcTeLBJ
SaRm22ThWvNSJM2G96PUpWuCcNzHHkdZ
u3HJ7l7Sfph36d0LJoF1CcycIEblTSxz
1G7JzrD4BfUl25CcUpFpuNfFMk9dthC6
36mo8ZPZR12TWKURSkAQ0EsCqUD0o6A4
JOI3bSvKRnakE6UY95J8HtvHoR5VIAr7
ZkEqcpR1nSALDwRYRNTzvUQJB9r9HzEL
1MG4a134TC8MqTaEIM4zBNSt0l4jLBY4
kxAENXJVmBFd3tklSZakP3k2rc0nsX29
pe3fpia7Y2bkBN1xpEYtt2jtrBizIDLt
bnYZuXKmMYoJUY2hyaeXbZcKFKFbEHhv
qymkXZdJDgDnFpefGkzOzgeUK28iml2Q
lsujghKK1aI2NTihhTpfSzYYh7N4NSSi
tHvIb0ASHMcK5kU3TiMh804dwKtYBcmW
C4R3MlceyoFJz40ALhZ7iuasd623Kf8t
wTVw50YBKsfm7HxsTRjAGZrY9KkBNVd6
kkfA0p4VONIF0FF2otwUkFhhz74bEnGe
iBOcejgNcJTALWfMA8eNywiV0Xjb3Dqj
D9SiSgE5lzzA9v6sXlJJnF2l0XR0wE83
Yq1evtpSjF4dk7jQAabqMj1WaIjzP54S
cNLMJk6OxcJpDiBLQr0bU1pd1Rs2CqCg
j3NE2W7guAQ6xr5mo6UhM7lWM6igcp7F
53YZpFkKhhE4l38UHa6vGYT1XhmyQ5iM
rgWhYq8X3tiN6WSsJBW0bAHUqmFDvYBT
vi7z58bOMl45DY5UcyEWNdlQ08Is2gAo
QFjjecJh8FgwowhiPhKvd7tMpwpDhq5Z
e4QEQIAdB64L1z70x2YXJlz1cXpdWTyc
YmP70cwOv14eFvJHWOtbAoMNBVnJfRIx
ZVOniTky3XNIsCRSwiL8qyioxkiviFx9
r9da3ZffCugNvty6gTJD2mNe8mG993Ik
OugxGmhzud4ss1HdpdGfbAEsh2O9wW2H
f6kLBCdIOu3GqHaGpNmC7607zqDvdPc1
S7CFF7XYpMfXp30ON1MHxvByVK2nYzVw
vuobwHuLEreKwhijuotmZXJH5kjh99lB
H2uU8VGcgB64vcauVDuuJ2THQv6Uf8Nf
nzVIQaeariN41C9qP3odFbFLRUUAMpx0
mJFdpYs2N1Fya02PDPw2ybkP39J0KWNs
pSjFCUi1yNGlU2OeJNySnFEjxASHD09R
oCxPYAtu3KZPKyhya8vKm4QWXHheBjmX
xs85d2wVVd4HF9sx6uzlBgR5oGktyjN7
rcPxy6qMrabGPxIfLtq73WlS12trfunb
2GSvsOLMBFfDMDkg9RPlhS0TSGtLSXxy
8oaIOPoutpYJsucY1NG0MEbuT9ytdE5A
PrFIN1wld4uZ6IkFGOvDN8FkUrdt7FyT
Nrp9eW1IE10qWegvURtM7iNNejGXfPf9
9hxkalcrSUClHBaEKA4pQViOkSzuqTim
Ods7Yt07eIq1clHQlcpIlRuJpJQ5xB1j
phavvcVMCMrICsh3Mm24fYUiyKLgcxvG
ez8MBHdvt2uY7MyVaywBFgfHVm5qpe2J
hHhD0G72QBu9Cb4ham45iqsxT2SKTrVX
IV82qSVIM0FuPXaMClUmwigIQ6YsIF3p
684L0CAwXRd1RJnqnOaxwUF1oyLfMcjo
zhUOdy2T7MIhjD1BoCokc69Bi4YOX1k5
yvUnYo4UOZTtCa917SgI29w7Gn3uoHDI
QSy27oIDH0g4L9hEMSIZ4Tj8bsEXY9pv
bofXvIaMixMjr0KnFwWKDAqMHNlO3Bei
EWZLCJOVV2LSV2AdWGUBRHQ9z1O3Ewof
6bO6gqP3Vj9J5W9d2WGuN5azKQ9Gu89D
cWezLFOQdCG5nF5QLwy1m6jwDl5LNhQT
xQ80khnlZjpQfjmOLRUspXmmXPsTJrQy
gyzBlhcICHMuWG1qT6tqExAqJ2EDq6nm
bLJxzugT5We7OqdcyivaV7ShiEQcHh3D
ZLH1boJYgG5YX03GVepDZWRiB4KbIdZX
ry25mZx9GNxzE3hylOSXSVjOCjwJT8RL
qhOjRtIlStdUcNylGa6V8fKSqDwjEP6C
hjImDpQcaYJDgeqqkhp7lezVJojbBIAU
7RgCO9wAfBZLHQGuFxBP2VxvIbD1KAO8
CAzzqYpTARjBryW9RBABhM9j7nA1LGGY
LU4HNC9ZyzE0suJaRvCEwRrUbvTc1zsx
0AMVSfdYxCn97LgfzlfjMcOwAb5Fw81H
5vBO6jP3xD7IS3AJeIt6b4GTEClpSzRc
0nSPObMw720ljxcJyr8tWHE8q2SmtObL
u0t1eJbFLnklLtuouDvwAZIEQeUTxtCS
5ms9Fcyq51cs29zIIq1fsZ8SGVDtg8Gk
t9YHOyTuU30Kja6Ui9LjBQD8HcnAqxeI
9kC9OSsmlRBgFvS8WTqt1HP5yv1qFO5B
SAm24cOB8XosFkrLdFZdHfxA8bAnYkDH
anxyyxXjoNtApFpB5MxFvWQsIe0JQhuL
3lpRBdEoiYUI8MqCOdIoWMAvMnWufSxr
roatfZ8YVnz0JYRz5altEZMN3GS7sr7a
sFRpU5qDBWAZLBH4vTC2st6a2zpZ1gd4
FKnhp8oySvmxi6J0c4MPAaQzEprHAd7q
V5kbNcs3w0icDjTC2ExB533H5TPgYbTM
LSjBt6QMUdSvfCQSndbLswgM0WeanaQO
WCOLTTyj4G3U9Yv4ZUaiMSEURbx0QpzT
9q6ZyhEKDzFtsarXyLhTs3pa2QbTH5pP
VSr2GWzmXaafJGfsryN5etFEpKuGucre
esoYG2LSYns6uHh1Ub720HEiAmizDiJr
moHiQZmfGKWzrZYNzvPpQweZP4cgj51S
j510qUi1digmLoptmZSd8gqShgecTcMq
1AhGtTyn6i04BpVgVUTAurTfsLpb4YHk
1bCBFU0jlEViMhB3d1UaOGjMnUkw5elk
YZ1DjSIKzH2GmxTrEyqwetDS9uK8VWlZ
NTtIps2RcxUJSJVQ9tX34AC13UhKipkV
L18frke2RqhDbKTaZOEpKN5D0kvUCSdD
UqwJcHolcTsZ4NIBAzZuZfA6ubUA9Syx
lgzO14d2OlLhCB0VgQUHPD52ZWUGCo4g
nHIPdwL23S7gvmg09EtCiFqK6ulZf4cc
aXBaA7eafA1HVRDlsLWOEaViDlCT7pBx
ZMfye9oAgB1SmEGTEelEwGrOdBRcO1Gd
W5IgWTyO9jOfhQ5t5nrtciE7AFQfyhHU
2VcAbd4ZPBgcuGjwTz5m09ivJeplydkG
VGkRpZh7Y097shGeNl4INMG5kltQOb36
b5fpAABcm36alkHz5TYU5FSk1bU5o1lp
KKs6NM8xi9kF1NnSvx1JHkPx1FVIeBPq
sTNePCcvvf4hyrYy9e38Oms1abXPpWLq
bLUTF7QSyDJbmeN367eSTFkRJ8xS3OGp
3cOKCbVBnCa4r22Ze2EjMqjTQlSjoG0q
7ccERD7lezRThF3rChHWBPgLclq2ajZa
iBFnbLEHHOpedLMstes0ms0q3VFd1wmF
J2r64OtTZl951e4ejPqellNQ70EuTlvi
pOPNoY0MZCj124F704av3xIUXAs8jZMe
ehkIrIf8jfcrrAeDM2hY80zymxwwzci0
Enb8De2OEpCshm8xnqkEzNwXKr0Q5BGg
WTokV7sywTX2ht3oPWJ8POOqDWC32Sil
ea5jo4nOAXYeN1zw3uPyHOO5ymLIYVIz
03zthXxA8UtMcDiF5kpAHUbxJx6Tcki5
eMcizoSvC8OBIJ0OlCr7YHqzeUxKpfS0
wofPVtZn3U0gN6iQsWIqCNRkYeeynyUU
FOzwyZvhVCCcSAChTwRFJijMwApAPx4e
3htEQr3OQ6QJNntkgtK9KXLrtPca6gzG
n51qbKpV6surTQlOibq8bXgFn9QmrRef
mGh9uS9cVgEx1kDANoAuyZ5CsgvgBuAh
TW02ibK3E3wTMyc0ym0DugcnIbMhJAhT
A0Jndpa1I3xVF4bkfSbTeopqjjMqWngV
EkDxXr65EnmQhhWsya51xSXVIWivqVsS
RNLyY5u91cT0C3WCGckLMsjUvEelUlEK
igk2W7K350ZAZniS1r3ODENDbARcsq6F
Vo6jdBSxuEcuO5qCppMjspLcmFC2gL5g
FV4HphKNF123koRPpEj0z9KbSG5ty6YF
OKckrRkFI5HNQ3KvCgJf2AbKobHrHvTq
mqZGkXTMOxF3rDO41mGiZIOQwgeMxMfd
g12GEj2f2Qo1L0eIymOIl4lKVT1KjuIV
lamQboSHzWYQwKLDHkB0syVEAGIO943S
7ivjSEHqcImO166r87X3KY0o8qA9feyG
RqLr2qyM2ReK5ou1rMf3axCScEVvgv4a
u4stA1cCekMpJbAdkwxgUlPW8I703T36
sU5IppQK0svFTjzkus4rADXEkOrmcwNV
SnSrDCWF8GJwX3zmF3oFeemxKA0Jyz1e
YsS6KLpLABeWEYtD60D2iXPTvNiws3p9
ERatBVjYOYv3qqEBj6qC8MedQCKzG922
8nGW1KBDLG29zI8MLeCQuQrVGHUj4VXu
ifquOIBIbnKNBafC0LErq8KWMxkBV2rv
yH8hnYGx89YChNgVT6hm7FganfThZExy
kpKL71G58ZQL7fgqbeytUUAD9guy01fV
Wkt09hKivyRHkcNXS5VIARmCYcBVjOUV
Akuqm9zQq0ReRkEx5QcIz5qhyqUnNbvQ
1IvKCCuHiMT6TpaTR3ocAWFNmrz8BBqR
maoUNbPgyT7gHYlUGdfie9kgSvcDyAIC
fpLjLpFp0Dmek0rmbVJIdq3MlDyBZdI1
QusRnvuw5iRFGde1O8sr2LR2vlYPUsXg
Vqarf7vnfc87LpxOfD5tHKVFg1nKFOtn
0cxL1CfhftLozlWlMNl2iweZnxoD7r8u
bxPrT1xP3n4iB4HBANo60EFsX5fprDdI
LZS7BbBaK8QtCgKADiLhOZoyr9iA53se
KxjQ8bR499FxJwrUNDC6izx5vrJkzUGu
xsDBLNPQhu03eBu0ezKKjRSWbppHZQgE
Jq0CBBfRGZpjPRwVP3rTxt3zRtA1hrTH
FSDXB8bTIVGWDDBOnV79qup5s9Y162LA
EtSsa2T97fwGuNMU3svfbjj38cqiATq3
noG5nJwfnoxNTZRqhOpetKj1aV9HIGxr
aZmuFpAfoSkm9wX9syV4rNFOgcUAY6PE
14IsTwQr0MCUknDFnsRDmEcGQWLMx5Un
67Sb7Dblgw0yy6l6hOaNJQUd8hePiRsU
JDNuCqWE72v7wTASMNV9fHqTFIffzlk6
CdxAbka5ShkTtB8u2tYqc1tN1FVE1YDB
pianT9FsJhiAHsH3l974EAMMnjwVmlHR
dPtYAPkWQQ1vRNOl9XjkKlxHN9lutslS
Fly0UDsc7teqJ70vUqIlgxMdnnNte601
p2UxmEGj61ift4P6Q2b2dxAOidzPLnKp
IIDJrf3epybyeEMWEPIldr8epOmq5hNF
dPSQADs4sZEaGrVwch7tkZ63G2SxGhKP
POGW2XFfjkxFHXzr6JrPx3yLmFzGnnc0
ANalVXShVt7tRaSUBU0AkD9OWLxpwdJr
3c2ZuKoOvm4B2T628rbTQBxR4WGzlDRK
l4eqG2M7WaNP4T2JpE1NZWdMeYUQLDVz
mp9Bs8rQdPNrp3mf4hWurjBvFw5fzyid
YRGyK0KN2Izq57UGGDltOmTSAo7eSRY4
6fjRgF5gRWZ7WvpbOIPn13QcjOLNkFhy
2prekOczyrNe8v8yLhTgd8NiVQ55x2ae
1lxH3WIidSmnJIWNRXwKWQ5gx3eBI2tY
l0AEAJdGRdn2nwMHCk8HpaRqetb26ATa
xkaBnON3N6OT2ywYZTQicRHWOIX2JMKC
b6UpIRveB4VtvuUShgppgDS7rPUzivh0
mjSWC9Lu7vI6LWtTe2ppNg2WezM5ivxb
KVCPt41m8cwP11Zm9E0jvC8M83a730Kh
wc0UjaFBuOf3nEpW8PZyere4K3JKwpXU
FPr9TI4RseM4nCq7d4igaGVwaW0Bflz9
aQkMSDnMcZGsoBpjGORTLWN0tvSGrOOF
k4oNGUndLVJMv2N6pnedTS1eIOEG05F0
U1YENKPLCz6fpjKZ3A4mAgKvFPkD5gYf
EuYcADodzydsx7eCr7zVySaxjvYohVOe
840vDpRHkYTFbvx35Z3faC7BIXET8ZxY
f5EDbw7TYdH5U25OZg7QSZu4QP06MNvX
S4cXRUC5izV81aJ112y8mtyh6xeAI5Ki
RwojoZCGbtwgAAGn9WT7p2Ve6gKbNZ17
fckouaZo1k66ouUBMda1oaVCCPFioZuB
0CDXTXYgerNk7XXKXiED2HQPHTQyS8HW
ozNoYBvgIWoJmWMLAqn3sIDNmReocq9h
mPNkyGKsiTqBzXvzOiEExDhGU8GPN2kx
hMpvD4HQPC4UNWVMX6WZGHNNqAn7ftYU
tCcIWkQr30OzH8RM97DTP4kfmVpDQwtq
IGdVzasYqfthOHiL7DgpcgUuPL0EkM0j
pzDbsoEohv6ARrg4zBzciArrPKNjGFyy
5sM6kqnfUxTiDxm9Cjz2zVjRT6YIf5Bh
yHJgrmeSafrp7PpsUCTgNi2VuI32936g
XwcGF7WT7zqn8FKgtiaDPYMmVgbmkGqM
BMnS6P2N1yz9YihvKkEzcS8d51hLIYqm
yE0q1qVgdUe033riSuWvK1FuE5gcRJbY
hMSFAQU7W3I2cBgJXnHTUrMXWxmnUmEE
TJfqCKLMAUcHKkijMbm5SE31kPfMTH9T
UtBY3rsbnzqqH9CSYJwNTrmBeydeOkLf
vNaALe7rKfBqrYb6h0gf3cqKb8aAdZdp
28bgV5mZyR6ieiTpJSG4NdXcfwjAsdKY
prSV4qwUKepjr96j0HCMCskNAIb6RHYL
nI3EQxc6wRSiMu0LpOZRsmOvgAMb7wW8
SYf2Gl29nb8xnayNPWdzESnKgYxRE4vQ
1wwVeBxFcbdfKN4maNtYAHYqOPE4mP8e
DDnzc4Nq4AJZaiEYLjWWkZqUwax8DqqD
EQ9eRpO7PTVSXk4zQyprVW4wbfHOet4k
CoQ3h0AGRMNpPjZ0LDNRzEs3GdpWPKWg
5rDnjEA3T9SFwcJK87A7yhtJm7PrztzQ
iAxDR2J5xmcLs32eFgbYh46bhN34kApk
f0IYwDEtBY9BDuue4UlMMIUydoh5PACi
TPqKPVfPJMvFqeVIqgXVKGoIHbK9X0aG
A1yE7bqveE1Rf5NRi5BkK7yej2bEugx7
ZvW9woMCs7l0lp94kRKOmJoAWnyKcVEU
GbIIHWN746BgYnHkjqrKNNo6PyxDDryx
Yg72gJAZHKoFux4bMPvIgA8gCsDfd2NA
NPs1yJ5gQVO4fORNsp1huAvxbAPwYHG3
jbZfdQuO0OnU2asrAzyZAxQuO6R4DKkj
F2DmBJwSVsNJBSlUKLOmihYJYG9tqLlB
Ypx59ODN8w7H5CqWkKujjOV547C5a6Ey
1cQ5ElR6ZPpQqggpnNbT8i4OzaO83wCY
TdiyjRCIYCISV7Uueejh8P4wXM6nTNdR
BKmAgF1rbOSntGnwKFukbmQzGOlEQJYv
Sctpo3TZ8h7GkRz2VcqZ1buwqA8LSBH7
uXZf1M9uPdNxYtRjqSJyHsDT1BIn2IDt
di549GSdirriE4eM7semXwmI8VTerq0q
dg9O9FcqmLFK28uiltAuT2WJPBEOPmLD
O5xeFoU4c5yB9qlEaU6IG0qNNm8FcFC6
JHM3SWWafFru6XIlF8UJLJtE3ttw32hN
bESUzaIakZvHtsFwHaWWuQBbs4TRfi4H
c9LkyUEcpuBMFIz2TNkyHLvoHVHC1XHJ
Dyf5Equ3LiyZFeyLMIW91i9SjDqdLwIG
MAk6XPn7s633OHhnp0qlwEFerHw5rdpL
cW3Bb82W09kRKAbSF159HgS1YH2i3z6z
3PMX8E6f4mhnWZkt1WHz9LzgF3gyXBTS
lm6KpgNkuOrkHnnzUTstjFKrE4ml0N7z
q87Rp5p2vfjClvCxSWN6uy9AmsqlOjkv
RDT9OtQDS5gdP3xIjLt1ozJUpA7iCmwZ
LbQVLlSJ2Bn8jJs7nL5D52K3cUn2gR2a
RSvmcyfasO8ug34w4APXtOXwwpATAD3d
pkpm2DWQVDxulMGeKOu3o8cpTNwuSRFE
QTRoYyJJzJvTedRTCdvszBzQLRuEzwd7
vcvgQEPeaXvMGHxqm3U0BpUzL0UvcXan
b2YyFsQy4bfgAZ1GI9atQrkwY6stFJU8
uv6xRd0LUXRbS1lFnmVz7QXx1DYGM7EV
FI2klStOhyxAdx88nukFmeRUs5vB1HXv
4oSfPEfnaQaVIP285VM7Icb5ckLP9Aiy
5rzHwz8Rpr4qMF0gmXqhBsqHtpq5zD9N
sINPyn3RiuyzJOg006Xwhn8jGJQSRRTu
4G5FQZWTg6Dzdkluc1jRSNhuCQ2M54p1
YXLkEJA6TZIb8ChGWcYOe8RORF4fJYdx
mQwi1RlUpWR6jas5edLgXCdEgWSGN69h
flp1t7JQ5jb1XVSU7tyntJfgzu2Ltc2a
KimWbxSwTajevQQ0WrIFofSYXjpebnUe
uFd0WeH2cObpwQzTk3uEI2czX1ihfyR6
2kqlKEpiF1v0ijROmncRCJ46cbig7vZ2
UDo9Pmfos2J6CKl0tzOeXTBRs1Mrso9T
Vkz2NUScFasWjZ253z6xvoPZSSKFdUUk
a9Uie01RuAZM5LiIPKun2gHNxgxnv0Qn
UwvrY3A4I7MHEH29KdTWPC09pxQ7iSf2
o3fUkzyqIBxZeWkatbQnCIBHzquTDZmk
6lGCGORmkAo6zJyBO9tjfuqAgs6I2DBh
78SmLGEbGI9xs5UjcC3hGqTfKlAf8PkZ
IDseA3lrDBE9YTNFpc9ap8dcodU02WsN
Vi5h19UxdrUb9M3CKGgmWHC7dl0g51iY
KrtajfWSUvtgzdAfafrIXMiQNlGkUAhN
dOWBtZi0hjo71t3RVxzp4px6OaqBGrFm
4YJ63Kez4ZJkJoqXkiqFs3OEeN76PhR0
Y5dXXXJR1qDzDNW1XORCKkhHdVAmSSPt
tDpUWPv8C3WFE1At40wlte1ytYCV5XzK
lE0TpjWlHDyk1RrW2uPydilSHqqO7bBD
ap5fg7huPz9wtN2TOtaA04qdiIELBdf0
mb4keTsJ7OBAqK70mOGtlKmGBifehjyq
wFVZZFSLQrPogMuB4FAWEIp4nwmYrpSC
q7TFoT4H0QuwldBNVWONOLeI4GTmtoGH
7sYuqt4QZIP4y72KnhPeZR99k3QAnYOG
sWkGw7atsgnu9K7DXzbYbtRIKtUpSvWp
J9K5D62KyVBcp6W6NCeZSXVagnPYU4X1
KHVE1tuOQ5ZFd2VkclWgNK4GlqFQhWP0
5uRcbsxH7AXPLItwmuSR9zAMkDtKe9a9
6dzpNd1ukBjs3nDzioave91mqtERSuKw
jQzNUnAMg1hVFRtWcVZ3ONT4FgMfmPCP
422nzNhPrarW5UdwIF3HtwiYcPT2zrpn
YpeLPJbXMBr9Vhu0aTzZLDzBSaO9oSjD
g1vbe4JL8hPQUamKQm8iPUTuP2RAZ4dJ
j7IQdAqrWUwpLKZiFd4DGR3HEx3l6rys
gShFa6RBaBiQh0rmkOoiajZawC5wIGMa
6KMaylxlXrJgf3vUn9WfvSvYaeOMDc3j
0yXM2BNBGkV7qZp8V7XZ9B4pDuQmSq4b
k8rZtALcbsxoKKFvH7YfailGCpFrpJgG
MOwQfLjNFKd0JoDU9qP8Ijagw8ZQparR
HnLC7TdRUY37ykBqvYkVI3sGC9RabLbA
erg2J0QwoKyWS6nd2UxZVP4ws0USlajK
AufZRUzwmncm75duaO6YXYTjAlUfIz9B
kLrkieHgTOOWb9q6468CrXlD39BlABbR
xdaWWKUIdH0DRVjNXmHnu1oKYxGoPYyH
r9SQGvlpvgsYQtTDntPXBFDNLTQKd6Zr
Upu77JOANaKUys4DhhgFJasxddXs8Z1b
Ozau6AUsNxbkvDXvckaafRQbVigYl5qr
7651hPJWmzHNVAZFjFcZ6w3jqoEhy4hP
O1VyVjmSsJnbbFJwc3PoIyoazOtZ03Sc
KCZCODir4cIGSwp3RAAuMJnZsaEF0xNg
F9M14prh36AYIsuWRxqo1IhkcBn3Q8ji
meQfPw18Vm2svnjn1oz4MYMJyX3fdS6S
tNENF5v8PXfhOfxFyl9I7AFvzMB1ySx6
OWJCd1P7OchW06LAupQtvoUYbeZRBvae
hQ6rRCoTCFUgiVIP6lLcL43EnLB0N8og
7OfgsP881WhhyzL2NH6ZnDP4YtwU3YWl
j57ebWJ7beB914D3l3CJzOoBXMVydJMO
PCPGzSGToZ974JC1SF2Mip3p4ecFgpL8
9I6hHHAN6YVMaDKYXsVNVJs8ohuMR5YT
w5ECwkNP66uEXR13aEitzKOgA5vKOlsv
Ta8pJwGslg5vqnilh5xldnI9FBCtcfWW
Gyl9wnG4GsUCWNjrIqsBcaZtjuqPoJ7o
8rDNifwGX9OFDA86XID9CaLk1AS9L2Pa
lPLIaX4AuLsSITZAV7D6rJwH5moFRfzR
HLGoGqD2ZmTUWT8LVlHBGYeWcAtsTDPq
yFGRvZ4FpjovrToS32g6YboKHC3T8Mia
udJ5a3sCURcRVYyMmOHl4ZW6jiiwo6lp
OvGu4y58kazOGRJkotfpYB1QKlPJnZIF
VdUOm01HAaSGYe6BfNO73hRLbF2p9wZs
yxgPps1r1bGh8VMfmwCMqZwkTeM5spFx
8qp1rFhOOjo8D6RGNGWrqSXuoG2NKiPr
yTBi7jO5eHaz5EgoCscsWnx3FTbAuFGO
l4IwLgeKVrFMQlnEJxFqvaoUmxo4kAvf
WrSsCjkVKZ33WjvOKAKdvf0X6ZA8t2kf
hWdC2qkNv1fAsMqvBbJTL4rFc0cd7ONb
m4yw7XnWHfW7vUWp7ne5u3Ci1nJdOnAb
WDiqWKrNTJMrDgcYUeSsHWrX3dwk4MJx
kszLHKLdA0F6PQJahbvNQG0RNRytAB6U
G2gJuBqfSJKdRcXxstnda6RlcY8HcVMh
Feg8pXIGtUIbc5CAzWjLNqjz3pg7jLAH
ul125pmEKZBv0ezsozHINcdLYEdUNVPB
miEMueWrrlITS3tIACmTnjYh786XC5fN
jA9U43O8b7oyjpdb97lfca0eT3Zf3gQ2
50o46CQVfGlodFtisqAF4GQWiW8ZITAR
v9wMPvSsyu23Ll9m5AOEMhfFQSgkOdG7
iJiVwtM5DFuQKM3XEinx8bdYO6BgPokt
iaqR2DYXMJl1PDu612APx7jI6vxJyQRm
abfKGVPKmw9NmViz817TjTHFcH1mMcYt
EXY5bF8quNwyjWGFH9uekg4fsqST4i6V
BkpqNg5yGtadcr4yvzBMFjq5jwAWHP2O
os0P7YyDp2NIRK0Vz32ruGc6aaBwihdd
HXijrNY5izRh7p9UegXdN3y5nVZvAEwU
skeloP2R4DC0hfcMQXD2X3ukknqjZLbI
4pikGfsY1z292qPxJvkWuEcHGYcECDWB
ivpW81MltdandWwuIdDaj8lkHMMbnZem
8wZAaDE2HI2EaAF4LvlcXPpg0qAVuuVm
66Rd2vS412etI7eKYOMwAv0C0ErVF38D
oRg3przU374s72AB1qazU9LQtGZYz757
Ns7KX9Txk3hfRGEuqB8umpjeu48e7FRy
SMHa73iLR7YTKhu0DntJCiVbJEalSqrt
GKjWshdmG8sDEjqB1X8055RHiM9gk2Y0
hnQUAOVfO0jvuKjzF0ZwJvU40zTEJwOT
74fGfFldSUpm6uqtVzzrCUHnLnSquorz
gbeAqaHH4vAHmFvJ9O1oqufOzsQCD74M
xszglPqXfGzhFgn7nUAMyiVmSpMlxpVL
ZcG8x2JPON0xXKK9ygQl60P4M0ygefuf
nJEjg0KrweVVGX6tq7CKhRFuzuPMAOrc
iSy4K258ykHeg5Tg2EMtmnoapE4QlZLU
RVvo9f7VjaqhlX6B1GIUlioNN6lHcAas
W2Pn6YuxU0l32dJi1ZIVl7eaij2hzild
bNAjmzaOrftifLdU2hqB2d0XHOwkLR16
5Tfnmw9DPtrSWrMzH6wVWsH9I7keHTCT
BGGkg3yxKM2AL0GF86o3XnUv4JDSnSbR
piVJu96QnbEi5pg7KjgRDdZLAtf42v2c
n8GiEwHqBKog5PXfsAs6cajwlShebMEF
BOoNM5SCjDs3Tj3S7U7WMTrOeVD6cVJg
kWdMja14g8h36ihZ2JLJRwofjfGhsGPW
7rbAsPyj2HBlf4k8R2xvM8JbUkqR9dmr
G7hOnE4kPBogw16CiLr7qduuHqmVpQOs
nV4O2EnErPjuCNLwLZAInIAJmcTFNGvc
s5pt2Fssj7Ws81k7GRYSSiyFwppaxdqe
tOkFVUM8xBfkwUiCSv0ALhOnl3sQyFDZ
l8JMtioQGEYI5oWc0PZGrp1KbRCnbevX
62qam4wJiMYf5227DlxOoyM8RVcFRvZj
gSWQv5sLPeuhy0L4qoVsAd9SqGjnxfFz
Z12J0ZGG7gmyNOtO1NeG1wC4ZSx3fjpX
ehydqzvBwtNw6n8BWCZIkwevQuXJczIW
G19sNMaXYjDzVe71joLgxWoSnJyomrzv
kNB0DbtXHp3NQ9kfOBobU1GX7k1rz1Vz
HJgTn2JJeirDuaMXkrQH0hQl6OK2npoM
vu6cFnCdfhrKtU6KJ8CShzYp0H0pvG9l
KeWClAgIqQ1Hy7ohGt7TRWQ2Z52exG0C
iHRTnqI2ySY0FlAJnAwE0IxRviNL1M2V
NVO6ThWdUn9dfdRK8ouYxhm0MKiVq3hz
3rBwnbQ69uf0EYMeWSckq5gBKkepbAvS
8O5t8JJmVOjCLPtu30beIuQJo4Mr3UYa
GFAfnvbv1PDRkiV6zZOgC5wUVVPtYrrm
3mcBQ4DbZh8m2YuLUVoXD4NfpolRm2tS
bE1w684PZfILK8jEyt0lfIGYwg5YuWVN
wtHp5A8U5EvB0GhEsORrYKXL85rxtYNA
adVrAzXPvDyRHGUQy3Qa5Eum4Q7cEjDf
Sr19QILUDps26q1y1ruzJbuEmJNxoPjy
Fjwcd3N7R84zJe1NdoaNsehCEH43tAG7
7u5bGVKhd3o9bDs0uTik3a9WekSMDQwO
O69h0EQUiGIxS9QjWHTxHOsfZhd7N8cX
wozBG14P8Zt8jxMk5EzgcT6jrxbsAFsQ
iCoBZm4X1OQmKA3z8gqkMxRJxMPtvmHj
dZmw88V70W0Py6vfP1EtEHs5rpFf3Lc2
nvX4GhCCSlEipY1mhP2Z5CIYRog3S64r
cr5Rz20odVXV8cEx81ukdxjRlptgnpq4
IRKDbGyiDPo7QevmXlJw9bXNxHqej1Ja
4QYYMIisrkEDkKKZegarQXDeXsPaGDRm
bPTeAIfze1UjNVSWf6E5w7JsXSmHc5kd
7qNDKeVC6tkVK6JskDJblmQHVuW02zGd
bM5B2mKNuD85ghuDPOITp0I9Hdmnj7gx
pJ5cxxKdiGvPv0s9EEvCVCrHMwfk07e9
NKkYEjChoAFU8G3BCuY0Z3zx7dGlwGA5
VxlRoGPd0kp8FwP30nIbIGQl0OiwKBZB
N5DQsZACgQtcf7tZ3kNU40os1oz6Izqq
YDWESx80otpjgnRPRJUqnBpSUKph5H8w
I1iw7uN3Fu172qeFosuiCkwq66POQN2O
vDlMfaFfQi5fT6XNHAplwbClxbeilhV8
GMLkeYcuVs17H3P6u3aU0RmKP3blKS62
E6CbHOZYjNkxQjTv5oEQXyhz0XCgRqAe
cMDgHMPjAiIrLQRUTZnqV9MqumiWMXqN
1pXkNPdGWOWgciTydyONxJysqlbVtdbk
k7ZJg0jv27JXDbtQFXskInay8LlPrJJ3
NXb896otceFSGodI7yKft9Wnr9v1Qdv4
4FqA1HcKI6UnTz1rapqLRD6LbU7akWo7
nuRHFECA2EJlcdy50tbAzOFZAo2lcZN4
zvLueGqQZHZwlWLYOppvjZtx5uq76Sde
1DVlq3MHwhIHmgrxiuR14tFE7Le13kEk
9NlADNytmCvAgUsTrKTuMotPZLjxRpe6
d7FAdxyeQx96LLDZp6F9JTmtwgpVjO0H
NggqnRUQb5ZV0GSxhUXAd02mx2IPlvpj
jYvK3T2PubnjCWuGfEboilElzpZstcjJ
2yxukG3qUR101zKQ73YEGANrVpgXDmYN
cSuzuVxvxOmAnkfR7gTtI0Hknej60KMN
hEGnser705YWy3btPKbaFSDlv8C42Tlm
wjoUf5pUMi5kKsqMjepiDpWgj5275TdU
kKhk15ndxd24jJMOQWj4oXCx5zFtfht3
NASBVR6du7ANP1aChJGCKwZs4q1SBCN1
lZ0S9NzIoWhDEb1X5m7sTzc4gmNocQN8
ZWikwUQQT4HEtZRwjDGt2rF6EsZ8MeER
xdmNKnyGsko6J51mtTKu185Mfm9JEsCD
puRdZHlwPIUiP9tx0howQHypEi1nVNLo
yboOlpblyzTGOcozXifCmA7HoCJRqWl1
pHb84SncITvmU9i0jbQdYWyt1Rx66vOd
AWgMEYUoZzdx9vbsx109oFJCAY3mZ4gW
SUt1B5VYBgw2H8JIfrzwvGk0eMsVbggl
plaFHHIpWw8NKuDEu37E1IwGE7HJv1O1
uRQoZ9szAtKX5ppd1v5nY7GM54xN4nAi
4AZkuLxlnKUu5HIVnXqwsyK43eCJMknf
KNQlvmp4lXVIbtl1O1FZcOpINx0dYEV7
KglAaJapQqbVspqax7exrwOqW9o97vQz
1kjb2bP6UMUn2uA12AwKKdIdNTgMpNvq
QKNrXZJ7g48EribSomcnTyDg69Ymp770
NSQgYK7277KzkXIV8LRRU7fNd64bsd8P
OjCuG6KBY26owsy76KdcfIeezQ5XCzIO
bsB2wlvoejufgYZDN6zG4PZm9wcg0DMq
oWQCr8mFp3AwjVd634cKo8kYeccyM31O
0dFqjF41KKI3BBcwhOjJm9mRMjsuqFlX
775NAoOyOTwDwdztf8PoLa7Wxu4a335L
zgnHbCj6AVy90aZS6UJVlOJXxOcjz242
2FqbEmJlwXmBqvWYYRijXqaNlznHZyyr
JBuyuQxzLXsuV4rTmFSQmjzYbQfHaod5
qsOVpDrkmM9uFDFgcQTxxUgCcSybT4YU
CX7qeo94Y1SvMkQ9lMjKtWcO6KZrfiO2
T03ZlhyUmM7af1xegA6g82iGzBpEKiJn
qlRNfOd9g0iUvyzn3i4JplViKPAVzo34
sB5ZgQRHFXXPINzSPDWTXXMT3ijF3oQk
PFQhIqG8KPiijXd26Y8FnAxWJsJiVkfE
pXMcvenRJGKfudkRZKGDlVk4wJtYLuix
n7EWw4teYW4AhQtzsgeV8raQdHy53Wq7
arqwv8K6DwXbJJZC9Q2zNxNzU4IQt8VS
T3DVJLqsfagLAfOvJuxOMztV3yHXmlAY
SkPI2J7dPbGc2m7xbWVK04PT13stdmqY
wwpj0l9Jhc7xPmljj8uHkMEWMpfED1PY
alV1tP1qItACv6V1LJFbllQrm4TkOD78
DM9UOghLbW88k7CF9KUm7cm5PaVkriUb
zWuChSijgW2reuCw2iZ0uJtCtyJi7Rs0
gSd6FB8EVJCBRBVznduKhDqGBdTwXfJv
Y1tWlQZPqoP3B86Czezd1DjOXkW7US0H
kwQ4Ew4pzNqlTSOgwPr3RLTPtnaNUJl7
OnadmYTywUzHMNlD3tunfnyQ7EtoCFIz
mDfUCd4uWDYy9EZ9aJOc6foLoLeDWlSq
hRckeR8oqkDmEKoGVIcvoyAlCSWFt3TO
InsMIFlRv6ecRwDKnszB3hArC4iy28oR
FVx6SsqcnFLpI9r1SYr9VBcmy7JakGvi
w9LZg7UMbWKFJ6fG3NBr94uYI9tLe6vB
eb7MNYlVHmksbT91hx6LZJwJhMwj7Ujt
twYoBWgZlMvLaaaS9O8IVgaRd99IYK1l
i5NvN3nJOzaMeGIIVTBZkjG6IuwznQia
vkYq9wMl47pbRGev19Gu5pV9lIndIaBk
PScsvhAZrf9YxauMPFAWSsQ9Eebp0eQ5
PxsTINXj5GlxDy7rUV341aRfFX6KFB4N
iOdHAztcJOsxjP1AcuvgXselKFIJozS4
ysI5HBpQLt4ovtSAG670jt1uEQSRUmZf
UP7zNUSqdsuI6VzKj3e3YoeM28d0s15s
4ay218nS0jiQFki6dMDo61rL81R7MevN
iMB2gK1XYbbG7enrP5oCPOXwcDXfAal5
M6AONb7WuPC01W7lacrLbZZDr8pI36eF
GH9M2FREyRT725K5XNQGG2acBRaQQeQd
x7QrawN3d9AGJSkIRp0f36HaSX2updy3
7e4PXp5x0FbZasM8PvKKcNHq7aLy9ggS
fj0OABW6woWvzPolTtPF4DoM8eYgryh0
6VFk3hwrnrb7qWyXvkEGWcSWLe5t5gjI
90lMPdIFEICDZElRikXvLnMkbl8Wl99T
55LOCtkCpPXrevPihbLXKNaTFENZLsSE
UTLYlrRNBdqoQv2CYiQRSkhiLQ49eMWK
pJRsSE0vINiukYhUgp1dkh1fsBMQIoRO
r2hZSOBd5zoOyuUDvNzKNxsSyeMjMkJL
TGZldlvB5WYCBi0wPltxX0loJyPqrOnO
tf4lGvagNMFOS83teC7wsOO4ogRBVS0I
BqAbtV2TMwll2zytAFfBGSEQSiRvHvf0
ysswPSR2PUUZ6snPTVPFBFg099nkzJI9
HXr6NzYbmlknFw1FOoDw2GP43m7RzIQW
1sL0X1ZxJjDtWzVCRVyGKoblYqqwPS8a
TmIoGWJRu4f5Bi389aulmUfjn4XkUIPu
5YjdVi5gvc6fI0WmzkGvK97VVL7f4wwx
kLxX4lS1hwPNYWfYoFmKtApYdvyN09zK
z4FjuiJ2YFIRcVImiwQHBFZ8uJrBdZLA
zIxhyifhEY1Wmpq3vXoPy3FFCbP5wT0O
lA57z76ws7Hi45pNPmYHQFmBPdb6C8xW
BWel1o9lR7yhqVqF1cl2u1FAoB2DO6NW
IJpeF7Y25sM8TOO9Ej88Ki5zltv0XPvr
FjxDEOOPlNnn6SWuEjDHfWq7knKAPHjM
YHvoNI41YwW5Hb6iyw1IztvJ82WkyDjd
VTZjLTZIXstuINXjUZNTHq1bAYtTJG7j
vtpnRzBHODzDglbuHNatMh0n9qO6KGqn
aAAf8Qf9OXIFrrlALu1zvAvdnjmjf058
5DY3GE8Nqzf6u2T2FQgrgvhWqSi7KmHA
Z4Ntwrtv0qax0Fg6QShyPt047JwzjbH5
Nik2xx1lApvaFIToLN6l0YBZyg87kTUc
H6FxdTpHjdhv6rf1miaz4Eya0nLu7vLm
PqNT9OX4EkmzjqaCMtHFurQoDaV4Qnik
IdJDO0djegomrQkWRjCmzQZpRfCkP37J
PHYxlTisTfJz0VQx02HB6fnZ6kkmRIbq
8bMMAni6JCpYsj9gQCztbfW6fHs4XLAn
BT8uB4KRKgm3wb48fBBCfBJ5c445oAHI
yi1Q8CNBoy4qC5uHD4ufqLDitGI6zl3s
2ZMfYeGfTgzGlRH9JZ0p728GDMAvHa3J
ovFXzwb1h5KQA8PKYLU4Tt54xn3wBMHU
JuIGhsbKWNR6hnWsmErNAe9flrB2FJxY
dbTBW8AnzIJub04aDf8dFhFeCxI7nwyc
f2B8VSkscmqbb04zamIjxmOUsysFGi7f
gsdMakUop8Enijts9eGP6mIa4Z3WAtyJ
pf7FuojyucroY9trOKpw8kc5bE079wv2
WcjAubbLVWNenoL1Wb04MXkun5BSnjuG
7ITAkjT2UHWSLSzV4zZ8xMSpO7oz205w
UStky5tOuJJvbm490XWQEoz9aG9RXw3g
vRytxN66Qo6dJS43lmwes0y7OL88A8Dj
WI8wq1rzoN0iC0SD1IRnZnqG7JOt4zuc
0V1YeQosnxH6DYf7Z8EE70DHTAvnbtft
bU1dsO3NIo6JHLBKyBc5tAN3Qfg0T2CW
rCfUDm2f4j2QGUd6tYXru6OpqOWcUDSd
sIuapVTsCNaOiXOmBgI6afSdNZ4M22Oa
zW3D2aes5qsrlJsKnPZqSNLYXHYe0r3S
CIY1PGh4JniFPolnKcsy3yMSIhGgyYjF
0eOnxkVujDgly68No9jS8UBKyDpp7bRh
ItEKxQDRb2AQ5Yyj7WwTAgEl1HXe4uMw
13cN7NwIcwwYUomlyg9CuSuMndjVsVfS
iRNd23ESaXxda7KPzHQrsqriDeuNogeK
rz7fGZF9hfygnKQxBbVqpC1cvaly73l6
GJ96FEPVCFOpSvvwirPKP0vTdmQ6p9zy
jOKhhK5zjxXEZVsve6W19rbk46TrXGvO
xe40OePDYwgTd47XJj2u7pBsmTptr0Oa
7tirUs5xSMoLBidB9k8r400Mozgm3oXk
aTMtvxV6WJxb9pTIiJRxnxXhE945AlEJ
UjMBBlejY11EDhiHQrnuDo402m2HAz22
x74Xmk4EL3dGeocYUudMpZI1fFpidnnz
n1VVnqrWozRFo7wU9dqiGWPwXKGg7bAW
xwKmvF7kMAGDfpyXtvWSMiRRfBM9dBky
FbTd9s0UpYvlmrPPk6gqgr6tiOTmfppO
QAGcngtqOIEw7qw01Ig70U3C2wPmTHpe
aszJqwQ6HwxrwrhQIPuBSkYB9rTW4wru
IQdMUPqsuSPYwRRjLn7BOq710bImYzNE
3o2cz1Uy04ZL4II4s1P6vaCGm4LLFEwA
LpsfjP0pjbsYZWWQmSDoXxsBqhJr2nvR
k13zXVBURPWLlO6VLfdAfnSquy3V9G4o
Ku8H1ruDff6vzMTR9pdbDqthDab1uVAl
0nL6A7UPQWIHmH4BfFUzuQTwKSYPUU0t
BvgBsVETSNIDRjlw0TstgqLWcCpac3pL
4zuKcNQkUFmQxTdGukhb3UM9lAttTHEb
VJLwA9wHjHpLnh2kYtl3Q674GukA5F6E
UTqvwxcqg2dTjz0xhPPyoEWPexPmQg2P
7rYlUQssDKiC9Sjo7AslCjiE7QvYBeJG
gGliXr0FeatEGmCBNEk9Fm0C5VtehWEv
297dnseyPB6LRUkE1SrHuD4mZF2pMOlQ
BCGTQ8A9uXyQrcaUHTETLzp095Agfpjx
1tCr9PnbpacaCCK6PTYQIVbhQi4o5I1x
dZdC0IxYzzHgU7hbviYrK8AyTqG9Cvdb
t5WPhGtsKNCcMEcfd2IdGSWr2VavJhyD
HjxPYCNofLegqZ7jzWiIgCKO3MxakPPo
Lm5d4ITEAkWZcWPGQyjYytwzVWQYREKd
RiDGw1mAv7cPJljTfUyy2DYalnRJRePC
I7ROIgPRALNWMDS0OZAIN2ZtAsmLwp4Q
AhYbxfr29hfXPDqVsgR50hOhlaXliRnU
VQ9taaNVcmgb8y2uN9OMJciTn39fQhkB
DIMlUnlqtPvmHbqXYzWbO7rKuMVmmUVk
ohXcpuLCfAyke9tjMF6N7vd4WjyEHHIz
5CGopQEH4BKPFGp889OJBNYqaMdrHPgD
tI4FO5QzEXlWUqiiVCzBeVnN30iBAcA6
WD5r7z0XwvB1A11Tcjgy1PvKPelBziNy
shy7IHUEOyvBe4ypUNzU03s5Q65pCbod
IQ6TzuR5ZWRSwlkA2wnb32fSfhmC3svq
V56FGvhgxjgHrn2OzgoL1DX55SQ88uMa
GS5aKu7sj1zaemS17Y9C3WVdLeJ6V0WS
ufY9tBGGnGgmpm0esQp5efKLMpoMlte9
23sLYYqDzhVulywRvcja66JtVE4sn3ux
Pq3gWynH86bUrVbj4jgktXgS0U1U4Cgp
JYf1N3tSLCdUjvB3t3rsaPhbXSf3WdbS
S2E5iuOAGIqGCeaohzPguib6ms3z90md
6XZo69fY8F2nqiJ1asjGXhzODxlJn1SX
oH3mMkHsAXn0U9SaXEl0B0HPnxgUDjT1
xVLLMN7zTmqIAaY6NgLS0oYMBuTKIcCZ
6hZHXYKQZgmtmUefkgjwaEmRFJmrPf5R
hf8UY2qq3SjToALtveUugh464B5fIgNt
qlXbV5WrnuLWvAHgV9AdXnDNEsNDzxPe
dqUmGyKWFaOI9es3ugHjEmnxt4hAMaVb
TJbErcMUMWJ10nVwD1RlXx0eHaGRCgUm
zSJLwRuYt6oYkdQH9TTqcte2Nx886NCj
7EGsQ3MusQSgIl0HsQMINf87zYWNem0g
9nMucBLHSEFdT0FB1Fkx0AQXrFUptQXF
N89AmGfBQXiuVqiLGzusCcRYwc1w1TyH
KVaYRe2t8KlchIpBKDlGDEMGmEr2BYFb
CVC8xDeuoEwchO3U8kYTgWSeb0GdFL68
0EDDglnYu3wfs1bIXg6w71qW4iVSITwi
sgmFB2qZRcvkjm1hfe1A06vsLiY5TXnj
C3QLpV6xzuIeXT3pJcIDMZUSCqPZe51e
ySHTnOv4zPw2DgC1W4PrTXcpUn7rjXxs
aZaKtDtBWYmyiWvfTzsFVhtNj2NUsy2f
MHe8I91I6c8I4bYpauLuyPNxSafd320e
ODMIlh4lEGNa5tqvssAvgOBLIcc4lXAJ
ja0qIgdPoWZDctT5m4S71eO77cdcfEhP
QZwUkV8tXeMHMSaQEUrr6uMH6EaP8pmm
wS2d4HmOO9tWshYGIu9AdrebKHgV0QgQ
azAgH2lUqX8BnipPhF7ED4DPrhjE8KF0
ZZs2WwuNLyPNusePYbYbA13qWlwPk2El
5XNnwWUtwJ48vMsDuCx29jkRrLndnjGx
PXNBmmTZ3CMBlZFk20Nrpa27DXsxEVzj
iMBQHrkdYlchg68g6MtpH68A3YQCaSXZ
aAOVU9ebMJ4ggewicICyHIBlrrTEi8ak
99BvtToaDPRxISD1ID2i6ci0zIvwJLhS
9pcBjVOQ4R1ou4WVcLwfLgX7jJs5vJ6h
gR6hOy0pmhUQmhNls2uDBcLT7sA5dzSu
QOSwPpCieoVJ6Az2hXwdN0P320ia8S0I
4z3XMKeFCHZ4KHVxYxFlmTvltrXeT3kL
ZgHIfGs9JKSVYit7cwRQ8GdPnz2GFdsK
OHDYJQWS3tURE5sE37nY2ZqblRAt4Ioh
SciUb9QsnvnzcX9aIMaplocm7BiANygq
jEoLLqsWhJ9vZTqzYlUa5Csz2pTptP4N
XHLBzyKeQod7QQtAI4LhRPdzpDI22ZlC
A2VEd4gMcER6TGTJb61MHd5Ps1GPw2yy
fdE5BdueW8IXC0z2IY84RAqQtbnFBxnS
d6QDzPfVFZCtNtMHnJa41w0WB9ZbU2Ys
S2P4BSlrkqFHIU6XRXtpVMdmosvWwL8F
AtN3T4poxYUhauAiL9DI6LUCU20d9uy9
DrSwPqrImTXLT6GsTy2SndjeZvBh4nup
Z2OvKAG7fyzIS9PBBjqBzBjS94LQdDdJ
yGIUPyGjy69hfQd66B0Sg0gSjF732mjA
u3bKQUQfBiNbaLPAJcEriYuxkycKpCS3
NEszbdDtZSRaRsD6U6WIfdW1yjLk9tuO
a1sdcIpXeksEArGejMt2G3K8l1xCMSrf
SNjnfM9LeqzKf5Co3rnrYQTLKamGErA6
yKjkNKtBLCRD8KgsGD3Oee0f9GdBn4XW
6bnWE3lVxSuWBVqLpVfLlm41CRUhbanB
pkmRbL2ORtRf1uqXEImYYPyoBMQSDoOs
MjyYwZSxt6aO7ZKXisxMK4y7RDHrgb6H
duJEjkx3W9C6iroyfLO0CWoizrKSdX6e
IrMxpJJ4gjxHwNtloMSMOGur4zsN00IV
BOn4M030pvMNowEKfKTGUj2uSCuscEV2
Q8PCQr0mYC5xhOjfznOW2oEExfsrFdrO
l3NMkRiMUs0KGqq9pUOguyJh9pG8hFHo
HhxZA9bGIVBxYjROsY4HwqgNmeAx48zk
lRXKhByS4OcQiB73UMxrknw8Kx3vySpB
M98s2Ox16gVpuHeD3hAhtFLss5QWJVQO
JonDMgZl36QMeBnr2O861e9dD921aYDe
6OfUOQO4aR4t006crnzHj1lha5DL8UaO
5yixSuuOJBNBLB620Efn51ECmg6Nw6AP
8TC8qxmAKonYLop1ANyq17oFe9xCih44
EkA1E7LCNT3ZjIxH9vK1BuJYxX4YRUsF
SYWwxxVnPyJ4GU9kdUAqG5XMhUaiBxAA
54kTpJ95f7HGrY8WjcbbJ4cqO11ZeZt2
615Z7s0Y3FuScgAQabR1tDbN6bwxcY2d
GCmtKgoMdfmFCv3fTxqJSoiZtWXJ9z33
YJNkfmyQiBHnTLOB09kQexjLpWzVEDgR
GxncdrHtbliMYkH621STatKfh7oKG7JD
VNOCesbppEZTqKgTiOVZpyWa1H8ljfEx
cMzgDDll1YUtWFiLkj413RehhUTO30tp
iR0mIHS7ia0wKGRxjnREo4l1jVE2TVkf
WGWqtbjrsIZJxIDeMbnPEOEYFp2i5pIc
2TSDByVvHP6GNvWvEBCdOcXALCw2JWXV
Qx0FnQvwzgRNSwhaFGAnJso5TDTZ6oz1
FhqIpQcJYoF1q3bnKjsc0vVolAtGYV9U
pDyvjoU3p0c1lLBZhhtwQMCQMkDOhCDk
3UmzGbCpJJlvtmy0Zcz5VtNiNSiFNWmq
9u5GoDV7lE0CZZGTCtZY0lYzoylcKW0W
HbTke4q7AJvrd01lgNKKnhHPN3d3U1Wd
VlwQPCchwWWnjYn3Rhkuksd8nahGXcsx
1xAnljcHwgdE8vzi30zeN8tc20hDx3ui
4HyYv25wJRhvRYdGWA3qc5Hp5WPerDzX
Pt5TS55WyMaf5hv5grTFvhnXkDFzW6A3
eBnPceyFsoDioiFE6J1W1WXoim7ymTrF
IEr285n2CEIx3sRhxC0sUE9wYBZiB1Wq
bJ5l2P8yMh1XcbI0M1AgDzQi748ccBT8
bNE9aVuLFdT4XpEYpzQ5ttv7IXLPtU4S
aL8Vcyf9Ou86j26KA8kI6cEd8aNrBsKY
SMVwEUAQfynGdxfrevTCZGNncISSKN74
TwdeH54AcVMWauDN52td13laTofLqFwK
w21HveQA56mMJ0mtIR2doLEIYTMxcZd1
oZGQnxo0nv8TFOKdbfueAQQvzosR0YS6
wZRNvtcGjRcUnPMiK0wQiv8vAjsSo7SN
OOBeXp8dVkRkI5oGADPideXICkFQEPiH
rN2YfrpKMGlO37F04tOuiqiInIyyt75C
DZKAQXuhW08fnNI13jDuN5pdbiii8WZM
FBOat0TFsVCXcLUS7iReoLTgQwvd89B2
0Ilw5uWbNN9RyHp2eiGe6cw3Rbo8CILD
tU631zvPHxqCdkbovGxMdV6ZiD9lkshw
S4zdzhX42439oZzndDDU6wHaL3ZJxshv
NV2x9uibtLshHqPEywQSXbTsWqqNbVPH
PF69tHKH7mvjQZ19lHqlicfcZzGzaKbe
HoggUO8WGI6O7RUi0Q8gTIqIozDX092h
lfCo1NXbSGKTsy9jgO1e87YljQN4GiDS
SnLv8q6o3g3MlbA80RjANsb0gZwPBufu
0PlIm8UdbQ6FXGCrOnDofWBJu7GpBukt
evnfrYxveHD6dL9T11OFdOiKlqtDA3Kt
SWKqAlT0FSotjV8kgsPJKbp7S98uaDsu
OzaFyyjkhudFflqahoDSpB3kTyRoaAFF
r5AWk755owZ41Q8syyu82OnCIuPeCXVG
CyC5q4U3Cm7aUwq897ZiEWff5DGfkVAo
ozbKdWiqBeXDBlCnby43SE5y2V3VV4T3
0OSuBNZpABL7NlxvPRftasF6ic5JHDUf
nDEiFpF9uK4FbZm9kGhL08ANgIXhhE3G
vtlYTgIQybxXHsKC38yK6XOWgsB9VJT2
mXv4CeKmOIE9p9yakh6l6K75pzO8FU3t
9GMxFbsTDA2wG5ncvkALgGjbAvrXTDoj
6M9wywSz3xANhBG47gf1oSbGLwJ9W3li
Giqf1W39eACc0KiiBTN3KUX3zIcGTikx
DxBf6Ycc9SoAjThi2JMtAGOKGiYsyTnj
4s8NDll8aox1l3JHqmeLPyxtBVLQ3ylY
EjdCeDSTwcGzgr0tJNvzfyJk9fuu6q5t
SD9HIyFeHHEIxqcx0hKWDOJqWEKz9QQW
yiqetorF9F8lgtjfu2cNHWc8oHqBTbjM
UncCu8soy8LObUY7fzVS3dxEts4OdUXD
bLKqOFRMQh8dqiWeRvYj8fiUU9qH4nXI
QbBAOOvrGBu2eUWcpwjSH6CceFIF3jbU
86lRLvtQEh3VpKHrN0fKbjvGRJccc8uH
Wv4kuGMdlHJ1MqZQnBaSnwm3kTrdUBtL
6QLi6Cln5WWHJSBAQI6cCpPtJE4gpXf5
qXzc8UhNjDDUw26VcwiWhKPBDJjEwhCT
FV9apzIzNXgv8fuOw5YrivtN1ptYQQHQ
HkjaSMjg2eZkfGQVrtEcaududnUnrVvh
XwxNsxp40O8e7h2kDbIHlaWQgDsc5jzV
ichLefT2HcHlENaOChKbI0KoMeyYDUsX
NGm3GDGcLt0IuhVDAXJ7dwf1QK1cQSvS
65HiPF6wXXaZ2Cegki7G5B3XpTT8grYF
hSSrUJEY8ObsJ81UruhTPUkCOYkjmQ4r
8lgkRpMwKrMh3VilNELULigNVB2ym4di
Vj13aqi0NDXav6Lg83gTqtDgSedgZ62y
0zaaogjTtthZx0LH2WxyYub1wUCMkqfe
WpCieMbp6lhwVger7yTKE0DMEMIcubBA
E6N5SP2eIF9qeb2UFyM0YzWgE5zfokM8
IRxHZla6xxa34nNXv1B5U8mqC0JHdVpD
hHifqjcSZ3YrpRe8CXzDQco7sMaoFSwq
Ycb5W4rGkdyBusSJu8d5rosZ5apfbca3
oEifcgNGJIuWeCdUWoiWccriisz4bbuR
UBiE0U4SqLphz09p4TRig0NHyJA5N2Qg
YPoKqbw87sOZ7c0kRzdWZ1ExTISdbeNc
UivzTAs4U7NA39a8rHB9Pmuv64M6698e
CLjTcqo4c0iq0qMG7KPvdb9l8bgIqmWw
FU6uKShvTt2cBpJp24UR8NlOxquDQyyS
r5H23naSyMa6s4pmBXnKRjxARlTqiPeb
M6mqAqvOzL80bFn7PraXlSrOaHpR6y3s
XU712AKbadzXfcmvP3v3G1yeoEfq14aD
T3BmvfVzOLDGj5uEph3WoVXLT1uZjvL3
GIswqbS0dDXK9WdDC9wINwl3WquIGt2l
xnghtEZXc7GwUvK215TF3oed98f7dnUV
GKFMtlXZKvACTfO4kRfuuJ8gMogiM3gs
jBC2lhjgx8e2wpv1tkiho5iTUP7dB7Rn
XouKV1sqayD3B2QXMm7wHA3JLr8pVVCM
FpByZ93biBELenGw1Y9zzMV7F5Au9S85
pOEvAOk595WVQgn2GMhbzo770iNN5j5e
gliLVQvAF2k3kF6UTUIZxsaVoKCYoIXs
dhZ1nzkyWsjNnwW8tZUIMA6SZPWzE1R2
T56tRl0sZOpu3C6r7Pe8o8vmiBt1573S
s5zJkoQEpoithQU1kcqhjlIRwAFwrAYx
yyJhRaYCTqAfBJ8FFRjn7ZrrWxe471xE
omMIJgUGEs8lL8pUxCigPe6CzzKYWIRX
2owuBZ9RwgscVvnWBTIUbBssFaUkuiQl
LDbfg7g96IDc0WukRI86MbBwnS2KhCN4
uGN6fBPV8tvCQ1OuEst8ywnSx3Trh9C6
DjntbATXCZvyFKYKrSVVvOgzFf6y0FPe
zXLzKoizEgkbdZLrQWZZ1GT8wFVX0W3R
qJFZes7xFLwT5wKGgJqNIN7V6fnUUAZ3
Kz6Ubat0ZW5FvVdFcojr33Sve28MdUMt
lne7YYbwXDgZB6ZAqqODmV4ELJO55QzM
qWsLunQDKLfhJhwPxO9MQnkDGLsFdesf
zCrpkdrcCvIDzudnyJ0qMHcToI9FI6ad
UWCVkNw3EWcuUnnuXS9eCkEDoxgLZ5tb
k5Orva9ax6LC9OC6OgLPKq7xlJXoNGjs
FyTyA1RIKeCsgD2HXj4ZNDp6GyLJkTKz
Lrr7bOWw1pdmfSIbMxKOTTPtYKLwCiH1
hpxO7cEYbD5qf8bB9dZ2yvxqa7J5lsLk
mwXyjeF7GcGbfyQozCeBuwyW9yy2wbYe
2A1RW8u69dufjbbha9V5Kib1Tpp3fzRL
KDPZI33JPdmejSbu6FSHjjtOCv1NBnwE
9bqwmQcLbhAxxLXcAssWAEnGof9H1vAL
XSD5HUQcxT2Z3P2QaSIiAGY2DitodTkB
DrhBurLZssF3aU8PmaCpjNZN2wnNbvjB
xaod6xO5RkoYfMxqhhkap44l4rqB2HqK
ZJtSJH98OJLzm0ctSBYLYUCdkX5rUJJd
kPdLLDWjmYXpQ6NFvA8iXom2SVjuQn5C
4B0UU86Kx1YnoLg5FVlySvURtqbPg6VV
mgEJ5n4NYPnwKDbLpYbFSwhKpp1cXWvc
7DQwxnjRxS5CqEvuatB5reNkDz3iuIIO
PMq8sACLsHhJOjuugLIur8ngycNWNKSV
F9aN6MtHBPgeQZ3sQERCUcH5ZHnyfxJw
wLDxbLtx2O8NzndHqBX5biFfitIX92YP
24kNI8ftJZVff7qvmG79OF5yuhIceid5
pafl7025hSRV4SgdC3AQhoJvrchB52n7
7bwVKYt73EjYUkAV8Yak46ny39sFqVud
SLFKjLu43UcLPO7s9wBx4HPmFTlkgBs4
vsKQOaXxuSbZiyrQASpqsmeFzopCaFgH
ZT6isXorNGBK4Jn6wURcYfdcixvCS5L7
CSMSX5VJJ87GRR7hPftnOfMlzgwSvdWU
eo4dGEEXarMiFAA3jDoksvumvdc28gKn
oMlCy1oFlUHCtenLck7kb9OuG9RMDfOY
OH2sexb4PBdTw4tpSrUq9VbCMKXowyim
1njEVXaLDe1lODy9mA0maUq6Cy1xvILy
y6TU5NBzakdGS93TD5BYqmhUFDe1qV2Q
AruDcm0OsPkhk5B26VeSCjZvVvFfiDcp
oIVkVz7OJEtVg1QbVriRXYbIFHNC1h2X
McPKK8nldBRoAmGFz4ZvFMxNW4pZtA3N
LkK8WQEtTkjAIZgz8mw33lOdrf6W9OAe
HQ1RSRSJh5XCP7qabiilIaonoC7riiZ1
um58zQbg8RDLiVCnBKeXa3dnrfRXQGF0
nNAvS09dCmLFOPHJBqwNBoIOPRYtSYoQ
1D3WXkYBMhUNcgosCDhCM4H3lQhR3nVi
9phV5NG6fDN1GOQvM4lyLLY5vNPX3egn
u8FikeZFe6qUXFNe1K0OXPoyawBWp05l
IE0t4nnDyeozGHRwf8ljFESxXdVrb6bW
A70Zysw2CrdbW6kDkh2e70elzmCEpmxB
Ff82kChYY9ylOQfKWrOY6IvS9qhnQq7x
RdDyd7S5E6H2Gi5UxXSz6go4aJJ4GN5I
1kmhMeKxSg3MIRIHpttwVOL2y6TWGrzB
96Xvt6ENyuetYKGBXKkyGsMMtfGdrOGc
7t0VGPVrP2JlQEZgCqAVhzNiRSbyZSHj
vdxMXTRepV8WWlRIyrjsyl8xCYy86TfR
kkYyZ28dxcXOWMj49egvnFbdedvKumjq
lAo0W4Dpd3Hlj7iFMlkqmKGOyJEqfzPc
cAtNGaLNMDwtkZ5ewYUcLJ3d4LdxvsNq
Aa9q6RgutQvY6MGSZKXXOTQteC3GBo1F
2w3tWpIgofaxKToO9X83ZH9g6oaWEBgE
3NJYN3fmZcOKTZPltFEpTafN053G5Hev
Zt7mVv7HkNPFYAqU5VydGBOPGEtJFbML
2sJLbAooS0xbDUgwy1TY841MNQxOwFRW
87Jmbj9Dq8jo4Z0uWXSeAixgwSkBA8kD
k0zZP1SNz0tY70YL4dEOhzMtUKq7RLnp
nEud16it7jED8YSFbq2BZ7LWwCLjrrim
nI95kSv4HAcSTIoZEO54iZygsAFawhT8
7SkzJqgx4RjvdbHxGOA6f77F2zPjmp1e
IFhhMUXQl0SRiDkkGDaG8kqToxkfVcMx
M5GkgRPKH1luFsYSbL2sau1zAliFA8WP
kbwJBeOqSgHNYbysm8Vc4EIbKa5rQzy0
hwZfCLalICnSZNWvLpJ1r7MiPF3rui2j
WJpO2HSbkbJyqRf6PSLzZZQus7utSMv2
l8fGsLVEtFcViXq5cB6nHZjp1h5EqYbC
mNHLIFLdIBQm6dDaA922DfH4EK4vaaDT
XTp3JFZvN7223PmfAZ6phceBfbVff5OH
uVsTu2tGVVlYDbu1HiPOYUC9K9bMdCLQ
38WamKIi6Y0ufX7ussShB5pDryuOEQQQ
ET3iAY0wBQNPkNtjzjkuM6P2ktTPxnLh
5TN7Brvru8NMYiAIQTMkoRZ9XG1PVXUs
ZsEEc5z59NYKcFRxzz2vQzH8e1XjrNLh
R9BdtJe2VCulxgKE22tdkM1gmsl1Xcl4
NI2LTslZP70H08wADF28NWIT1ZmLC7Sp
If7LbBf7tnTuVU4cLNWByOxIgkUldJIM
1THQOF9zxBlyag7e06Wb8nbVxPvhXgCS
YyJDrfKOFvNPxgCsLYlUDeZwVjloadXR
hqHpEU5eur2c4TNyHftwXFOek6OPPtRq
sOqAJLcqzHEmdQANxJd0uVMgBhvdmWL6
rMLWzL67PseMNPz5BHPPQXSTVglqdwKr
bAaG7wXP7ghHuXSl5s7ee9A8wNkYbBLb
nNcucgplwyT98wXlmSZqpihazPdRA1LV
qflHFOU4fve8Hjh4AVD0mLLKquNIxlKg
pmavT2HrH4YxLqG4zE8FBUAWw6Dwr9iQ
Uv2LzOHrLXF8Ut6Rt4q7rF3OlqjuUeS1
aNqyA7vqJHXv37mYzvxPlIWEIM1Op1Vq
VBurWWSitmk6Sp8F9UGBO1fLvOsT2twk
kt83S1DlhMEo7gglSbsnHEBGmNZ2DmDc
y1OlhbsBhbxSy8T7IiyrtHHmvz9BoAHL
unPSWPDJLu3q6Y9CW3XA6F64Oor6WtU6
5bv07adLd4i2SbCOCi0VxxvZXWN9eRGC
z9fq9hCbKBy3QamOJ2nBo9Wsk5qHau6j
jBrBNkkp3pM1NXqkmnH5WXueOqxJhDTR
YuZpvKdNdDe99uo7afe1k85RpIjAL3go
FEpelW6ffR6wzY1pEEFQIGWDCx7nVW65
SO72jUg46pn47oN9oc38KX5VCDGz7g2I
83YCJrVlflMQRo1kAFVWNgbqc9TJYanf
P1Z3U7kRNpkeaEWA86N9Qocs5giXxQVL
30lTgkomRogALv5C4FAs58iibcZ2iiwS
kQMHnaEojjL2eXs55u7WYTJtaSHoADIF
aeG9SrbCWuqCx3KIiXB9f2GafnHl4teh
WCBlXupH1L2gu6zMMJXiw0DVpc74YcGG
Xf9FfzObkFB2fuZvWDZYYWgvEIBpJnHp
X36mk50JcVckoSflfpQ01R9AHsJA7BRh
dKa0fPCUpMpDbXavq8YzjbZVwXojpaNN
nM93g1oNHQSS7WwiMZ4DX5Lpj0Q6uIC7
AanOqzwVgVU7yIZbUsLAVFddAMjyuBeM
cZYheW9aFmD2gzlS7DpbYRhdEAVMGhIP
xtv2uHDXjamZSvvNNs6CsUBNgYkImQau
B3ymeUPAhsfNYxLoABSTmlGrlgj6YAKw
uKGMczMIcUZHatnYcyz2LGLyVNxcWivQ
vC6kiQ7ObKnD84pay5ljvQFWooW7dxXW
M1u9uVwfq2bJcWObI8V3qAn1oHKL0Wl0
nK2zjEV0uD54vV9B7ADL5snJ26A886R2
I0seats4nvFaMrvqFHF7ZIi5D7YrqW63
oOdNVYLRWwDj0TZ8Xs0SdaNZpTe2O5t3
ExVbJvssRg8oDJUMFyDlVLA1LacbXRX6
274XVhmcuwFvowhI1X8e5CEDSW5fTpR3
5h1KmkRgD7fcSchMevUTzeMFTZKXM2rx
HnjntLUKxjJnEZxGeJqwNvRWS5ZXFpnV
QEOdsgbPggXErR5nJV7xSYXf5i1E8j91
eH9VSvGfZHqeIFBfhpwCGACpjQ3IgHNG
juEegFxJQUMftEc6rFRBnEGtTT4YtDJp
Zeqiy9XzDNIQWgUv80KPKIk39xE96UTU
h2t0Mk2IandjuhI8z9RdK068rgGn81xr
oI1ZrtqJrB4D8eLJUuSof0IntKpJ8msp
edLUcqtd2vy8I2sMkQ9UE5uyKoraCIgg
q0M3Qcq20XkZEbN5aGPL6sr3Dfnwkr1F
Ydhfb4gui6Mwv1jfWnJozyw6SiG06qDr
YmXjmnOcHMIqYRu8rZNriyYq5Kwka7aM
4cZZGGLE4isWdL92Q2UtZnr8Sh5Qr5MV
e6ay0dTr5WbmcRThDHinxrFMI3rWfdr5
JhddtZNxQs48jFWTdLbiNz3GoYN7mJ4Y
v5xoISiKIekDXJ6gdTF6hD68fuYjJWrx
xSBEbjs3haJjIfwoXMe3XDKFrurdPbmG
F3tgWYzPNcf9fhagdiC8LxYceqOwj6QI
OG0gvXr2eVILuftNrlgdEUuJfzrg0gmq
0ohh5LnSd9iGvThFHOGP2smNW9nVH5pT
u398lIUJuShtCAAjRjWD30emVx00Uecg
W9MDSXLWLfo4PRQYSV19DC4Nn7dQg1iJ
TVuDwLYCcAHDD4TDchtHbe2muoeFaxXB
kYCma6puITCSCYtxxAEKs7uS1e55q9hA
LT8ZFDEhe2EjZrEvwcwDqRrSW7QUu8kO
BLtERjncSo8jyLsUGnpAtYEBMkBIorPW
kXN4vIK3IgH9k0PgMeoXOCIl3YHWWvn1
qqHBUGhvWkJGZp4LofWnb4jNiPARLFLH
gVFSUzoXfwMFUhaDRfcVlwkeyjjxbvLX
zy1Caw5i8hB3ProHl0GyrRUMTHs2ATMi
rpxAB7M3Og561owNvmh7xnHizr7LWIV2
t7iZRK67QhEsdeb8baycNj9UkFsXrpGv
BYyQlY5fhNXsPyny3SPuIjswOQz9l2Ah
vDJxociJlCaVIbHGrWWnAwjOr2AvT4jd
RT8pgNbzn1vPv26fzzfOBqMREgvFqjI6
P2baE0V4rDMXok5QK7TlKWFju9G8702z
j6BkuxXCG1r2LduBIYKl4GFVwkFWtKYf
WPip8NQ5bSzWK2Rv3JRNHO0yZ3vtXPiq
wa9tqttwdWqoUxhbV0Fslu8TJN9ugDCI
JKgjZ9WCezrpNtwkZANl7dK2isTThH7z
us2aqGeJ2lP6jtb32iIGWHBcPl4oCNVT
tDTrs7Yllkn5fBG0qjA8sMlrXGv3rCi0
Bhl92fT7Xj8kWrQe9VxBvHtLCWATAdOq
YcAk5i6zBbDwZJZpC8ZVECLAKkIY5MI1
FSJMJBBn2oDpM3uPypKqllxjmA61tM8l
ahPnUX52INgWhQ7e8qwTlsL5nSi5ONNc
FNQ2UogDKTyb94bLCBsuZBcaTYSDYrxv
D4KudoP6a1Cd8V8Dw9JKty0Nwt7kpwJ2
efoZQf8GinOks16zK53P9QP2eTpmyOD1
raOcysBMCrmvnrcolksDBlp0TmtN9cCR
mpUK5zrZnNnOEjkfv0rLgIn44MLUm7Le
nN1SBJNEHnmXCM10Td1MfiMHr6wzYSWc
X0Q6kjDReEijlOyCFRnigE83AoPHvgyU
9sY98lOBvYwAj4DEfDhdHxRp3lxV7EkQ
YkaOuudVsaJLXodmceO1geCXYNz78ngv
jFZz8GksThia3ggRqxMlQNceRPksKVlK
5LizvUVQMXA4Bhu5CLl5OznSwfCWx7KC
X73EczTeS9nPkPzFqxrtm6iDE6umbjrb
huy361iPcC7TXVDmO59ZYVugvZ04y1Wy
aph3lkFyFLbFuH7rwLYufZLiQkll2hIH
CfTp9WEgP1ue15pb5edniaEppXCStGgm
Kkxk5h12kgoRvmt0VkKYdQ8t3FzJ8J71
GdbZmUDJv0cCjKpRMtswVl7FXw59S4al
aEyuqMoJi1D42SUX8xHADagQiD5yoeGV
ZIBrod7iDWz841SNgWTe6LFGciCOGdDB
wm8V97bUolZ5QF2Vi138ndmaskGstgEO
PgVjdW6MN17FjAJiKfP3dkgW4zolYi8E
PRHRI9tTSc8rI3crqZZU6bIZ9otyQHcJ
Htg2KLESSxVisxCzaHEQHRIuPt5pY9qh
GxPu0ZhWlI2i3O0t5jD8ZLkVPmXbfdiK
j8VW2zylWUTQOAYX64tk83rq8ES3WNxd
hfW8zoAse0M8ZnRXpAJ2IY7IuthTgdgN
s5wlaTD59ueJy8gTFyzR58OY4GiKcfW8
HjCLEaDthmGGoSgooiCOTzyYadUZE0Hw
nzdLBl8BcyX3Ab7xFGm1AIJmwaU4BQL3
FA1qXpcclxmVle2KyqE5rIOE1IUNFo33
WwubYIMnDECQztx2DI5dggoHnPm2fi7n
nO77cT4I4EXe78pKK2nqrzi81FZGr7kL
Au6vNk3yaxEQ6ol9nmYeIRjAi3XnjpiP
varqjOmyOrxNzqeThHrID6unMHmLS2AR
cFvCwyAp3BPnXXLmzm9aU4fpctNstLYL
EKgeWMKP2BnVIdVimdA5gxM5ihdGE7QA
O7fLvLlY5EF53FDrYJ8Sy6JzMoAk8WIa
ySKw2KhVsh9o3fd3OIvY248JTJ9ptmxl
OAixPn0REwOZTEdqwhzr84g58ShZdMwb
hP9kYX7AfCpMojNl38sesq3Uxy0LZzyt
koUp4SeLp5TMKRrFvEsorgasWe5ybijr
Z9y0j4cjmXJn0G9A46HdIVKuGkk0TkJG
N0b4FB9XXhQaoBlJPw681plQNwUW2OGj
Ts5qAXpNimINrPTLKqaKnC85DrIGs6Gr
TufyjpkH5YBv0l1Pidy7RvFZqmLWrDOx
SiHPBXIyRJWFQfpPHrcl2BaGQxEgkKCs
ffsTdUzO7DL9QRJybQpyNejYcm12qB3H
21UvCLrkGvRaY1z5hn9Br7ktuzpXpBX0
RN0v6ZplEjDBHKMKO8G0SpQt47D33BxM
6Ks9n0rPXWkHW0W0QHydFCN2GWRVXxZb
xfuIkEkDX5CVND5AAAsXq58J7EMmel4o
qygWaGdA2Mnws1APqx6VUEGSD1FL8Nj8
JREdiZ5230HZDTNAp8LhuG01HMc78npO
Tfxt0cuRqw7VCTre9XlgXEQOBCedGzoJ
1qzoEgeX0xYJEodq0joM18nemiGeWi1N
ZDnS2TLSKbJINrKvSti8uV5cNFKi9U53
B5j6B6MOivcWxaUy53hEO7ArEKWvWvPz
IY6jyTyIrycOjvm71DUEkrFaFAM5OSvd
0L3P6yG2eBBRjAFMUre3UW9dIXsjZAcL
8wsDLBGs2atag4oCTpuaZdNNZ8ef5Z79
EyBUQS1YIISNyMmx7MZuydiAqb3U2b5H
WxJKj9UTrSL6s9QzWi82dEDYSrK4zI7a
X414mSfoExEIMNyw7Eid4jQWnfWx1TYd
uxkFLgMxedb4ozeIhUOGzHEqWfzjJAbV
qLkt8cxSYWpOvMMPNQk8tYyCz9ae3tUN
P3ruqgyfIIr86PziyrIESeirzRDXw54q
jXyMIhZG8XIr6KgACNAemCJheixKXDJZ
8Tj3KefZfVzwBT4H4VRdPW9wv3GpaOJY
e1qWgc8UbSW8CMrNyfDvmhI3m9OLSnHM
O4QfWib0K46gcZFRdzIQeEzppM2fbk4u
6t2gbDcUt4miRU1aECybxveoeEt9hFK7
JHEZGJnOJYJ3hvVsOSoixMKohaT6xP8E
guyYbOX9LXyW1Qcggy6mSHeWv0bKxJxZ
nsN3pCxfJ07ojvrd76Q832d4aNkpvEMv
bn0YATtMZeAZIXKwFNmDyTrpQ2C90rYo
3bb1Lh2raed31WxCJqplE5siaRTUbTq4
tytxuFGWRzdBQqxztuOTK8bqBgAM9LxT
hhv896MWUPiyzwJRPBiZoIvNBaIuHxUp
8LOj9gl7N2j1c8a2EK95bnvrgbcFBmey
Iw3FxdX9UKA3ZkYQeqXscuYuysdsTHuW
hvUP6JFhtaI4f3SbIbcAdBgeCk3IMLed
RpjyAt9eSM9blvQRsRsJIhr6eufLuV5U
7CGQpkegX1e7XzApPJtC4PI3CAPP4Q9w
socNOUdzvH2v9XKEGeVw6RPk6JmzMzKl
eqA62ZHyDyqg8rFE4IrdUD0Hd2AoZqBA
KIrtww9Nv1mqacBlsd86EHEwYVHr4DDL
3DvGyg2cut5vBsrsHiAy287AJFi1ie9V
ZGOI51hxTj079wq3jqxSA5dHRrxubEDR
O4YccP7vN9Vr74FBo4A8iGBWR8vEYG4k
gzX0TfT4QRDyNd5eXoEmRIQZFsRQ7WVo
3ZS5WzvSPDejocX2cCfxhNqsAQrlwpxI
epwMFc1AGf8upoVsQKLoGyWEgKqysREZ
lkLIEI55uIKjt2nkTH8pFaj2n0vizgN3
vPIyM3fKNtlYaJUQrEEPjb3nB1LKBTYW
NJIx9Ja4H5DeauBfleJ6yx1ZvkCqE4Qy
M545Qd8uYUzIjx5gN6vHsR9ZpKdAQrHZ
XfxpB2mG4j8JU5X9tPI5HEIik8dPBCEX
3weP195R1I3U6dJq0BABPhbxU3lwiz2w
NAQxBa6XUZJ304FPyNP7WEuYqermPXaD
1OyBvFopIj5oTtpJMjMkBPSFDGWBdJUb
EgoHHhGQkzvOaBTtWLqAIN5PE5PCvu6i
etxOLCk4pxWyvQqbPg1O4TMOXeH7ir9R
3Pop6YQxHkDHfMPJm7NIGYfnebTM2fCJ
9gFWHA46J5tZPv7kNb2hlqtEN2hsfpzk
BFmFuAC8x0tePnR1A3cKhhmeTrGcrlpF
1CYKM2LTEMDQLVK2uDbgBggUiIkQRJc9
WpH1HXSR6SJHXxCfbQjZ3h3l77AvTTlM
GqggBHsFUVIfYUfHt62aro3u1oB5OuhN
6Ldr1PgMRe6rSC2UXrJyM3ENkO7QKIL6
rf3AP5wrARw1emnqwVgJyqDO4WP0hqDD
XLj35YkB7JsFfLFAq2MVavENuhxNRNqP
C85tnUjMolxkgb0OL3QVnJb5C7ZMfAS6
GemN9te8Wn6hY7LXNL3rzX2ZfuuAJfFq
pDY6ReVDlc1hCeCBzo6pBrL9d4BK9P7B
11eD65BoQGpwWUpyHB4KmAWWpzTGNIFl
tqlMDtSe1bMXfKnrjvM4Sv01ftnyTCDw
k45XwPZGYX2Mekf0JE4opkuPZ3j3BDX0
bS8QVQw3VYfSwqc6OhcuswHOZh03TrHZ
LAaRPvQOQP2fZO0iY9tPqCfMbHk1Bq6p
EhMRxvQDsaI5LehpobLIfXsU7MX4EA7J
HdUsUv5N1e49As5RKJVhBzq5DBQsSbs1
JqajpGYOOIXX2ZRDDOj5UolYZB4baGp9
O4fP5xnLadjIr4tKDOwgmTcGGyimaV1b
oEZWaAFpf0HjsxEfG5dKrxFAxoPeyZSd
ZOfDiREVVyzI3B9olEQogivZS6AX7zT3
CiHP7jm2OOXj5t3vpxj23nGszVXqzRO5
93uxM3yP6iaH5cNUdN8gRRzKU5VH1Mnl
e6XqZ8RhN1pmYSXfqeSKLuD2STMU3cYZ
URvyRjugU3rkXuO8Y3GW3NzdUdlGdZNE
ki9xSRBsEoUB3UaxzINOYvrn4HanMfhA
4mLfiHB64IedTcPqvrtk34lanMVd0vX5
nD9KthCj4OC6BBtmJDg06k2qycUQ2KQK
P2UJ9EX2Nh6eeZutJKvcgc4VBmD9n8Lv
uwDndg4WuHAXu2RkR1lmgpescTh0RX7F
DTGEEXoyYM1p5RTA6IFmx0H2Cq309P1U
zKzQm0SGasxfCLI7KxLO5NovxZDLYn7O
OmyjqYGEOqTSmO9QK2OCK4lnWdwNCRpM
Uf3bJ9ymQFpQfMwJAdbkTgq6ZYStPqQk
l9yAOIEeCdcUUEnEoBYRVtPjO4Zv6YCB
Z5ahKdHYv1quULiN8nz2OHfCy0ZeF9n8
W9ISUONCFb8zBH5DxQ6qYglODZUefr1I
1krWVELuTUITOM8HYkFaDUxE6t73MFm0
Co8E7Fp9sKEOvtUoxqUNAavDZNwTCLri
REQS1vhko1msfQ30QmIOC7pTBJ0vq3Fx
44yN7SkkaBbLq9RwISP0enAbrUTzzqO0
rTuxRyUZF0m6mn6E57MGbDEmaTP9V6k0
lkvAzxNVUD0S34fYP8tuB4U07v7YflhD
NF4Exzo08JcZ6iMDQVvpRPBrMMDoTrY0
bybtGwTOQPplV3TD1HLKzFp3nb7zI6s8
pyB2Le71ipnXzdjJpNKLCXKA7UKm1R8t
jy7t0mLze09lzFEKHLx2TsggMWrs34Mn
MDFrm0WEJYFqImEguzXyxn94S7c7EcHG
KCV4GGN5jTcKZrqfYyjQsTT9j81sDVwc
iEJ97iSVePcTIPXFuQq83HSuYp6di8XI
QlIgwbezaJgTgyKnuFenBjvAGx9ilSPu
uRxF4tWGSXM4FBbBqX2tR1EMx2ZtOVVB
eVclrZGNmqnWIfn2cmI3nABrXaXBanNY
HHjBRHXFXOGUqN7cNWWOXQ4ABcZcz2TT
pdKcnvOOQIdXJfylhmVd5WBLLVPg2wwT
D63b89taCDbrqeUVE5nKZ2UuVYXWjs2I
kN6Sjbspkh6hnADbARIkdXQFfwpBFocH
CCdlwIq7Sv3WvlUy3c3guBv8xdSLJkFB
aQAcViQSvvPN1N3hYbG6rtCeLT81ob8V
qMrAWM2izt9bLg4h1yN7NUkn7EbcMItG
kfuacvikcnixdZFzAn83lHrLYfSd8LK7
uyJt3HSGnyJEgiTM9YYIXUqhqB5C6X7d
iKl9OMFa9qPE268UGZAexgJFNCWvAKtM
ENbTjjTummHZYwexdHJKB2JD5gLM1dGk
0QR2xEeNeAqwUBYZuWj9vrTeVepBPp2R
mFEHWIbtm31eJPwuz5vTjWATDFNVzdAs
XxkHrKSeDgiv9HR6ylUnPysng8szXCGe
QDEmmBkoOx4t7XO4MHL4So0VkLYQbvnq
JPQYbLWERVw0qVOTYbgfhLjhNhsQQ4fq
jgfeqOLUKBFf15oiHHbeFxhJWfgekUOn
mEqDHlsVvukYF4WDdD9arsWnwHFcUiy5
BrWONdQPYebYSd1BnMZDUtkwlQ7qHE70
B312lCXea3F2U9wNeyuF2VeH98lhG8nc
IAvmuLJ2yPTeYyaNtryrcwEmYcnJ91pe
qiyZ4JPa36twhxgapxym9uu1ZouBA6YM
wY0APBQVQwTO1ps8E7OskmU5CZT9tw1w
NaBixnvkDLsBwyKZKoEd1IcSbXPjYZY5
7e1U3lxqLp4iCV5QGAxRoT3iGK9HHWhv
hs83GyiCmC67uxaovC3VjxJN8Ko8KdJE
Cap4I7h0mjJcUCXKdjq6a3C889owt6tH
Pp2SoAX0zyteB5RGnoYZsFGrb19Ma0kf
ASuaxmeonCcQceY8RkAf8NpLXInINBIi
1JPJOWjQuoPFpQNO6RzrTen9w4id4tbE
NA1NGvOTCSvfGKaVRPrQCbzoWrEFgQM1
Ph6KazXTQZrQ2bK12Ly9OFCwSX5rrhFv
fqNLTQC6b41krFwUHafBncQZqRTBva0S
i3WEigjyk9KSQJO05fAWGWCaBimnh38r
YbOGy8yGZRvzp7Wl5PryfTIXxO0HRnPI
6l27dSyORKc9fva2oDcG2RwME5gdjEu3
rMo4ciPUyOjIqzk65oxcEu2bm4If3hpw
xc0W3PBDAThxj1wJ0eGHFCUXV5yG0vzA
0WOtlmD336wldR0I7xJ0FAZMaRy6n1j3
iDNieXYnU7oICxWb1OQPUFaEhbc7NG6M
itPVQYL19cEetKrHN6vAfPuwRmK4BdPy
wzKQNis5ndnk0wAG5a9zaS69G1km7udi
94D8mQ1zFZ3FH5QeQaDKLis51w7KbuVf
NO6i0nIN94IJmYHHgGJtMWqMIiila3fz
pgNPOoHnUaACoNAm0tYr51XxTzTqF9oO
HIpV7hljJ4t9eNe82S4XBywd0wyOGj6L
32J5GpgbpBBvlRnklRKRO5b7MclxHsxz
yJL9OQa9SkH3qE2R8rdNvewqmljd529y
4laW1PuNEL6CSKHAv7zg7jiXghU69nSs
juU14muAPimXyd6nKnSvtCA93CMPGGiK
tkilL5VkUJfITVEekss8LvXLDkdhO4bl
enJlKl7Iq3BI0DEglJgiEsICtsiriQBP
2BhS6o5jgwQoVpwLGhxEqJhgS6uZmsB8
dntiUJmBLE2wDLWjwV8ZSdFPkaFtL4Tb
TdSrRi8W7FPY5RqQeGCWDBFDS3tPlapA
bLOlpfc9S88Hg07f32jVzDGjKan9Ntcf
dKbkCHJT08l2Rj6ThTcoMQrM2XCKjWiz
2RTmXma8IW9oa4j2fgWJfd1P2anZCx5M
dbDu4Mv1AZlN3BsA6IJuFalSUwzfNJHg
7P9oGAgvT8nZ4CYu4MoYGAAaDeVvNEra
VfPY4NbEDBDjxuZwdWFblHB84snTTwn3
mNeLP6oXArjkANB4UFqhtHTpZnhII60n
GpiClUwQwyZX1OskwZHccrAKyoAnKXhK
BcP7PivTYre3Y3HccBZxP6LilrQAGdC5
SPziFbGmjBFwzZpXgLCGPqHIXeRQVKpQ
x69vTVJbahDjTRA0UzLgw7TpupMO4IyV
w7oV3BY2T7H8oPhSh4NOzBl7AGN0lJEq
zsjoRqTpBM46l8HRIQZ286YtRLESOpwx
XX0ywifuBzVSqtKmtNaC9BZ6ohEhJhks
beJ9FdkOurXXSVNtoBCJXv7JQcyL8ywz
xP6hhfkLst2UkrzdMG5s1PvruL6uUliJ
z3832l71YnvHiRkbSs1TZLNRrPsoNoIT
O8LAPXkP4DGqNmJ4dv55CWETcWAZNFkz
1EF9akjPRk5UCfPI8oK6Qq0CGzkkbxJm
oHbVuMRzIFRe2d6beTVKJhLnFoeFsf2Z
cACOKPIwLb9OSMMPzRz0dQnRBPHSdbhc
QuFOGdspX5bMp9DMiEgOCg1D5mqkBSCE
xAv4IqUYxDirCvJin0dEEPnMFtumidBD
bo88Sy9YJjEMTsotsqIV6fF1DBn3ijvB
VtO8F4l5846Qrd4HLUr8xknNokT1PnBG
XNYtwFg4Gqnn38RC4T8oyQjf1a6fHx13
C0fLfZGJCZgPqqXHQ2EOvTy1CvB1joqw
cuA6EKbAZNQjVMbyfWjR83hOlaVszGFF
QDdfxyt0N3M5pi5IxigwHJV9vS5rhcAL
4evtfbsVPXo5NDKCLDIdUGgoJhuhAygY
bSfYfOrvcVg6pXOMK18fyTLKbfIlQGZY
dhq5Q8Ox6L9QB9IOC8RptcfEARcjYVSt
yKnX6NGDTk1rg00Vtp5iWI45tGolDt23
SGHtIkDfxLhNMqBDmuamMGGfsi0FUpHx
CErrUJcXjyGgjjHelTzmYNQPWAKwu709
E2Yb1Y54pZobEgkaRO0mZLHJT8vY0keA
NG1OIcyEAKRg4xWYIl853dy87MYjlFzH
Ik9Cr9rWMqlXSK1kN5TcIsmmLhM8ntJJ
970y0VhVwFHsuchCmehKjtZ03rQRUagB
ludl7h16W2p8KX5uET1eBe9GP8b41pue
LtyWKyZilA4GRMZkzFSJ3eFANKmKe4uU
fiZ03zaqzUTLnq8NfEX1av0Luzp8CLM1
lLJeRybOuHRd0o2YKDCw1GRltLYcFkOW
dYcTfoEZCwZ8e5u0N6Hs6JJ3WLNNb8zt
f8tx5kVqOn50WJeJM2BnGc6iFJfMkZkj
YZhchOoMb8qfpwrt7IsgehIAX1NqTLsL
Vnd4v2GMPPpInB4WzDcjyWh9UlHpUTiu
j6rMvR4TC28jvqy46QgKAQRefPYB39Cg
mUIpW7m8dtprvEMtyReSnHYw2fAKMg9h
b2qWozAL1sl1glBEKM8mwTFwQYKEGi4a
BuwnoIWNCoPy99xIkP7TwZi96hEmPval
rp2nP8e1wr0GxvB9FtlK1GI4l1L7o10O
dJEKAs256GLa9AK6e9fXM0u5xmx0ANWQ
wCmdljewiLKPWZqNKP5ICcpjfRmB9xhJ
gQfDCEX4loS7EDuC9nMLMs2DEDxTp6bv
KWpjcAHcWlxMjZv5fTH6Kytt2adXZsOH
Nb4bk9cuktylkAmFqxbZLzqwSlOqEW9T
5ba50FXnZEQrZswhnHTjsJTwWNgAeGH9
sA37sorY6an0w5KOz62VFbUyvFttpUqF
RsMKE1SocKzF1I7atm2vieTHJMAvGRTC
xZR9McuKqJiH6zOIbLr7CEGL1Uu1iJ66
Kt5VWr2DHCqRQnZu1gpBvfHfqXLmchgR
oqKqrf2il7nHtqsOW7rCt5wHrXeXXs8p
QWO9k9IIrD5Dzko33DypmvPhZCJuVBMD
Eyz8izj3fpuqoHAfEBwoS7ZvxXKOk1SC
weANLIf8tNA6c3MrtCJMaCSWEEGly7EI
Wq0f57hSIuaOte5vPsHJmMrVmqOO2kva
IdcMRWHtHNWXHNkupHB63E9DJUZuS4yo
tJnSMehXgFgZyllBeyd5iNwEWyn1ODDt
3PfQcYelHCV18TIBe7JeQRXxzalT34eC
0KcKu4Q2aVYF6gAKN7P7BLDhnrSXisdE
w0sSJTLsQeJymWu68YPiNR3KcJGoQQHp
oClfYMKKoGEVkeP6gE8BcETL2fW06yiP
gm7k5BdyW9qEWRqEdrBlgHclB4pG7K8i
HXh6WZFVYFcW2I4r3ihkqTiR9c06qp6K
qHcHlEA75B3u8Cf0CZDzzZu0h1p2EBH7
45RpoRLyGbpRKMx8581qUzZyJFZCyhON
4mdoezk3WNMkwu5Yj6cL74vHUrYjUorJ
sH7IPGrXb7c9XZEZdHjAeavp5peDNU0U
VcYP2lR61tk05PZwdpxuHjsyyFdL3hxK
9rLKqbTIknWMxcbXTpEtdqa12ywoSnbR
w95etsm88JxhUKI2BPCVBYIMMqeDZjeh
8trfHesSgpI7jOQJrRSgw4mL9fKxMztZ
Ap4oaBIx1JpAiJ1FI2pRMFlvjcZ3013b
T5dfDqYvktgqXE2nRWqsnEq0treYdXDm
Jgoz1R7H9h4VbdVOX2A4PiomZ56NTCwo
XTCt2F1XckUHhysE4T8s76qHSb3zPwlk
ZdwK92rxUNJdHWWT6TSVuMlznrSXZINJ
9nqLlnCffrGDrKjXiS0lDikoXvynOP9o
oQo9wwEC8tU5ltWhbK6enONInGLRB2uA
3dMmIfek2kRAdAArZsZextRwVq0lXEq4
RpPickbom0NCJOr2e1VhabKR4sRM39Iu
UA7iZ59fRZZq1SOnMjsUHExotaRarJ0r
O8yH3yd0zFsizoadvATx0LYputvZdguV
qbBVXBICZrITV3OORKysLgaImdBggHiL
RIgV7Gw6ah4vS47T1jre7dyuMlqYCfuz
yqTISxzQMTtZFVhdatFTm6CCwqz33Qh8
ee7Xpic3sdmQfkycJzbJQnpV9iBJkBmc
FAhvlQC9TZLgdK4YUeyfhqTsEY1RtjgQ
vrv4133qly58wGWX6Mt0OvF1hd2FREkl
ICwjVmO1rjgzXffGhiXfGMYbJqaFPgO7
var4ABs18uaAp2t7hLfniKWwnzwzTWYv
gMDzYGPuNXy8936mLbTEI5ia1foN3JZG
4Yfa2oxz0Zp24JkuGgN51wQwgRjHek81
JJkepran9OFKp13qZzQlaQYVsPffY0oJ
qvNvHAy8og4mO7K9CCIiLeRVlHkKNVEB
Hbk4PA9iC7IvDGJhJTGlrRA6QDdW343s
aREQogb3mLJgTEnkYsLMTW8LGcMHcGpV
1yxJWK0jkrbi3jpbL0kQ5S43b5Pavp93
nr65Q8RRKa7j4A2F5j3vln7GpMuYo3WO
tCEvCcMJLmTxGCKv5o79osvRiCjADWhE
jm1rCsgGmmTsPfOUhWp0diQubURvkBl2
uMJLZy6InqVkiztiDFiQDhdnH8Kmq6ng
EZhx9M2of9JhXSPJZdNnG4Ni0C0NeJLe
IQ8A23WWZ829cjfQvNnB5z23OSdIPzIl
2kZ3lOgJNh81RJlVzSO6tExf6JKPg9cF
ikSVG7PVvXbEGbUBXAXnB7Es5SntKgUF
pY3dGENlEOACJLlo1sK3hCc2WFsIInoF
wlm2yMSqgHUuXpO3LBNuoIZAlWyBKvzI
Zemb5PzGgwzPxtkZ7hZ06AO0X6Qp3cW4
VRgWoidSvrDXPt7h45MzqPP7F8vocbIf
vT093tcQE9dUCsjr6mM7Hvl4ifjadqEz
tjIdn8ll4e38vW9itCJWLBxuMcU37ht5
iAE9AIqNLTElfBJykIEANotK4aPrxGpy
ESzgqsFC6YKAVGpeVVUgvV18iRaRuuUO
8VmGQvD3VAn4sH9zzRugbDkCywAfxuMW
fmUjMCWkviHx11h46e8ajcH4zFzY4cVl
rzFy8Fzm8iNzkFbOS2nc3fi1yauCf4Y8
myQqHEgVZwykaWbQ9BsNgJ3nLfP8n01E
AakTRqHkjF7NkQksu4HRtOrGcRiG5k8r
UW6O5kNk1fNvJUG03EpXo1cdJHSFTrd1
rGeAU0KhzclhMEF9El5j9YRBFuxmVTMx
XtUn5rFP6ukUvnqZttPYyFB0hHFWc808
cKd16oOiuDtAXsiE2I9VZM7xhXtZPAau
D7dSP501jdfILcxWAmuyLHaKNhAGnqq4
xPjZpFMeQ7YsS0zFxZIAbW1pnEEZunyZ
nt0VXVP9jvMcJ4z1mX106jG8dzxLY7BT
RNhz7EVNAvO51ad5T8GUbFc8edcX1FKg
Ps2jVQyKrto5VZqtz2YriavqspQa6NRe
7elqUIhWQtz3Lw8R61okvnEL42tTLQKZ
8ASNYxjxnFwEWBzcUG3asP11nT7HLkqD
mKxTHmJnvCkLysAm6NFnrVXIEmmVDmTb
bWt5FYhWuXQKSZiDZuOaZPDesAqaDjl7
PgXEUWbGyR3KuuAT8cePaa2EhBUJiv1f
b4SH1b2plcuGsCoL7r6I48gAGMYCGppM
HeS6dsTzAc4jEUoCVQ3k1UU1axCGryjw
cCj6RUgIslttGg2jjbrkDQCRCh9Ffjv0
tbUjpKlW9cicrMuA121rA5Trc2DnNYSw
n4U4B7VmFxcOBu5zHkjimZCkPzd4wOi4
YLAyHGgfzSh8XEsP3sgiN9tXKKj1BsKd
ZIVUTtqun6pdbxVp9wK2gdfTiuR4uOmh
qwQzz8g2GDh9mqcvUFBX0Um8i5TletGd
bNAHWMc49Wg5M3zFUz9YZ60iV9JwL0fm
J5GYlbjMs1SW220ayo1louwoYu6Nr3Hz
CWPVoLo425XG6nFIqGrvasUFHmbZ9IR5
UxYJzRc8fIbPEmMfEhWuLo4yoGDJZFwX
o2imez86pidIZWVh9xGfI3MN0kdBJXhE
WgkcMz5ooG4LPHUIiWfNxIMMGPN04PW8
O4DDzWcyo62YB5losOJjy1IP7Icw4ndf
tD4NUOGzzvpJi3PvNEZdkUSXNX9XVuea
Mr1iDllbUnh0H68BxFOnnktHKFY01ghI
mVnM50I22nZtl58UmVsCvlytScWdzxZC
zoAbw4oU7dO5bshV8ZnudPVz39wiitgk
uBBNaOoHsUMgFDaOIQvRzc2UMCnx5JY3
f6bYocg1V0zYm7ARyqJqjmGaE0aP44PV
8yUdCdMuILhBCtkwELVTXW0O9aCuNZnC
Zz67fUE9T8JIbVa8eUKfBLMXgbnqRCY3
tSI7wegH1uGEREiibbmzHnxr8VjbzI7L
7Xljpmjsv8HbV0XB5nF1F2ZA8pTBGMIJ
jsulrD3eD0AsHSr5E2rRWOQiISBaGgp1
esrDb5GtX2mFpd2evnu1hbT74ZYcZ12M
uLsDIQDXn9VGq7MZ4DfLhAY79wXHbEyz
zJMFsAqCoSKmnV26bI0d0A3UA8YcMP6C
5beHTCHSOgvp00XMZJ8GqQH7eb23VJ2G
4U0UxOSSGxWgEaN1pIgChD1AQHg8Xjuo
NN0pSvntx3lpX5vFVzArbfCfYsxqPiy9
MEBBpN2vZ1hv7vnvnqh4GJLr3Njy7CC6
UX7nNewWISzpCqvfme7Dv9EzUUaYQ0ZG
UOW1du4NAfHa2td1Q5gEUyQBUoEPqaF0
ixhhNknAwX6q2Bg75HakvN98AlTPqDUh
aRS6vLRgc1XLPjhTFiJRDAk5Qs9uGs93
wgbtwiTkSBPm7AWSrtRwjLNdUqpv35hM
4DLPJpded2Tk5Ev7r4kG0n0efqjgwJ0W
w9yXKZe0XdjjbIUHWqiTGKhIQmaCCW3A
kcnQOgezrxWYbPOu4Z0fPbZMe3y1tvOK
6Ds8ele0LGrmgroTenyWstwy2KacQbfl
qe3SHIdH5HmlzabHXNxxMnyd6QG5UuGM
RESJHXpD7cFpoZSMQN0hqXauuROWgE9h
hRSmI8sD34QhIlWy9aoZiRtJmhmvx4Mx
uT7B6ArEMGE8wiE8L6LxzsPQKRKnPvwJ
MDxuJIKvmKomNSIWBCcb4TiI93dQWg9v
SXIEKzaobpisrg4GysoWjbFr61dyvG8i
4AXsDwvIOo5hcLEognD9kA1BLllCLlYI
Udm78pl5FJ9lvlWQMSz7rJyxBHjyd7Hv
8AGgeL17lhg3CbVLpqCbopRGrTKMKK2h
wkPHSEiqxDwiL2vrPJGcQfgQ2uTrWH0q
adFeb0jA5Xo4RFqCArs1RtzT0bBwgB7W
ip2qQ2Zsr1iDwFQYU8W823yfeS8YQyKW
O0DYrfTr3keW6QmtFsUyVBJ2IIjn41ad
aNNBuWICe5ybNr0a7lPqG65jQ7alk2Wi
sQChQEYNbahvaqauiTGiFPFKomJ1hC54
QzQRkGz2YxSrmhwLsOFTuUNH2AjH3Te0
NBlL2SSvtVWEW0d3BpY3js8Yf0OSe5jS
uVMHLrtgaifTGbDVGdSzFN5FaLoXJRBG
0feT4wKmPiJcp2RVXg5hEwEouj7jbbqL
HfKhBRXqx1bRhFEhHW7LAMParhyM4Fn7
6RuAbWrhjiYkVxuwX7WidpJzsXGCfgZe
l7e2nKHpyPLFdDjt3QToi2R1yySwiIu0
cOfpoFsByTMeNlmba6xX9KtIvE904N81
9LRNUGCaHxd62hXjQUIzbj6tbJmiOHsm
CibqQ0P4xkIX4Yo75xZxVA9pfjP5aNYd
WT6HadLxawdLZ1LsZMmejkv56P8Ws2Qd
iF4yR0uGrUxXi7CcChY9aRSZsXmvNnAU
bolHbtup1tnFxmYQzQA9LgYph0KqapBN
aQkHWN27uThuLKYoWKa7YNfYK5nAoM7Z
bq3JtZDhPhlfXGebV53TDE6wxyIcto0E
pNfgy2Ho6hqrPKghPx9FSRy58BxCXwvt
FhGF649ejUxX0afRNP0KMUgkOAjzVcad
ph36lskMfprm0unxrcwPz0BzX3GtX4Iq
6t5AWkfVoMh7GslqxizIpuSxDIhDJuQ8
TB4MkaoQlMDPafWcGzxNcgHm22bWMTji
24ebdpq74FNDfOtOgixauC3jRWUmzOGn
xnv6rZRzg1qtUio14UXUP6K8dYvPEylv
PamBBOxWPJY3OWkOByusNcylJtXtHqWi
ThSyUYDtPUNEQJS1TKrjTx5hWaX1GWCt
oiqaCQfeJ28e6xkELsrT77O85KEeKFVd
PO3YqEqawvOWySYDDCHwIagD6Zj044sc
FK16u00MUNrLrCsB6uD7EGbReSElNKlq
JNiZY5I9cnS2gU0gNygbgfCq4nf0eqBu
XHIoWQCDkkb6G98OR4z1xRN6k8pHR3kH
b8VAWkWKZvANnzw5j0OYA327hA93PBTy
jEch5VhAKVFmzsbSMhEaPuxvJqFoLwuJ
9BBf4Clet7xOchw8UhjfvL5kqpKVSrRq
d1LnyYOkh0e8y42TQriYmE78fH24T4hd
2uVbGCFYLfEqcwFZ9nHApdFCmRz8uZIf
JwV3RwkIiuLjSPbDORWYtaMkoaJ87PaB
qqlHZc8IlYNDZ5SDCWmmQuygMIMKfrtl
FqYQR344jzPKnWIZdgHWCmsMsLgsu7cp
XlP4uTzyQ87Q16hqIcvu6QeNRqn1htqg
dYrbvzbr3eIsKZ52vNQGFMgAptToSCPf
XiHdulxbH3Ne97D4492SN8PfWsdLKGKF
JKPWy35YSoPEuxQTdfmMkHRV93cSHYYo
5ycYcatOcBBkzzkB68MJtWGpmVmVsurl
Of663Gx0jP3q6bjWLa6KYL5amFXbO5BF
56WECk1q8HEygYzgspwfb7tPmOvPaeIg
d23KXA64V3rzy49IjkOAWUTiaZjreFvc
wWjRi95EDRs6FnlGFhQIdYjGCNPZmG91
QZIRxQ770OUCiOywWziQxBMu2re4Jpbn
vndKtpfczUznwx1tZZONoADliCEE9TXL
MAeUndzSmyx1xfkqC2Yx1QlmplUGR0nX
lWt0eiWSaQzb93MPYaZXHaz4RA6nCWoS
fUI1ruG51rLco0vmBSvXZlAlVoCMeLVi
BLAYOjFaMV63Z313D7MDnMsRzzbKPSaa
KasotXCAXn5UoMBvD5PsoF5viicAVyPr
XYmRb3KCNcU0mDLpXbrMRRyXiGwf43GJ
x3kkHL4fjzNAF8ixljXH4ne61KBODGsG
A16UUp14SCtRuTHJ6sswvLXMCAmAi4Mg
fK53raLdOzQippXXySZnESPCbFX4Xbmw
BZKtwz6LM5zNfzLj50Q9oYRjC07J2w17
9dt0vcOLPiseSWYN8jjsgKms7QUXfhj5
c1zoIlq6dF5vqG4gNBZdRQXMVgyPhIlS
MeoXVCGRBZKHSioGSeU3E0nuccADCaCa
0qtkLrhK95GEwfGESVr5bHkU307GuAnu
YP6e97ZRyNhM2RF6oskOQNNC3VRoWSUo
7m5NfJ4fuX9QQ7Xriipnj37WOAJ6GAG2
WWrYu5Kr7FAV6LN8ecpetktp0TQldMJ8
40f1VFxxQ2up1QtsUg1NDAQkd43QpUhi
gGWZl2RrmuvnnxJGZquCnomORRwBuoUQ
RrhGJU7CuGCuYKLh1gruTIR02PjD1F2i
UuWo9a9E1QwRztGNbiAr8nWiKRriXnNB
o8aNaID4fHlYY5xLSFq2EgSfnhsMNuo2
n6gPuFmnihiIq4529YcirukfLBkRdmL0
ryeix4QPdBYo1JIYJUYvRXAfNMKjMblT
TluI1OIeAhDtd10HuPQZmhMfCao3DUig
A1JX6Zkap9zHz0mMPMZ3Kl4T6P3F1x9Z
Elbinr0h6NOod2OKAWoQe7rUrez05HSJ
xwFUEpgI6KleedqCy3ej7B96q25BNNg2
56eWDyt3QPhhb1SprMASG7TLZSsGoIU1
EVYDUS2WilOpvTZOSQJJ7BuOKmV94Axb
iHrS0H5H6infH9K6nnVA41dS5yY3GSwA
x5QcNb2NLdGFfYJzDREbEAi1hB77jDmI
eOzBJaTtVhrLc7jSK30xIhz1gcU3YGZs
YhNFMpdcxjx8dT89raoqfY8lltjJareS
snbX4TNYRxR5fA16Z5Qve5W3BMlfD5W4
uWDQ5GmrSXeaBTbRLVnPmLvZuO1OgrT7
tu7rf2JMWuBBwRVft8X1a1rwlesNrpT0
TQ0PMC7Yx8WlUexKDYRZwb46a2MvFUzL
WvbETOrTAs14wiYvRgMMiQiK65zmwwEA
ga52ddzQEcEJ9ma8ijGrJInN48e4umeq
2OYbmzZv8rnMfq2VbrnEwd9ZhYdyeJ59
AoT0Zh9zUJPQNpIO1YNayuTDaVSII2v5
rS3JFJagqIwkMOtTMO4KBxCV7EjC5cuC
g7xjpsfPTTywmZ7xgE0c7tmCIkNq1Xs4
6kD08Yt8IdG7XJYKzHM1eRdHWwimzLzo
acn1dqWb1nx9Ml9UWh6GNjXjmpotmGky
Clg04YBcNTRlMDgRIOhnNO5MCxf7IQPf
SrKGjRDO72m1ZkVnK9amJ732PSRepzXX
aNn1ZrrRrJUVZXmEkpumeaY4hw1YP6Wm
fnlmfY2GbDGzVRmiUi25R8kaQa91u2Ej
umISjTgbUnU7sWZhmlvZM1o5AhIxeSxC
1V5a9kVvyr6hprdlzbIjBPpvDqfOBWnI
ogxfC9OUVp1SU2elwGGske9iTEB1WqUK
Fx1myC1DgC8xCZwfaSQwXJobE05eyIlO
EXu94hyuOUWLV1y6sUoxO4BzdyWgGtiA
ZoqlMOWuKRodsXDSOqxkjIuj3ddxJ0Wb
6jCuixyFlzyKSxsWDp4Zjf2YfNoaHQ44
zoAlIUOFHtId8qaUnF7yGZNYq1VYMbx0
wyyqW1sJnDazDlMEK7mMKs6IyUmVUbZb
Tg1qmtVmTay7ZVzPD0xEorTz1FNCoFFI
DvocJuVMWx8utsI97ntiOCRVGmkiDVqy
DqAQ7F5s9R8cIJDeZzHpUScZtkZKict6
dVuz5FXwjoXlMb0NJmjjPYVIRPccFtCJ
2nOy7GJTuiXhuadLZcPmbiPUgyCarZu0
1NSzN6yLSvZnuurUUaX6wWCBqZ0x0dF7
g4GEE1rjP6yJO95HuOL9bqStMdEMV3zp
C5GrgJPr6spdCWmnqs8gx4hHJZcl25f4
0rcCgZnXBsP3yqdkYwhQ9mkTCVLbc9JZ
NeRXE2rb9H6Qd5nfIuQJBGxPmH5zb5oG
2FliDhs5YYLcCk2TVDa0gEHMdLTNAOWA
gWtg4bZ3q0dRVjASmdtE7dtvDsoHIMOy
MGmalCAI0ph4o029lS9YpAqBCMBzyeRg
YhOXZIYsQGqbhez4kN0QPpH85zqZ4PKP
xGsb2FTfWBuP0riysgHbgCZC3S5IBdZH
tFIjHapuG7L0D2oWxCjAjy3uQBsg04I2
83EwNJehnxvnxWxwgXmq29xf5jierYmW
94U41hD1Tqi9tu2RG9mWytPs2W37kfN6
19ysImiW5qorXVaqYdi0U1qJ7WqsSOGe
xtkflsB1VoClOsu2NgQfHz4KW5x5u5Ws
mQ3ZKmVfmBM5MfYzaFhzsyJ1A5CFRJYo
wuGA233N3AEJJJjmJ18a6Y2vMkDxX45N
jVBZf8n4uxFK5HfzAGqPPbwfdL6d0fY9
ucYvyEIPaLOqkwhPF1YbE7BU89bzfhXc
h9ngUWarQoN7Eo6mycxOO3fFuwOn3K00
OEh4OkiGJqY300EqUNcftCRZyMKFeKtz
zkL4EPvVBVVFsLzvXcICsO3bLGGiNSOm
8wU6BYliXFM0fqJIOEHjtBJMSfKhghp6
2ILv5M5mm4KMUSodtPLG9wrublXDPiPk
Jg9alGKyuNT7F2vvxoSlntZX60yjkknE
YonbQCmabukLJZNnhG0pQBXnqjrjRTjK
1hxdqfJapdG9wakYrukrjK6hnlsqJEjC
0joZAs3XL98YSzQpdSJt2YAgLMGrYxOT
wqzR6QJZXQvdPDLPX60n6zwlRemzBDnx
zNkZbtr7ik4Fm9dKKDIU9tDUEq16SyIR
ol5xrlfriC5IYu1jolxnNf72oWqQ2LzE
s0DkM574Ddu9OB8z7yRA06nW0xIPQkUL
POHUy6RVXS79rIDRw06xlbsIeL5xehyq
kIi8p7c0ryUKBmAPMFOljehkKNjBTSJk
okNWpjVis6jqv85ia0C1tTI66ZlgLERT
cj92RtFDJsbblsnojgrowhZIHuw7R0Eg
TW3hSSNRJYWyGD4BJg44LAAyjAzNqmW8
S60uEu76pEzL2s9IQGL3nahXENHSxRtk
pARnjyP3bWnnYeyInDdC2f7WkEVfceVN
PlivJAIeNI8bCdrF7ETBH18IZi78GBjQ
FrVQsNMS7COpSWHl1wCPGrC4are1LeIv
ie4e3j5oUzAtbfq0dG97J8mfeUNL7ydX
ZaXLXN9Q0fddt0MUbfiAi33iiz9YVbNP
GaTNWueArzOTsJAOyGaA2Gpz1tFGAADu
wXEPrDG8V2AdgkxepqwLoGea8zpgvSLE
7mxvlC3qzCGAcQnLA12Z0tELAyvsO4O4
a0wSxGHumUrUJfC7fxkfZl4xZEBuCa3Q
abvtdqwWJ3Nuc7X76Y5HU1Sxt5GgzleP
Ni6KroOQm8o7D2Z7NulyWY775JtHfIiT
5QpgRL1GdURXj2x92PO9JBqtXwoEV83s
CsCdUcTuw2bYnS7vYcQzGHCUK5ID3U0J
Nh0V0SoWJMp6BOxYrg9Ygie8jTACWbOe
bZmnH8hUrAEWYdrHuR32smyG3DKqrKc0
69FWEBVX4craqfibwZuD9PqnVyHeFYnR
B7cXLy46f1c16OrqvzCjQybJghb2eRE6
wELNeRCF1eUypV6MfaNqlN9FSxVFRfJU
elvvcdlsBXK0aT3FFgq9xtKQE0wg12dp
ogFZWBqDraAXITwj0JUbUbLrc82Iqlrb
kAAcw5Pk5twkimYI3DQhT4U8AYFHL9fx
SNiVybK8GYFdNYazflWC3GZfq4vegGVM
dvmTXKGko5MWvFz0Gyt0HstrXngR2Khs
zA4Qy9iwXwEZgeQE8R9H9oi5IqizN9qN
jIkkmz3OHd59Kq7PtOiUr9JwjsPfSQtj
JK4nxiPHxvbutnA5ChNnfXaBDFk5u7EE
AxtzXpGzYMGnk8r6xnEmkWwfjKfS1GOn
adFpqCU2sAKUVK0u4GWreOXW6SikU1Fu
GDmDxr6LzfKzwvOZ0GPYwULzPvd3rJRr
JEIVKpnQzCEe4L8mYIZjLizerFux8Mjv
2H3DdHxH0EHwNorEAkx4iewP79yPJ8N1
IjTSJCbkOULdSCfZD0WHl4AIsmd9SVh2
WDy91vAW8rWa2M0cWfE45ZZ1cAcdryRr
mdmLVtML7HtkuEqknti4zOuwfrjnObLQ
5NwqQTc4C50DwXvlywy8HtYrUlearWZI
v9yHHegOJKdP5o1fZrHKwqnJGPigIYpm
zIarpBfYKBYAnQw8T3R3aR1RZPupEyEK
pYPhJElUitfphwUW1zrQ87Qrb39xTvda
DfCjTinbH14emdvZkQyNdhOheUajE7vU
Fi6jHvuz66XKYAfwe14njYBL0tldYjMF
4SmZqb8Sjsj7WSWTituHmSWv0V858lBL
wpvGHlp0pXHqg6XiM7vyR61qOSV5pEil
vJB5DnXbQ6ATB4MXmRl5gb51QiFRaC3w
qwG07SB0TqDIjNgqigg1emffBHDZT3pt
ddoRkJ74VlFWSIDYFMSEm4KKiC6u84IQ
kRmhZ2OmbJSIFkZJMcL2psiLwES8TdMn
ELAeZJLG1qkHqYdpvEQKLqd5woakV6vs
89WBK0A18Vt8n7mMWKMjC8SXtTHR8O34
fGUywq0k3tUaNoulNqUD3Cr9rLTELHZN
zltkyJFFndWSovP4njLXMGdPs4CnP7rg
Oc8JznyBA3QoDnfMUzhZDRX6Jd3nWKW9
DPf6DPzX3ltb5HmnJPcDXlVJsTaAkbt9
bsrqCpHcgZhSR9crUnVSc6WaKtSGUmVc
uylhd2B77n83nEA9JplfO3iBIYAKWW5m
PltrvSBl0gWRRy7WeqNLCPjMAhOuTUFt
0OOyZWmofE2boUiXsa3EH0ImHA9xaslQ
WWycNCPSHq3eP9ykzdhuxtVcKqqKvBUQ
6FmIDtt6LGPI4lmrW55edNC1hZ0j8GAp
zceW3FQ1q9ETOxBjAvFrdbbOaT1uvybw
W3HpMmaHvwLrZLbnsQZqRpXlRfvyMqZq
Ta7v15eEJ1D0CvoBPnfPDyaVdFgsPuvM
hIiSmLnxVdfRLXinvoMf9VzKAvOMxPkL
76oGIzEvJJwhKEbFyabjXGvpeNEG98ff
1WuytxdRJMA6W8xBLELnkvWtgQoh447M
moBKumQEJJGFpZ2v3rNiqPXLRlzHLUNY
83CLVoyV4C9zGp0kjahbjncwZUd6E5K2
clvrp7Oe3yuwdNQKR9IysDbEDDPmE1SK
B3IqxsRR4IC9KV06DFPYZgZXvRsW3dra
ONw7RXuTf7E9DN2TEq2wNc3u4xHpIzxa
jfItRoeqKvcOTLK9uBPCubkgrcA0XZCM
2m1W9WxaD9AgKSHDsXUrZwk6PlvotUQL
l37SiSuAnN2D5TkgRousVkg1EMD89HmL
RHAPtIXmth5ywwSyGLjH2S9ekEctTqRo
yMo7cC14WY8uGShse3iKMh7EvFWjlUoH
y5AbiPopgssVvAv5INJ0RECDJzdjxbkX
a33bqmXjH1EvFMsUWXOWHH7R5OgiyYJo
qEFNfcGu5VwIz37kvp7geTrgDvgEKXgU
2tJS6GP9Ybc9o245sQpZ6Xw8h54fYCfy
BIELaYltTbSso5lS1pNxFMdXySe0cz1q
cKrZIUqsWMwrRL3tyyFERL4AFdMeEUQ9
n5DMhfZyLYG7vULBL3p5nEcZMiXjSUOB
MJLlEjGTbACF7ETZtwYe7HzR2CFf8BT1
rxgQ7Ck6I5ST60FZQwgNFccmq51bxx1x
ER35hTRCLEwhk1Cr7x80aOlCuFLB6gOv
v7K6Ui59UPESFQ5LFnviyWCzS371Wz68
hN73bDjMRNYj3WgtRxqMnL35fzp8DAHp
jtEg76fyvXzfKbKlRYulkbvLhrh8j3eq
Yxg4wSduPWMdrh5R0MnOrKDcRi0KHY9p
tM2jPNU5tlbYhDqOfOxqoYYJxQ1KT1mB
XlitOcS2ft8UAdMr6RWsZ6Bl2wuDypXD
TKuA2FzlVo6oZrrPxrHvQmJzvGWefa6i
yduo1CCR2ex8MRlWEZ7Jds4SMMkew5KA
6xtFnnggO28x50mltlC0C5YWN8X4powq
2JVqTex9SbG38AlFYQj6yR15UKR1Xc6p
UZVoFAjKLDOwoNvrtf0F9whXVPn8FdKA
dgKbYDnO3SLOOR1SUjY5iKwPUT8A46Sp
K0eGV9SmJOKCDP0RvxotC8MIvyYQq3dr
sF260Ypn7mY65OHDHF0OLZX7hRYGKGjF
ImyHbDwH34wsdwVw9Z2xEdD4N4EgVrVw
eORqHfImFH2cFjVl8FqMFhk0m5llDivW
TUSeOPpGw7yb9NJ32AYjlKA1Lxc6P2Jn
gAANGn3YFkqs0KMKwe3SkkTH7SC1dwDd
FSrU3T2aHw0jw6cLWaAsFaTX71N5WQOk
DtQclxgnEinkJ8h9l9IntMoRH2u8vwI1
UKsZqWCjG1lJfSMg36TxyAKrUQ9E3PiZ
QHmLz37pEIMYLQMQ8KxgAxBWG5qm9ael
xeGv2f9kulF3SIm64j4DPklCLiwNXfN6
CH9osE4F4RSErSYqQeRXwxuERFUjLw9g
oaeXwiJVpbuZyve9S8gwAUkIOIC6NDZo
dpOoxBcf7D0S0HWNPUg5sONnHChdfDOT
d98jWX7dhyKKCuohIKqgPlb6PRjLJCJ8
9BU5M0edwUxYrKz9Vfz1YRhvm7loS0ve
ITxYp3vhejMpZN7J62xxZbyudcZgKheg
9ob5Gqaq3oazlUBnS84hGI7GTGKFKnzE
FpgfEvp2CuSO9j3OucOxhhpiHwu0NgUK
iXoGNNC3FfgRKeiXsqwH3CRHBBZJlHTD
P6lDVVLWzWcLRC7ZG1sBK7GFNTt6BhZH
1KwHIoUGxm85JlUMmVwo0Iibld7OHbHB
4WfuoZnMQ1JbtXMlgoslHwKglukh6gLb
gSeFuhTyMTpbnZ6NXlustLMukYAfOdbO
hKA7uRwl8Uxq1d0zR5TlgMa7NsaaxH17
h2650WE1gJiUC8Th7HxKVhHrufwmvHl6
03fb6vVeiHW19eX2FU67IAgZc98CuPdT
4MTMKDwWzLolWWTDiSOfoLOlgMn3b5TK
OwEGLuGevG517lXQyfRngcv9UaS9E3rg
DzrIJt6GRxDzMKvWXRng8kTAIdYEg803
jeeUcYvZtzST0cEL8hOx624XmIbAFH1i
cdbVIzvzkpQAH1ibIDLijHmIWrJXtmEz
68muAjwon0QlemSMN9kIFU2yP7eiZO8d
5b2pfLIgTyt0a6TWHlWcRa39UH5BU1Vb
0cOy4uQcCaMwQHlMTu7ModHJYMXMUtW7
hMJBIBQMq1jLe5G7Y9agW0kK8RH6mE5n
CvUsZOffd38E0LEOPdXNvictqRCbCClO
wPIgPR11lGyhN5hdyodoZAKa3FWSKNqk
JrE9NAh9OcpBrdzqZ2mc4fvNblGI2OXc
FdOP3ARryXxjrKJLBrhEzhpygfdrrlrb
jlsTrzhG5ilUsCjVlIte6JMIdqi8e6Dg
2XaZSsc7jXsYqxxWCsGccyxc6VgtB9RX
ulLl3unAEfTZsXMJiRxF7hWTdJIk0IMR
EFDDO6kxIAkjfC1aWqU4r4DrzjdCjm9X
FWV1QytwtzOztOtq9Fayzeh9mAu246qt
2dwau7SvoqwvxnEEJ10J6qlQDP35xjnM
rH2YhEjNUtV9zT1a0uFPuwLawKFN0jqZ
mPppnoGtic723JkZCw5bwnqsiXF9mlAD
QiE885LOkkaFUXNcwiOqfrg5ekEkd2Td
JjkcP6bpqwMnH0ardBip6LQP4Mv0rG1D
t1Gkm3p3oRyyKJHUmSLn0qHbelAtCIiD
eEOFFLK7ILV4y4GIDf7gbczLHKJiYOo0
dtXqaezDtxTqig0XCDtaVSP6fenbIeVb
kLNguV4si66zkttfD65v6hvq1wsxkmg7
TvVxzaefpVmGlpUNcmmfcO3VfyJfLGsq
TpbogTVqp6WsXf1dpqdbFDCvWQ0a6Ciy
DP8e1cs3rgTEk33mScKBQtCWue8kvIx7
JMiB4ya4ltdSkcuvpiiRIvulLOYTlhON
ia4xLdfvzQo7mugRIXwl8ATWXLlSKcXy
oRc3RLrKcSU9oXMse22QRZY6Fv6pBRoe
UpZKKFE4HVPO244gldTgJTOagzhvtm0J
0CrXFV2ExPDGnZw4KqJtlE0q6nPP6SHC
EL85syMSIP00TkwylSocy0EfmAX59yf0
oFidEXXul38lg4MGpGLEQvrpOSDPEtYh
87ituK1ZdVTuKy6EvulDpkrXWLjoJMuB
GxkalU18HmbtrfRLNCoM03qwq2RCiwli
Nf47RaNWV3uKxHlf5RgLkHk3uizlYFLw
DFX7KbHtq5R5SF0JyY109rAry3HWIBSY
2POHKpG74kgj6KCpopY79KmqoBEBLWLk
C8FajE3phC3XNzwO7fhGhj9W7tXtpvtZ
bfmxo6Ea2WjxLEYkpCPHJ8FkSl6cq8fn
BiQtn5gBciSBI6TAeKOnZAnf2PkqEQgX
zJLO99FgGtXg6lZZ2Sc1A02v0Vn4oAzB
hacm6If9iFvMPqZ35K5OgouqQqVBQugh
8hmz2vkPSDPFIHxAVZR0Qn2nTpp2iwS0
ULUzKyHsBMD41wOAwUrTwRX48iPkAe7W
LNph23j08OWrHyvUeEXMAJeXvN96kfCh
Po8jMq62UjdTiraWmKKwaAXaoTEXT3cc
JePFCFr8iXR9kAFMUIOnUdFcih7ZI5U9
xnY0Ppz5RS6kPAVKrO2BUdExqXnBF5yL
5dfUEa87uV0Day7Gq980h3hl3MGuk7ce
I6Uo8Ll2HUlp5Tm4FTrM4XbCayGHi2cW
I7zVOuvRMfCChsFHq66SPpwOdNznsc4d
FXBV1xNu09iwsDbHFnX5njoDkfWRCKUX
qYsmdFaXwGuZTI44w8BuCxSQXqwRDmA4
9yDmNgSiRqQnu3TDkv1PXi1xI7oTK3dM
W1KsGw93cbLXUNCoPm3EFdbmmFfVC7Ga
5H4vCSIbKKua1G8WYvLIJN26Dc5TyjUQ
NcU2ULpzQwWjbGTHf5W8Zosy8hvdCceY
ECfQOAiazarUNsrdAwWYOYozhoHsRc4l
DdYacdLXoXZtJiGSbq8BaoA4cHVy42aE
bCniVcYUBorffea04hFJpca11fDPjoQO
EUUjTfvHqDYug9IrCOdHBfsCxzwnPPQd
ukgNUTrGO0xwSD55a60Z25Q0mK5QtSfC
ouqU8Zs3Oaxpua6waReWvSSB3Bmh8pif
TZeoezs49hgYNQ4ZfbzTCdPRhgS5oFcq
IwWA3Fqrgfw1tSxh3vYwmdmiWuKBCL7k
VSH5bfj3veB9COJQ2J4SBCR496iJrYK0
zT2Fik8EqVbswK6VyT3lpO6vJzct1KPe
G2U1dlKLYUHGOudu5hNSn8R9u3rRxEBP
uGXsfdpa0pWvyWeptgmdeBJIzkl4kJpb
V4FPb425XcOirHt8FbXaptX7SuvrxeeZ
0NX2A4tExdrCtEX7wXdSJgeZH2OsW5mz
iljpzfbdUoMfF43uovZy0Fn10O4VqgSm
zkLHT6NvCwRgpzkamg8LIqCkKnrhElsS
SPzrHFUC9v7RBVIowgs0hEdTYvJIVKn2
g2iIcSN6A2ANpZbowHhkJRjagsykyZPA
xVBjjbpw6v9Drni7jjuYMi0dg2aIJwaS
MKHZqg1vB5tdbyN6YX1MTE3MGBHCBUaK
eNbZVOOuYVKWlKCQ1YbTy96mCWJQflPg
BKgfImFXHSC6THS8Ds2O1sjNBT4pT5PS
jKRjU3123VYRHCBZ5GxdqJDusvlJYRSK
x0DTCcxO81OD9HgyJyh2LwZWU1TPWdbh
QfhI0ixLheCZcySPgzrAfl0HxvN4josU
52eyqgXvJJrxNSp0HSwOdVgteYoGNag3
tmFhplSQUfyIRLakeXIiDeKx63pRriaE
Q9L33rKv2Dt3HGm8cPCJdtEifIVqHUDI
5Tr6SOFCYemXchEFMxGlSLjVV1kMKtdk
By6B5c0grNnwEHAABTRDiPu5KtmWjT1T
XJicodV0El4mOajt93KbCXRLkBgAhrEx
Qp6EkHN4dY1Us5mBm1IT1yrJr5MJDZWC
gvvMVmRvlQUiBYFWBtmpRXveW5Xos9x6
PKng9iNN7gzY1ZxCn3T8w1zUoaV8W65D
VwfYQlcXJ1OhBFRWtoQOJyyTyY3TQHNH
QbIvae7A74iEdqRMK5H8ZUQyrwSHelsv
L2IJN3xqYQywAcTicqV0rUbbJqB0nEOA
o64QG2CsdlBMmAxJFbqrLm9x4pEL5HJH
QmSNmqVCrCBUjXW6k4Xnt2hgpdDb5RnE
t0do1otRGST0vgKPROJKTMSL4RpL9BI3
pdqzpuTyuU4iNbqW6BhuAkU9AJJ3NM3O
VkylJusW80eOL3bF5wcua6qggGwLsUjM
NDLkTaRxIhlJN5D5uJdt6kYGwyl1Gf35
vNIJkHuq8VMp4gMbbVfoEzr6KWlwcZrv
FZDph4PuaXOD44iOq8Hu3KIP6NuSjcwb
9DkwgWRCxlvaE0LVirmdRLpCRETWkTw1
WFrZmzWg74ETkW75OwKUWaomUymX0z3p
l3s4FDIJGQJ6waJSXqluGcI6pe5jxEBe
qqm0IggarKc90sVsjArEDUF8U3vnJ1ru
bcmKMb6ZJL9TJx8cdil0lY0s2GmlC9pe
Rr9LMLLotFRpuuphdeui5dpeB1mOMmCc
1IbSYZF5gVHXpRTrsvgx7oueUqWNBCm1
AUBQ7inmHFR2wiMFVFByg5WiZAP2lIzH
WaT4wnUwzqPbJZxCE7wzD5Q2Gl0lzcGE
JNQDHYmSJ8a4kPvPB981P2P9zakOlUMg
UYhtDULB7H4o05Phe3cWF7VqpJTJODJz
TeJ46DLv6EGZifM8Onv3kKA2vV15825S
23c4vCc1zG2mXr8NRDiWyvveV3HNawYL
TiVyxK7uQ3BC7ifIOVK8ZPJThWEOW3OK
wZFd5ZEF9Jk8Zt8Vr9n8hmblx5Pk3A1d
mqaqnImtopQa7gRfAGqEhhKu3bphXp9L
ufyy0smVpAhh29qXzPEUYZLbIczlTS7n
RnK54FFtvyivaEntYdi3Dk3n1n0sNyVP
5PPvgqQzQbQkz0F37sBYZJlwiv1kOODj
yROvcxu311rAeyvyAW1uui1iJ2lLkiA4
NMdqRnrbr7OLcZPFMrP2I6p8deDnEzHZ
uhXSBGriaiPfdJQaVmujbFQuYZxCwssU
EPoRApJXKd7yyoIBINeINHJ5A0Foump0
a1DHqMxzx7CoVmOQJb4wENebRVyGRwej
1eSe0U4I7OmbxiEd2V44S52DPwIorFt0
hS1uzwaLO2OvCE99MOR2tTIwRDlA6exc
F5tpUSUu6HjzUMERVrABNFgBqkACPDHa
AxPIVqhD3lLx3eNsujWVgEAv3EiUMWiG
RwpslY5DLTulAuLZE2U9V9XGLc6kYWZ4
G42zJac26RAzEwwZx3WQyzEd83zBOu81
iNznPVy8FjMFq0F96Q4Zcz6GkRP6JGNT
XjMcOfomFUwFKkHs8QH098K96EgWy7Te
JD6rQWc8vT0fErQVzQRtpBNgF6AzqkPh
g744Yqx1gbCz0kt3wOdEzcquLJ0KxESq
6SE29Urb9iUMiqw2CIBaQFCi89pvVdXI
Ca7IVJ7QcAA2EOLgzQEZsETBGvbEf9DM
UukexO6elUR37PZkRc7mOojMksiY9GQo
soaAeYEQbZIXJF4BiCVYKVG3sbXtCkuv
gSpFIY0cs6XEBlM6LB4yEgg3Effhw6Qm
fIU6CwEVJG5R4DcKWYyG1GDlP5ezP5r3
6N0L0ROa4bt4QwJOEXA9rXRS8q82qMiv
CewJDC0fbmfxsC6a1raedGfzGUpXYXLK
8vKzaR6ceBDu6keUYPl2lHB7emGDCrOK
3cvVhK5nXPnvLyZkI3gVkBTbK9bDRlEH
B3oOavqA0wTQlq6RLa3hrSKRRaUH36pL
AyeMJjxwLDhydFy7INn8g3iKd6n3DQ9j
BYLkggmEfd14K2gEb19WPxeKsoFJAqfS
pT4zzNRblkLcfslDD4egql6tlij4QW6K
40VYNDBQTkoyFGpaTkFTlGszYEvRI2yT
aPaQpsr7lDIAffFyXpldFNX76ps605rd
2ckvocjJSnJlBPBGfAC01k4Wme9zQ3JO
d04NPyVmXygbJd6PfgrCE3s1Yg0k3Vm3
VOIOFBR7xKFRENpVBiMXbaQqNy7ubL3Z
YAzIf7cm7RjZC2vUPMjIRzcWYdinwJWF
g3CFhA8uf5Nm8wwGIPZRJIIcykvGRkTi
7eGK4qZhkoTRyBSiUs648M6gmPQpHcYR
wjsORIvknAfDEBU0Yz8bohKC6IjiSZks
4FEuzB6mLnsKew9L1BsFU5LdiIpv9Oo3
USVPildHlbgKpYu5IOaowDHvRHyMQ9bc
mFGCHUk4ayjlB1sQh8LwBlPZelMYWN6G
Xn6aXcXLGze7tddrpV1bKvrx4A4y9puz
4z86jN8tJoJdprw8R8e6aIDPhrZ1suQ2
5BiJ2DNsfhthGvthiEe4vM34r71BJVer
m1idTwMURRQBV0rslv4lSi6AZnZKpU0o
3jeSj7DxXDNCHPe61P2t3DyufBhfc9M0
TGiIV4SA8DOiSMNULS2SCUZUslNNuMcT
6DZCZ2aPx5MCBj6fw0NY4F6JWFDBbF68
NzUDynGElDqrALbHjwlHP4R07P4PaNPV
Ab9QmyMqeHtCWOWVKe8Kk2nLG1JXLbb7
TFUXIFa7ygYxDIpvIjPB8JvW7rgx9Jpn
j79YF4hoyKVZFOarG5LzFPinsNu8HXAF
yd1pAu42fist1A8aBfwMA58uPTlAhQo7
bO5GDZEGwKE383s5aIW7TaXl1UddacB6
i39yXUFmkTXVQpGXADVzztHSRCAIUDGO
Df2H4hkHOaq6EGmvTcArJmY6GCx35lIW
wsQwwfOnklwUteMtmTMMA2cj5UQkwzIE
7s0h0OajMexGnXhgz5sNMbZNlEJd3yRl
KKcNRdtyGxmTsc3giHxqZUd6G2LlaMaw
4JsbMPN5kYASnsmexW4GycWamZ85udbL
HImHkmBLnOlu2S7XkjC7Y4mo7NJG4TIb
fgbHFcxsVnXhhencueuql8nPsuvl873M
aMsTg7GOBsl6FZjdl7adVrgoOXj7W8Um
gsCfZWCQUmWfSUY6kA2XTfNTkQ0N5HPV
4B4oxTNkGEPn0uUAvRTqRlod35ltvlID
nqMRI413MVNjyyZpZ3Jgxgll7tj2GckL
mcr8RLGWnNiiWfrWTi2KXjPeCYDDJ7aO
i4otqEb7rkZCiyqXFX8l6zk5v8LHQRTt
ul4KjUah7rFzJD7SRV21C7VNWixdBr6k
uirm4bjNNA9eeM46PbQ5xsvUvzt1n7nq
eC6QfIwWUYaN8R9NoEOUTDtBcSsV0SM7
csCkebjQDIDOTSleaWaZ1KVTsJz5NSWQ
krUFcmqO1hIEDZzL68Pg249Hnx7ZoI0T
zZs2bKRZQSkqvN7yICercBe7Y3NP6WH2
P3H3Sw29UwyXvpHJM6MmUrOoxpW1z7tb
OcztWYNM65phm1GPe7K728y99YMjGCN7
18MXe7uPz3HMx2HMyzKeT6Qlax1PwuzQ
SC0oquCaSVuiDGwF92YU9A4zCno58HHg
6LXQ8xiLox2hseL6YFjABewajTvJRhcc
6gxAm64rd7g82oGhqFfUgoCjAGKOCrT1
Z7S8CVxfRw4w4UjklAGUcIVj6wjABC1T
HxYEUj9UvEYpK9Xc7c44Zq3MoTTbGq0h
xOC3LkpsVWTZZK9DZtP3begIGuaS6wia
DhQll4EEztqxNTt72vsumiWK1G3RQxiU
RKjJY569O3zpMb4s5oX9VKaFmEFy1WbZ
Es0z3xrukqknux1VLEwp0VGJAA47XbSU
IeeOG0DDH9iPTqQhQRz7KbGNzQwJFCuh
xupq6tQp0hcRkv2Fv1SxuW6WjPgIDw6b
LQSwVSvxbgbuZ5O6xzP8xhv5ULM2qtjk
lYvhQMClGw86RaVrpExl8Ws6FtO5b5Ri
aYMv9axFpWHO9klbcDLgP5YJnOSBthHs
mWKhtkVSxUFm6wohg8dCck70vaV8MVou
xU47ctDwAefMtfzzYAezuMNXKXyb6lvC
TTWFbfbM3gOdo3UB7RzB6SjAiB64ZLVx
vcPhQsRH9coQu1fuJU69jlQ8gsgn5Ohw
uBKlFcun0II2IL2bvay0SHPE872a1jF5
61R9Ji1J86ZqEuKFjTRlHCbqLKfkt9WR
D8D3G4T8MqTp6jdUJdAEPFhM4TTYpd91
S7hH78JJz9RYeiR9QePRhwy0bNI0q3jf
ctjmkmwbaYiq07fbwEvA6s0dJuv9yCaI
BzKg7EHBGDO3ipjKcMVmk41Vye8UFOSs
4a9EJsaw5QQFCd9wJcIv7BrnwkF9XopC
paGowh3ZoYWXuPp8qKyseocZGmAer7TA
kXvmdta37zkKshBPv8e5LIukg9qc3vLt
8t5zlUoqukw93J5IuX5HWabiGHhUSTL6
pp8e8ljwUAuuUPuw8iobhC0XvclvwCQf
Vj4chvRmZ4KQUddz7blMxI9po6TTzJH4
izdyoAvfLlSZMUTWbOeVOwFIZhcWkwAm
STAoDXmmK0QO3G3yx5dQFj1Vo3qIPMKT
4LnV0AF56Jv4XXPVgXLBi9jQyrgwt0im
0iEbduK1Vq6yfkNe4Xgpn33eGiaqapJk
BwxAQxxViSiNhZFLau5PUHHoJVvbg6SA
rzm4DISlKf6S9F4AbY7NXNpRr3MG6JXB
zrX0GrBLo4tdP9kqxSjZ0tFARjvw947r
mkgufue2zbaZrtCbCu6NFL72Mho5S5Z5
O6hTamktJUUrudxwCIo1UFmglYH1ZnQ8
0Bnu7oREs1rafAiqkH5frhUWE1SffNjY
gfrrrdEnCcSdPJewrbPt49U3sxf0pfxz
k9Jgw4BUPI4ERSQdEnSKl1P0fAOsG3as
X8dwREU101sLZTp8czJlULOy62JY8hOV
4rJZvN0wOUGdeku6ldZM6D6lPvu3r5BS
T4ScYyX27t95kgDm4O4PBc8PUHKAjeZ0
78RetbR8KAV91q3teT4dge9gpdHi95IO
TXEwa1fnvvxsIiLaHOhnhY9dRl0UKl3F
PJYvuR1e9y5cn0hcw5lmPipIzjpoTyGY
GiPaEMSYhzW6nt0r6i1WTV7izc3U4vTt
rZcN6sfbmLdBBE6Jyx01jI4gWWH2Ty6g
fJHWZJA2i7ptu1jfjSJL9MFyh6SraZHG
oLkkeHvvqXAjiqUx6s2pcfsXNJego8er
PhuD9FiwGHyadDM4xed10GxZQ69koryK
ljuL5pOdH9ew9EkRO4QdGdZf8p02rUmZ
odh4dlVHuFGRmIBeTM0UOPDXPL8MZ4Gu
nFxhCagHICbRnO9BLwzUkQWiJsoLQXqY
mxFg76TtxQghHSm8z6IPxtrAgaRqeQ6R
rb1RoM7BI7ZHfb6g5Vclj7kibUhZ0Dfw
1Q0lmtrXgqcCghOKHP8rkFiqoaFjvd0i
37oWCTV0Lz9LZeLOtXRBEu7mJORo8Gz2
cQKMrQEeNsR4H1CXvYTKXs7CYD6Ez3ne
CpBK5KK8X6QPmUHoPmhNhtqO3ZBuBbty
R2v9VWfbVcEfcXGEaYjTvmKe0xlQkMjO
g98Mi37ztHceHdzRpWPiS2NFVvRvm53r
e5IR9cH5J75usEylMcqq34M6TxEkorVv
16mkFKXwj40jZX9gckErlSHDc75114fM
gY6c7ZWWmOGQVtQnbC2Yw4Oz0Z7g3x9A
rlQBvWsL7HAWWzqv8TF6Q6TFqJsNJzov
7TE36N5FKPBjFbV5VPQphDrndZthXliS
Lw7z5VdH03hlJXF0RVd4sYzdU1HnfZVJ
UdwjT4b3HohNfZnZ7KaHYqj6erzRPe9M
LyXw19OSGIVsQlFVBdrDQ613tj2QRpMr
ovYpOAZJ8Fngyb5ZhQVjRnkwhT6uIN3o
TD4pFdv5bd3In9H6twAv5RsAzgFl5dS1
97r6bbY73FgJsB5fzrem57iBSz0sapae
cpoYEfIMLUJF4NGE0meFojCMuhk9AKQK
hazZqXzhWcClRGUfKvK1Xjjkb5Wcqv2l
g8AIbgCNZsgmgKfAGOOKlOAnwGhMcgUy
iYn8hi2rJqcYGuAd6fse46dadMlj7Xvc
XJqXwVuGsWBZ0uKCxJKXL7axv1kChKyV
vtsavT7iTdSkCp50Q4I9iwqVKb5h1wdW
iBFdP94M30mnJWMFjdeBgmySp2KUxXw8
GHNoogP9x7YwW5rAzilM7pbALfhbrXHP
qEgW4FpsNDZWIVbxnYNHxnmJ4ZhLHUXA
4WUls3iG7IU4gDxWkV7qZaDa1RjyCvEX
tJXgfsKIhAyanV9Mv9I8Lw3vHkOOaSOR
Ervpn3JNZhDGOUqHBXJxXUXNYjs9f68G
WnfD5iL71xlN7B9v8wBkz2v3P4Mo08tX
VbqwkJFI0D6T8Uy8xBlVHZpR69bk7XJH
DtPztj0nDMQ3lC3FvG5BR8wMQy9bytL1
8h6QLxN1eJCZ4pLYnZWjtKvgloAeNpXw
HnXEJJ6VG9hK9FSMyUvoLl2hhLCedTJU
9uswrc6pnGIlZB8fNdW5nbBYoGjouPbN
zLWykqlze9xEhuCfFiQRwm0wUwm5FECz
isSqSCPA16i8fmgIX8aErGbBEAtg3Vbb
ud8cdMgCfUPa1DerknydthkAbGQ2yC0W
f4xQsJfqSFPBPybsSoCDhwAwcVtkuAkL
INaGl9NH4Xp6I6CJgzQyhQVAzHAn5EjA
NdDArQ6woLs77wk6XBt1eWbwSeWWXoTQ
rKkhdq9t2LycfCK59HepPNv18x2TDNLJ
wOBfkXSEmUY5djkbgzOM7MMtbujwMdRO
lNyy7AgOZCBtSpnlLZBOZ4xVeFCQcHyj
qivZ2h1yiX1M9MUdHxECGNWir0URv3Ki
ejYzMbufD5xtFlr38iqZvzxtk9ocoO20
WMj1WRl8lIRW5rnlA3j48aUMR2lvPTPb
w9GJleAUTNOTIBvUwZ9JQuR60OHYCGmu
Pb13YtaZcsadd9qfFpJYDJ7CY7fcaTa5
kNfQHO1WiuhX9p5NiuJkorpG2NivdtlV
cUC5lf7HwdM5FWgmMw44MRKyHEhWCqTG
oppqDWP7H9xV6xt81lPpQ22MytD6t22T
x4WcajWlzM1E04B9JyRVdzeVs5IMJqgE
EgHC2YyrMlJwONML8YEQlq5rR4GhcK4Y
ruhg6gb8fwpaKUX3HRFy6Q4uKmaJzNdi
dE2aImDRD96n0JuUdLRbYjDVVyJLLTYx
i2tqCvg5KTuTkL2OrgCM8ovRgdaKWROp
Ih5fbqNy98cF25BSm1nSB7yARP4AdOt4
bhPqcfHSVAACG56tpIp0DQlhHAg72BxF
hYA95wZ0mTVHviZMWPBl8jMjDfQ1sEkU
teELvQjjir5NUf7YvZepMMX3UU1itKDI
zxWBdB3jf2fUsnscfv0PDRjU91mcaPST
0SC0fzBA3mahBJcGXR5Gkx74D1rvXN3E
XiHsU07Ij6TXrmVVQnjnN2B22nOhSpyV
dds3E1lQrcr0bDg94g7rZ7hlf1ACKMDw
wd6alKZHQQFrp7mB5HA5iQEEeMKp64Sp
6QtLNbzStHXl4nfymwdyKn9VZs8vyaHj
6Ayb6sCov2YysxfvPinNf1WTwqNeNBvd
7FqOR5DPVJJrlgLO9Vx1ECHjt0jQGKGv
6IeYhruDNKuPfHFwVryigqtxzPJThtl1
wwpUfmvlB9TqdS95wKOF79wVxuiRk5zD
rkfSh2BB77JPuvj5NOHwDYXKrJ5XpHBP
COhMayDFCzgBQ70rlpww1xAtwmvMDI0A
Wk1MBIc5Jp1bBV77UdD4eIRwYwxbozAZ
KWIJ2EzzlrnmSTzonwHHirKJ9U8WxcwV
YuDXnhqsZyvvJQcrVjUt5kGSVtExFVu6
cN5OJh2i2sL9U93z7mNO5v48Xv8WakUN
vyvC9t74uifERTLQNCvWE7SMMQi2aqMr
F6RtfHWO5O0oKaSAgQ0lFnjt6d9QtTLM
vnMNqaAzYImxfh9sgsowxCvuacS6i8SC
AGeOhkWJgomgXLJMQHZelqtWK5RBD1RP
RxmpWtXrECrlphHUb6Plmfu4jf2IE9Z9
dpkgmlnvKSR4rNSCcxU7NVGCEH3Cjcfp
clLyZjG9Gphke15SOlI1NSa9MAvUfdcE
Z2RMf8q99Ln0eP13zGibB7EbR381UReg
8Whr8h7FjbV8WxnOXxud15xMIWi4EUjI
9eKKWKR6tVPoE9kb7fj1IDmK3eR5uctr
I06HsuVZT0AQeK0oiTHAVbh08stRXObp
Fgc6yuiePlmzsBBIv6PB7FcKuSnLrDDZ
kquQXLIp3bZZmTHbc635DBDh04pkTJzY
9uJs3mLRCA14tMcdFlj6bTVQ2OIvcn9K
ipiygb6X0ZM7qHW0acwkS5kDzqhAoZwB
h1qLCixNX7A9weCUf9B3nIJE3XEhgFVt
RbLjYzq4Z8wbeP2cJf5GGNXoYhrfipqi
KFSihbFaWC3GaavdzOG4bbqNW6DUrYM9
5OdW3rmkE4iztNPVVLCvx7SSmcwvLlEJ
7IpFXyNQlWeEIFMRzC0DLyLjM0zB3XMM
KlZIU1CXOWBi6t5AH9IRd8si2KqOlnDt
dZF2lWN5PP7tBJT3ajIXcSXrw7J2czpp
B1Z5J6lcfuXtSvRfuclhPiQ68kO6OrM3
tUh9hNlp4pjCmjo4zMW7vQBcyXAPZETl
yHVtTPtamSMBMe7IIB6LenJINEawMU4T
tOjaho6PrfpgPj4AEoviCNbTqesny9zw
O4CnTx5ncwz1pRT1k8qW0iESbMGPJltB
rvRElM4CLWR00gRyUOUGlJQTzuaQ6fPu
h0o2A6h4kNtE40507iwyOJFyLT7WqzI0
riPLMF0HI87IyqSbMFpQ7flvGJiOpXJU
IuWjRoTNauKlHZjGaFFBjv8Lgm6XKqI0
xWD8GZb3vZ6oXpBj3TlYeDZW8vJAD5Zk
32BjCKMQSuLNATamlzfgzSeiKmSPK4Tm
8D5l3PZjUmgsVCRY17AQJ9qULja8P3g7
stLUuGHvXO833QkMykWfDWeUjKzp9Wde
L5We6w4ZyUvgW1lUisx5r1iHgBFqMvAo
a24Jp30TWbGc4iFEQVa3iyJBQ4RMYdZ6
8Nzisjuv1zmu5mWF708Hyrcn1MVu0K7W
ULWCTK43B77C1k9gnXntLQph4taWm8FZ
5m7pdkqmqxFb2mcApP3xDBBEPHUqpTt7
OwwKPDbwwvNtVmjR9QToU2K6lVWCF2UL
W1LiinjG1thywuINHacbvrMd2GtkcJk0
dzUhVHKb30WZZyMoWV4t4ai1w8sOScEh
pu7zJIxbOOj0CcRJlOBnOVvuqmxGiOw9
EjzIYDZQ5eiMA2QkAiBHclny02MWTKTu
XhHaXw2Q3qzx4IZXSVtwrua2DPUuisJc
I9XCfFqkQuIQwO4y7iATvL0aptimxWnZ
MtReQta3EYThmEj7Pb2hhjJuAlMuwfRz
fXJ98d9eKHnzyNqaVFbEzIS6xSTIQ62t
heuoXcRYGhTFKYpOZPKS31ZtewMoeYiN
7C8X98zlOytIhBgT4VfbVuUl7ygJFZWi
nTTFwUmD3x0HtbcloSLy7wddxxbucYZh
ehl1cSc2RjLXRJkNq7T7Ir2Um3IuRiAb
0BsBs1qHobjLpXTVT2WTCo8HBXzg7Vuc
wDFQCl85Z1EZbF9E4PAkzt3W3G2IoBBV
1uakFMB3RlGvTLv6zZXKTpsaWW8dFuf5
qfQquJiN6QznU9us2tEFzn9sIASJhsDY
zrHonnTsMEGHeZzKf8uW9Glh1skVoVOk
kXDTzHlZeBE9Oq1CuRQLS1ooQ0ByvoHm
dSw0PGhOZbvERPJGVMRkGvDaTpizPq6R
tiZf9fA6YymA3qwX3A7U5kPzgWaoco07
yCBey41XgzcpaqDN1HHTNDog0uX0vF7L
6fCzsUvvz8YY2psxVjPw6HzEGOt6QrsY
a77lTTzFfiGA0U8poSekCOtbABwCrbbO
K4BV1BsYl1Ixosiku2arwFbcvrmcvava
TN5xtSX1lkJ9yhPTxQx4EYBukruDDzdT
JINGwnnOCRI5J3JSOainCNb2N8ZHIODF
dVjbM6N4G3sj0womFZ3rkqL4urtY69Fr
YMJnvO4k2Dh7OHrNb0OE0jegazAVujK4
hHwUPi1yxM1iYSpIjiSPg4KOLImMi87M
rbEvRSaP7cvjRpMuDvjXuyFW9ItnnzyY
WZ7eygTdde2TvHZ0vptX2osGHwyGaGkY
AI8j2XlDSGdgwjiPUDE4utNF8cRtc8su
WrgbSBD1NPnwyWFFTiuAaXegiAfKqlWd
hs7pftHvjJqLy9oaMb7yeRrmaBG6aq2u
tHRMkCGaIYkl7bUIgycyRYzWirQz6QDB
JL8u8wxSOhidjKUMZ3VI2GJIsspJvqxa
AH3NRno1GJunSi3XvJbHixFGbLnWXvYD
XYZdOjk22CqlGIOx4PpV074PzveOUkFd
YFuywAnRJrxqwEVRkEHBBXrLkDaVvCAF
DQFAw24rtWNLDeaX14L6q5TQkqphKQyG
7p968O0kPJnIYLFXQHSkXzu60r52C7hn
R5dcR5q0BDk62FkQCTgvTfx9Qa5L6dZI
K1OsqCsTQGEBuINe1zZN7bWf5BWarEmG
WXtY3pqjIC0Oi3veKSnuCFV5axqIBMFr
fQoRIc0hEfY31XOgM2T25c9oHVZoU00p
1Fm94KLbEJYqmZv3X61Bu8EX8ryYzMRG
vpWgsJMQdUA1lUK3qi9RvphKvt56XsBU
tGGvzbgrjcC4zhI1RYUZI0H4kUaiG9aR
RhqcB9Y85sCVWxlefQ3f6UdOWiA8i15y
KvYfIC3kANiptGnU5rqRzDh7bFTxGvTi
RHTjhhq4IsH8kcXBTLBMc00RJCGVC7Nc
M71Q6jQhsE6hSAQsaYhjf3X5m11K8ZU9
e8yHmCT9oaHyg3aicuCTnQuR9ONp1ru3
3nRjB4qLf2lCIbSk6Fybio0vu8Cc4nvb
DYL8AKsKup6vugJZCW8RM8ZrNfMLJiyl
s46t3N84mDVtZ07GYJCwXOOFqdOeZIzE
cypDOCxl86AEAuRECBOsB2Ov7gwwrArv
q9PdZq4CnMDRdvSp4EfS5eRNLitcwuqP
uhKvHfdzBihpss9uWWdBsEU1mY5hE1e9
CNGDqopJRpgJfM1Jf4OYuvZCLjAdSWZm
6mgLHMHp3ai8LidDcQiU1QWtEllcufHh
AhfmQgNEKBozHKBjBz3k4KY5pxgdlgyB
fIxko93VoV4WPQIGbnS9XYcUrpLF39MK
yUNGqg5SYtJBBYi5Y85c1birV4iVCHbn
zCgSNssUcAavUZGJaKQXbcBDxXbFicEl
Co7mbQFKudJRrYx5gLDRCkEBd3yVTjcZ
GAkdzrW6aXuLJRkmpYnoiRJLxmUoJ2aV
xwmiyErv4aE9VhMlbHMztyIoaOQnWsHT
i739xwZnDAwjH4v5b6c4OyueVitinmHv
eJ8RItiHUiGZ4CN2oGtCY9UID8tFZIxF
kQpAds4Ta0y9W8wOVRI0sGsJTMEhyzKI
VdsVv3qZU9ZDnk2B10NfKOIu8AFdru3B
st8YvZ1oKyHgRFxkFlbtG7wezDoVCfHT
5c6BcFGBqMWBKCTkkTEdMGA4x6p3dEmf
LzITC8w0EToYGh1VbKWkUzzD0fnXpkPv
ADMBJX1SdZ6kxekROkH9SrvvpOUCsNwG
ttYjbeqxfb1rQwQOO75wk0yvSihadCq0
Gt6h3I13FwUXYQUzUdMIrN8tuQ3ZgTIg
a1kK6Pz3T5Eb4tVFU1mtj2cT7n9e3tzZ
6gmocGLcP0Sid82z7jSkXiolaxdGFUpV
i7vuTEJoS1Dn3As9krXhKqA2xyNzEvTg
ywrxzbDy4rl5vQkzQdCyB8g94xhN2Bfz
KK3mMg8SbvSbzwOqzPcyRgJCgOmnGcf1
na8YL270RDugQbugAe7qAQTow5Nm5KRy
i3sscIB3Q5kaGctpWtem1UMqweqYW2mb
PFtKdgyTfmUgxoTiUOROWstUJThcBo20
JPZQJKeo25ipergu5JjmwtAkvo0MZohZ
nIRKxjK0DD1BBiIcmSBVmRxblqAZbSBB
hFtuu5LHXVcKT67lkyYbcv5IqqsCpXWw
kkOzNxLN37s5mToaiBI48gb5Q2s4o3Y8
Ab7XiSoJ667Jj2mC8JXKNpNdhMPOFtSZ
JLGDDK5rrNbGdC278WXlINGtuh6jjYlq
er74bFeLTEGo0zJ7raKOA7I5sGECgUnG
hEhWVgjz5KBkYmf0zW80znXPmTlbPqYc
ODRecfIHuI0hQIUQ93u7EEVUWGaH6F6r
CXqk9Lol4PxsblogLc1hrdrZcqykhCm6
QLhvd5NGbThS3OSCEaJLk5R1UxlLZ84t
b2tHJCHbfrEHmoelxRplrV6sP4QQg5Bl
uOTvkmAYRvbe7NMcxdkddh5YycakqVjP
rP6MuXDrEa6Zbv9jaglFIXGPVYUhziqC
m6Z7CjzMu5qusZNFSnY60oVH0MjDCaTs
2Z0rZWXallQ8PGPjyp7ctD1VIT1T7HyK
rtrGQsM5vJZq1XjP3yq6BWcx2GhNRVp5
9Sveolg20LxD29pJqQJHjAmU9tJlyMnw
OySnrlJt49N2P7WaRVcoim69yJj4W12a
onb75XpzK7HFZayOHFCoIRfHVXm0joeI
594rMjAPMRyXAAYOZ38tWIQZ0D8bpG6K
Ed93YquCkGkJ6FLTBJkwTW50NBFrVEuL
Wk5DbAdthVA7aZgwcJICdEM03sTQQhY0
WO8Dv5GoT77hmbFFxUymVtH1kKLqB2FG
zMtvvUzRwmQvLEFwsrjcN89ISWk5a4LQ
9zhnAyZGw9EaFp8s8v7xxIxdfpo9O2sn
E3g6EXECgof33KnInWEmGT1Ojr8wq9GT
hbddBkDfiHM9QMeNnUxVrLST74LZ65do
Kza82NBH5dcKSIhl9XPvsZSyU7c294Xg
OsaCOPbCdSLXSqzP2HQy42g3ZiQC4t1y
8v4EwFoAGjx14piCLrcdMakcbOhXS1nE
AsB88mosKPKO1m7fjUqMW9PESQgRUFok
dUNmjmhpamk5zzgmg77YH5EHmjlZeAVc
IyNVlIeaSFjLWyKcuSXw61KzFQ2NMsIg
omby4YFRuw2NLETRWDW0pefQOyCYYU64
ON1VQoSSHyxADZOOCEcG6CsLb6CVBfmw
ijK48uDtj9M3039TwJIh5AHhEtMolSQk
fgNStUIWaNElG7juQbZSKxHvRQXpn7Eo
GqC7m9RonpixL7Tvd08omCHexB2C2ile
mLxk9AjvJgHMB0HtPZoJlq5eWj9K5xGy
hLF8fWxdEu15MkY5sWeQtirCeGnBlPne
iqGyJfNZvGjaU1thkiPqIiJ3eYlYoojF
pFO3NpGbkP0zBX2sw2hLLLOsurYlEI9F
zCDtZOguagQ10QyGbqlahWBlXiK5ln7E
jQdkDRdqKM26bTmoPswYa3I4tYwLLGdC
g1r7s6WEBvFy0nGl7QCTWiKi8TpTVrLh
TChnqvBJXl6181UsiYU8EIyYQNf1cVyU
B764z6gT0Vjt3snfwIrdqVxYNkPR11Uw
B2O53CzHLCPEg1ZYw1LVIdrk1iUjbjod
AzSlWM24MU8CPcxkZehIlzy9a5UUhQ5q
H0HCuawNgY0XlVlvTaMKcm7bqvfmIJLR
xub4HU4OEGXOUK5yyz9lp1TsVrLeBuyd
4rVWrSn7P9R6AIX7PAZePaHp7gcBnfKv
q284eQN6JBhwLBTQirgF412sMHu8Mj6T
02ZoO5wHSue9iZngmohf5SBUKgGcYkTE
Hhwu54bHvOYWNiPGzCC5XGteGR5wynQx
NcwHUvW95JdprUO6bh2eNMZeuPU0dtkP
ooytZhJpGgsvtrxOewpClX6RjSaxjoJr
oXywN7TaRQZvQDlzI3iWm3ZcnQOl3gNE
lPLTXQXn1wKssD7Rxgs2qVXC49tQ0peR
FSWtfNdGfiI56edYAvl5UuwuLvot2Q5W
uUUP5z0mAQ2K9xDGdWFFnxvK3Pm1RqKU
8f6cK3l8ATzuqxUzoiWwjLqxwvh60IO6
LtgMpzHUqRkGegdZUngEvY9EMdyLU2rU
O0aCmxkLjGzH5qYxmtraWXn2ce580eZA
cWzlWKkB4NxzRbTxoDN5a7PefJY0RhSS
teaR1H1lJ7lspjTP00EgzYahhdmudXI3
DWENAIrGzbKwj0IasrS8RNl1VwYXpgk1
N8hXVh1W3t9VbN5h86WA792foBJN7hKQ
4IrTWiFbFd7Y8shnsNRC3ztyGMmLQto8
Mg7hjxSXnOZLk9otlYgh81d1eEFEBnme
I6RCqWkLFkYFOuxNcyySHyqVuNcunJlw
1mvZEFReFGYpArKSQA2JGyRn0W2ilMRu
bAckWpbQFrgWYvQ2bvx7ZYySkLRe5nGg
Qd1ZqD7GhQ8AOBnnaJSCM212bVKn6eho
ThCmHFEOhjDhOsRyfLnE3oiieGs46dKz
lzSoHIvezx393lxWV0E9X87WT8OJsDcp
vVfcXn1vLOHXoBVFKm2FophM1MFyXhnn
Me92BPMnlm8IVeNmhTr8M408pjZKdrhP
0pH4nNf9IfzoFJ1WB4gAAIbMIpMS71aX
gEABw6blgHSShdySSlYhr7l5VA5HSJ1v
Yg6PHd8kVk8G7zGOXcZn1ey6z0ydaqHM
XvmtR26yazvzNEYwcrqU2CZb1UBeLrZH
Kk16k2tgOCR3OPkrxxxeVL2zqGY9xlxb
JXoQnJDTFZmF8EM3KjAMd8OE5LMKREUw
tGKlD3YcgUnQfv2jvUTZb7W93CfH5iI2
0RYkleRiJkSc0FJkLhCiZHSomL6rHpbL
StGmBE5u9UBkFO4MqdBc2lj9MI8BOmtn
RkMdrN4CPMcXvttAOSzBhLCkF7LARP54
j0Z0VJzyYQQOnNrw6To4gvF10nSPphSd
xCgEX32BEpE6DppRm40NsgynPYX4HVpJ
mekob2ygU0jQGNZ3j9Vgm3RXeHialX5O
ZXMovr2ENjYcugXqMTZMiU41skCC7Suy
V5zQ61WY0BhoDpjhbXX1BYzZq5dobD2R
0S0aIwmHxxOenEf1JaJBHQEPaMjl3ee8
IYhGs67sJ2ickXIiqIu9vJtwWu2bkSkg
Y8yC9mkUKrD6Vi1eXwKzx0nulao9MqQB
sJq2m3Xl1aJ9zPmmtaDZVNgMSmKgOF8d
lhvuvufGacuvtDGKzDVZaBptOc2II2p8
muitGgwgsbtClFPHmDmkQC7PaJ7WZlxS
hiJYdwt1lpTvoHD5AwwdvZMCAfjNBGk7
L8rCPAXZQalhEUP9TuVvOlIWvDfoJhe7
YgVTvsbibZDUwYUcNqMN4H7wanuXNOpC
8bzIoEsTzKIIsocZhBv4fORTRe4pyyZv
ojVD7s3OH4XiIVcpkwAbrDXVlCi9Elfg
Kl3C51VTMic5RlH0ocyKWisQUDMXRddk
fQSe95tKDtQIW7R1BSqfIhxrIdOf6FgH
EIZbBt9v76i8FNhQE8oS7XNCJqV3Scmb
LDporCfLVfERWS2CUo9BLVcVRhOES15O
fVVJ7byI1DQ4sNR1GyfwIwTjpSiZ5gJ6
0lSfZLNpRWinYOOGsgxOklTCFfMrZt4d
HHBsGH4owdvLCawqTGINCsJQiVZQUc4l
BO1Y9bZ3s1MDdviQyGnMddK7rJURxn5g
1H7G0ppClcm01LNjfcMZ6UwKIi0KEN4r
UzIbrH8zFPnD5rdb4H1AVXXgELPTungd
ytUPoZRM5sCPsbCjKlEQ08SzErKC8gcB
p7WfdTvDtPbCaUXScsdR77Fl9RwmzIBU
WMoeLYj4R2kknAURG1yeuuQypXDspJdk
XovXkzKHynQgeqzT5IVaaraMbRQbRvwz
aEhlNf9kjLGSQAjZbAtjVDerw9MnnJI9
YFM8GoSpZ4EWbQNN5Vsc8spi05c23bDn
Ld216JJAEcs54M1Jl1P8N60vwjBtV3Vx
MB1cDGnIIMIzULJ2aTjtu35xWwIhx5rV
uvV7ESKnRRawDTiwnpVVOx2mRGusnvsw
weCWP7V4adpsTlQLctaLRpChnrqeO4w2
uwzwGvRHAQAv2wigBNLHZ2NPdADJi6gO
Ji4D69wleTTGqkQkYp7AMINHjfDvHjoL